timestamp,open,high,low,close,volume
2025-07-23T18:00:00,161029000.0,161500000.0,161007000.0,161429000.0,22.53939478
2025-07-23T19:00:00,161486000.0,161500000.0,161213000.0,161495000.0,29.00868402
2025-07-23T20:00:00,161495000.0,161543000.0,160389000.0,160585000.0,72.9757597
2025-07-23T21:00:00,160590000.0,161031000.0,159967000.0,160729000.0,115.34875703
2025-07-23T22:00:00,160856000.0,162100000.0,160627000.0,161989000.0,135.61887331
2025-07-23T23:00:00,161990000.0,162386000.0,161635000.0,161990000.0,148.562382
2025-07-24T00:00:00,162000000.0,162888000.0,161444000.0,162779000.0,188.85669082
2025-07-24T01:00:00,162755000.0,162787000.0,162008000.0,162360000.0,88.80784516
2025-07-24T02:00:00,162360000.0,162409000.0,161908000.0,162216000.0,41.7814916
2025-07-24T03:00:00,162216000.0,162500000.0,161664000.0,161667000.0,50.82804982
2025-07-24T04:00:00,161667000.0,161795000.0,160220000.0,160431000.0,163.99732165
2025-07-24T05:00:00,160431000.0,160510000.0,159500000.0,159700000.0,325.17639578
2025-07-24T06:00:00,159700000.0,160050000.0,159222000.0,159282000.0,229.03301821
2025-07-24T07:00:00,159282000.0,160719000.0,159000000.0,160694000.0,176.96191318
2025-07-24T08:00:00,160711000.0,161220000.0,160309000.0,161137000.0,106.90857512
2025-07-24T09:00:00,161137000.0,161236000.0,160250000.0,160593000.0,71.50423208
2025-07-24T10:00:00,160592000.0,160838000.0,160000000.0,160502000.0,57.05933534
2025-07-24T11:00:00,160500000.0,161276000.0,160493000.0,161198000.0,76.97063518
2025-07-24T12:00:00,161198000.0,161260000.0,160500000.0,160777000.0,57.19629503
2025-07-24T13:00:00,160776000.0,161161000.0,160619000.0,160681000.0,47.85322102
2025-07-24T14:00:00,160758000.0,161800000.0,160358000.0,161714000.0,85.18948437
2025-07-24T15:00:00,161796000.0,162098000.0,160988000.0,161674000.0,145.264923
2025-07-24T16:00:00,161693000.0,161870000.0,160909000.0,161102000.0,32.85332758
2025-07-24T17:00:00,161102000.0,161855000.0,161102000.0,161602000.0,30.0993552
2025-07-24T18:00:00,161788000.0,161855000.0,161380000.0,161423000.0,22.80637219
2025-07-24T19:00:00,161423000.0,161742000.0,161361000.0,161407000.0,15.38511137
2025-07-24T20:00:00,161407000.0,161605000.0,161319000.0,161430000.0,16.66035647
2025-07-24T21:00:00,161414000.0,161498000.0,161160000.0,161306000.0,23.96897367
2025-07-24T22:00:00,161306000.0,161385000.0,160900000.0,160963000.0,40.36946385
2025-07-24T23:00:00,160999000.0,161288000.0,160874000.0,160928000.0,56.00352875
2025-07-25T00:00:00,160938000.0,161239000.0,160113000.0,160335000.0,106.0555333
2025-07-25T01:00:00,160338000.0,160601000.0,160000000.0,160287000.0,94.91926103
2025-07-25T02:00:00,160230000.0,160343000.0,159400000.0,159400000.0,207.47627741
2025-07-25T03:00:00,159399000.0,159663000.0,158099000.0,158436000.0,477.80684449
2025-07-25T04:00:00,158455000.0,159249000.0,157746000.0,159191000.0,344.76748629
2025-07-25T05:00:00,159155000.0,159191000.0,158010000.0,158314000.0,148.05941166
2025-07-25T06:00:00,158251000.0,158507000.0,158056000.0,158374000.0,89.6955677
2025-07-25T07:00:00,158374000.0,159123000.0,157799000.0,158499000.0,130.90622088
2025-07-25T08:00:00,158499000.0,158903000.0,157900000.0,157988000.0,126.73347323
2025-07-25T09:00:00,157996000.0,158854000.0,157790000.0,158824000.0,132.25094723
2025-07-25T10:00:00,158824000.0,159224000.0,158690000.0,159126000.0,96.77286429
2025-07-25T11:00:00,159126000.0,159693000.0,159125000.0,159451000.0,66.62431426
2025-07-25T12:00:00,159451000.0,159507000.0,158800000.0,158845000.0,62.28726996
2025-07-25T13:00:00,158845000.0,159408000.0,158304000.0,158901000.0,85.89982704
2025-07-25T14:00:00,158986000.0,159100000.0,158000000.0,158001000.0,113.64538555
2025-07-25T15:00:00,158000000.0,159173000.0,158000000.0,159153000.0,69.56851554
2025-07-25T16:00:00,159091000.0,159439000.0,158801000.0,159439000.0,41.46181139
2025-07-25T17:00:00,159439000.0,159568000.0,159067000.0,159206000.0,22.31628279
2025-07-25T18:00:00,159206000.0,159505000.0,159084000.0,159494000.0,17.15790308
2025-07-25T19:00:00,159495000.0,160000000.0,159407000.0,159709000.0,34.96070405
2025-07-25T20:00:00,159707000.0,160300000.0,159407000.0,159873000.0,51.84664611
2025-07-25T21:00:00,159911000.0,160268000.0,159627000.0,159884000.0,60.67585809
2025-07-25T22:00:00,159884000.0,160000000.0,159840000.0,159873000.0,26.56226758
2025-07-25T23:00:00,159874000.0,160244000.0,159844000.0,160217000.0,52.83534872
2025-07-26T00:00:00,160225000.0,160349000.0,159873000.0,160074000.0,60.26584863
2025-07-26T01:00:00,160086000.0,160280000.0,159600000.0,159675000.0,40.01789133
2025-07-26T02:00:00,159675000.0,160449000.0,159602000.0,160000000.0,51.25074511
2025-07-26T03:00:00,160060000.0,160309000.0,160011000.0,160280000.0,38.21762672
2025-07-26T04:00:00,160280000.0,160280000.0,159927000.0,160097000.0,28.50773145
2025-07-26T05:00:00,160097000.0,160102000.0,159950000.0,160069000.0,20.55102237
2025-07-26T06:00:00,160069000.0,160071000.0,159929000.0,159929000.0,23.39152674
2025-07-26T07:00:00,159929000.0,160027000.0,159858000.0,159900000.0,27.94865079
2025-07-26T08:00:00,159902000.0,160163000.0,159886000.0,160158000.0,27.47376472
2025-07-26T09:00:00,160158000.0,160400000.0,160040000.0,160399000.0,50.44620483
2025-07-26T10:00:00,160395000.0,161220000.0,160395000.0,160893000.0,118.97085009
2025-07-26T11:00:00,160893000.0,160984000.0,160568000.0,160598000.0,45.45580766
2025-07-26T12:00:00,160598000.0,160900000.0,160579000.0,160894000.0,33.25574525
2025-07-26T13:00:00,160833000.0,161200000.0,160833000.0,161064000.0,54.87769645
2025-07-26T14:00:00,161064000.0,161196000.0,160815000.0,160911000.0,34.76080443
2025-07-26T15:00:00,160911000.0,160995000.0,160600000.0,160989000.0,28.02621254
2025-07-26T16:00:00,160989000.0,160999000.0,160805000.0,160956000.0,14.77806248
2025-07-26T17:00:00,160956000.0,160960000.0,160807000.0,160899000.0,11.35506906
2025-07-26T18:00:00,160899000.0,160985000.0,160834000.0,160982000.0,5.05574633
2025-07-26T19:00:00,160918000.0,161068000.0,160832000.0,161052000.0,14.40675828
2025-07-26T20:00:00,161050000.0,161068000.0,160719000.0,160777000.0,12.50486543
2025-07-26T21:00:00,160760000.0,160924000.0,160751000.0,160887000.0,8.66675493
2025-07-26T22:00:00,160836000.0,160992000.0,160810000.0,160850000.0,22.20246906
2025-07-26T23:00:00,160850000.0,160992000.0,160848000.0,160900000.0,16.89002406
2025-07-27T00:00:00,160900000.0,161141000.0,160858000.0,161062000.0,36.55943849
2025-07-27T01:00:00,161062000.0,161147000.0,161000000.0,161136000.0,29.89463039
2025-07-27T02:00:00,161136000.0,161225000.0,161037000.0,161225000.0,41.86014386
2025-07-27T03:00:00,161225000.0,161250000.0,161042000.0,161185000.0,24.6638268
2025-07-27T04:00:00,161185000.0,161220000.0,161049000.0,161061000.0,23.74191024
2025-07-27T05:00:00,161061000.0,161219000.0,161053000.0,161215000.0,43.23891347
2025-07-27T06:00:00,161202000.0,161510000.0,161181000.0,161410000.0,72.3193935
2025-07-27T07:00:00,161409000.0,161482000.0,161255000.0,161319000.0,30.92689041
2025-07-27T08:00:00,161260000.0,161320000.0,161053000.0,161122000.0,21.18604255
2025-07-27T09:00:00,161122000.0,161150000.0,161032000.0,161086000.0,21.57476596
2025-07-27T10:00:00,161086000.0,161320000.0,161040000.0,161256000.0,30.50329733
2025-07-27T11:00:00,161255000.0,161278000.0,161040000.0,161155000.0,31.95558688
2025-07-27T12:00:00,161155000.0,161216000.0,161016000.0,161200000.0,45.40413809
2025-07-27T13:00:00,161200000.0,161289000.0,161186000.0,161261000.0,37.42892406
2025-07-27T14:00:00,161281000.0,161700000.0,161215000.0,161630000.0,64.06568553
2025-07-27T15:00:00,161650000.0,161888000.0,161502000.0,161880000.0,46.76091154
2025-07-27T16:00:00,161880000.0,162695000.0,161818000.0,162262000.0,163.49684158
2025-07-27T17:00:00,162116000.0,162584000.0,162000000.0,162445000.0,41.08689502
2025-07-27T18:00:00,162401000.0,162700000.0,161919000.0,161985000.0,36.38119898
2025-07-27T19:00:00,161963000.0,162177000.0,161882000.0,162022000.0,16.89531371
2025-07-27T20:00:00,162070000.0,162275000.0,161715000.0,161769000.0,18.92538173
2025-07-27T21:00:00,161768000.0,162499000.0,161763000.0,162450000.0,33.67347429
2025-07-27T22:00:00,162455000.0,162800000.0,162420000.0,162422000.0,82.49696994
2025-07-27T23:00:00,162420000.0,162760000.0,162284000.0,162717000.0,62.78487841
2025-07-28T00:00:00,162548000.0,162985000.0,162418000.0,162603000.0,139.0441954
2025-07-28T01:00:00,162501000.0,162699000.0,162220000.0,162245000.0,72.04370006
2025-07-28T02:00:00,162244000.0,162835000.0,162217000.0,162375000.0,78.58958705
2025-07-28T03:00:00,162375000.0,162560000.0,162264000.0,162271000.0,45.13503518
2025-07-28T04:00:00,162274000.0,162439000.0,162150000.0,162260000.0,38.64099338
2025-07-28T05:00:00,162259000.0,162420000.0,162151000.0,162320000.0,89.14870742
2025-07-28T06:00:00,162321000.0,162436000.0,162301000.0,162390000.0,40.25861533
2025-07-28T07:00:00,162391000.0,162391000.0,161868000.0,162133000.0,91.34738786
2025-07-28T08:00:00,162138000.0,162400000.0,161941000.0,162397000.0,59.99996591
2025-07-28T09:00:00,162394000.0,162438000.0,162070000.0,162194000.0,38.0691414
2025-07-28T10:00:00,162246000.0,162439000.0,162080000.0,162250000.0,40.0239961
2025-07-28T11:00:00,162250000.0,162398000.0,161936000.0,162294000.0,44.68028857
2025-07-28T12:00:00,162294000.0,162597000.0,162288000.0,162380000.0,56.43570248
2025-07-28T13:00:00,162373000.0,162500000.0,161661000.0,161862000.0,114.83970934
2025-07-28T14:00:00,161889000.0,162161000.0,161500000.0,161543000.0,96.71471727
2025-07-28T15:00:00,161543000.0,162215000.0,161501000.0,161987000.0,44.16798966
2025-07-28T16:00:00,161869000.0,162150000.0,161693000.0,161799000.0,22.29800564
2025-07-28T17:00:00,161909000.0,161909000.0,161398000.0,161591000.0,32.8245723
2025-07-28T18:00:00,161591000.0,161943000.0,161391000.0,161896000.0,23.20736486
2025-07-28T19:00:00,161896000.0,162369000.0,161676000.0,162250000.0,20.97821683
2025-07-28T20:00:00,162250000.0,162451000.0,161652000.0,162446000.0,36.84694779
2025-07-28T21:00:00,162444000.0,162800000.0,162205000.0,162609000.0,90.44805313
2025-07-28T22:00:00,162609000.0,162840000.0,162364000.0,162488000.0,87.95018189
2025-07-28T23:00:00,162459000.0,162632000.0,162321000.0,162483000.0,57.90630313
2025-07-29T00:00:00,162483000.0,162973000.0,162034000.0,162629000.0,107.03234184
2025-07-29T01:00:00,162619000.0,162800000.0,162400000.0,162411000.0,47.89848486
2025-07-29T02:00:00,162400000.0,162793000.0,162101000.0,162792000.0,52.80535325
2025-07-29T03:00:00,162793000.0,163550000.0,162702000.0,163517000.0,179.74598521
2025-07-29T04:00:00,163515000.0,163712000.0,163156000.0,163239000.0,101.7860362
2025-07-29T05:00:00,163239000.0,163600000.0,163210000.0,163570000.0,63.12279797
2025-07-29T06:00:00,163570000.0,163799000.0,163383000.0,163432000.0,78.51043143
2025-07-29T07:00:00,163432000.0,163800000.0,163321000.0,163401000.0,53.19239204
2025-07-29T08:00:00,163401000.0,163800000.0,163378000.0,163660000.0,89.23948308
2025-07-29T09:00:00,163660000.0,163757000.0,163224000.0,163419000.0,112.9714271
2025-07-29T10:00:00,163417000.0,163480000.0,162890000.0,162960000.0,49.52938114
2025-07-29T11:00:00,162891000.0,163330000.0,162866000.0,163311000.0,46.88100598
2025-07-29T12:00:00,163311000.0,163790000.0,163102000.0,163572000.0,65.27977421
2025-07-29T13:00:00,163509000.0,163686000.0,163195000.0,163315000.0,50.43210928
2025-07-29T14:00:00,163316000.0,163395000.0,162700000.0,162727000.0,79.61605822
2025-07-29T15:00:00,162710000.0,162941000.0,162250000.0,162344000.0,68.5904731
2025-07-29T16:00:00,162344000.0,162944000.0,162095000.0,162834000.0,52.96874606
2025-07-29T17:00:00,162756000.0,163110000.0,162500000.0,162695000.0,23.60905702
2025-07-29T18:00:00,162695000.0,162696000.0,162361000.0,162466000.0,14.95483658
2025-07-29T19:00:00,162361000.0,162790000.0,162280000.0,162500000.0,15.39707082
2025-07-29T20:00:00,162500000.0,163083000.0,162155000.0,162739000.0,34.1049663
2025-07-29T21:00:00,162739000.0,163000000.0,162366000.0,162999000.0,30.53891012
2025-07-29T22:00:00,162989000.0,163325000.0,162826000.0,163290000.0,34.2354352
2025-07-29T23:00:00,163290000.0,163337000.0,163002000.0,163158000.0,35.09176673
2025-07-30T00:00:00,163248000.0,163261000.0,162306000.0,162738000.0,86.81499345
2025-07-30T01:00:00,162736000.0,162878000.0,162248000.0,162663000.0,52.85157233
2025-07-30T02:00:00,162661000.0,163000000.0,162560000.0,162822000.0,30.34953825
2025-07-30T03:00:00,162822000.0,162998000.0,162773000.0,162839000.0,27.51596653
2025-07-30T04:00:00,162839000.0,162896000.0,162607000.0,162611000.0,33.8328305
2025-07-30T05:00:00,162611000.0,162800000.0,162502000.0,162798000.0,40.05519246
2025-07-30T06:00:00,162765000.0,162998000.0,162671000.0,162954000.0,36.26619116
2025-07-30T07:00:00,162954000.0,162996000.0,162820000.0,162885000.0,35.26107102
2025-07-30T08:00:00,162885000.0,163205000.0,162730000.0,163100000.0,41.85000544
2025-07-30T09:00:00,163100000.0,163428000.0,163029000.0,163428000.0,54.21376539
2025-07-30T10:00:00,163428000.0,163600000.0,163291000.0,163340000.0,61.89566247
2025-07-30T11:00:00,163404000.0,163497000.0,162638000.0,162699000.0,90.52495892
2025-07-30T12:00:00,162699000.0,163105000.0,162668000.0,163050000.0,56.67368203
2025-07-30T13:00:00,163050000.0,163213000.0,162801000.0,162934000.0,44.26184251
2025-07-30T14:00:00,162932000.0,163700000.0,162833000.0,163598000.0,65.97108277
2025-07-30T15:00:00,163598000.0,163708000.0,162990000.0,163075000.0,61.14287875
2025-07-30T16:00:00,163073000.0,163073000.0,162800000.0,162834000.0,24.15751616
2025-07-30T17:00:00,162834000.0,163076000.0,162747000.0,162747000.0,26.40362107
2025-07-30T18:00:00,162747000.0,162967000.0,162000000.0,162072000.0,114.69293188
2025-07-30T19:00:00,162072000.0,162782000.0,161800000.0,162651000.0,111.72092348
2025-07-30T20:00:00,162651000.0,162879000.0,162360000.0,162516000.0,18.615522
2025-07-30T21:00:00,162516000.0,162829000.0,162379000.0,162806000.0,22.90844599
2025-07-30T22:00:00,162806000.0,163118000.0,162708000.0,163062000.0,31.18186953
2025-07-30T23:00:00,163062000.0,163141000.0,162798000.0,163118000.0,39.9246685
2025-07-31T00:00:00,163118000.0,163627000.0,163011000.0,163428000.0,84.2813731
2025-07-31T01:00:00,163428000.0,163499000.0,163025000.0,163039000.0,39.12738493
2025-07-31T02:00:00,163038000.0,163508000.0,162916000.0,163453000.0,47.42470329
2025-07-31T03:00:00,163452000.0,163541000.0,163408000.0,163500000.0,54.52783823
2025-07-31T04:00:00,163500000.0,163550000.0,163300000.0,163399000.0,33.79838153
2025-07-31T05:00:00,163399000.0,163400000.0,163058000.0,163058000.0,34.80549509
2025-07-31T06:00:00,163058000.0,163487000.0,163057000.0,163454000.0,41.09354785
2025-07-31T07:00:00,163455000.0,163600000.0,163274000.0,163419000.0,53.71863652
2025-07-31T08:00:00,163420000.0,163550000.0,163308000.0,163384000.0,23.76016245
2025-07-31T09:00:00,163400000.0,163487000.0,163306000.0,163460000.0,17.29620724
2025-07-31T10:00:00,163473000.0,163598000.0,163364000.0,163454000.0,19.39868382
2025-07-31T11:00:00,163454000.0,163545000.0,163251000.0,163378000.0,29.50484927
2025-07-31T12:00:00,163321000.0,163600000.0,163313000.0,163600000.0,55.09243886
2025-07-31T13:00:00,163600000.0,163990000.0,163000000.0,163990000.0,167.30011467
2025-07-31T14:00:00,163963000.0,163993000.0,163381000.0,163525000.0,74.05517075
2025-07-31T15:00:00,163525000.0,163997000.0,163500000.0,163996000.0,62.15460479
2025-07-31T16:00:00,163996000.0,164300000.0,163850000.0,163997000.0,70.05899765
2025-07-31T17:00:00,163996000.0,164068000.0,163400000.0,163415000.0,24.94255207
2025-07-31T18:00:00,163415000.0,163903000.0,163260000.0,163560000.0,26.42704509
2025-07-31T19:00:00,163460000.0,163560000.0,162950000.0,162955000.0,54.66905219
2025-07-31T20:00:00,162955000.0,163301000.0,162750000.0,162755000.0,65.12064327
2025-07-31T21:00:00,162755000.0,163100000.0,162500000.0,162799000.0,77.21904773
2025-07-31T22:00:00,162799000.0,162800000.0,162101000.0,162101000.0,111.03519033
2025-07-31T23:00:00,162101000.0,162550000.0,161138000.0,161398000.0,194.17534807
2025-08-01T00:00:00,161400000.0,161470000.0,158825000.0,160265000.0,585.2348488
2025-08-01T01:00:00,160265000.0,160550000.0,159500000.0,160493000.0,265.99315694
2025-08-01T02:00:00,160499000.0,161700000.0,160492000.0,161700000.0,127.79905117
2025-08-01T03:00:00,161700000.0,161770000.0,160899000.0,160913000.0,85.17911986
2025-08-01T04:00:00,160951000.0,161162000.0,160300000.0,161118000.0,84.06886367
2025-08-01T05:00:00,161117000.0,161369000.0,160799000.0,160900000.0,50.63463966
2025-08-01T06:00:00,160899000.0,161000000.0,160280000.0,160429000.0,64.65828819
2025-08-01T07:00:00,160609000.0,160692000.0,159961000.0,160308000.0,94.03240374
2025-08-01T08:00:00,160307000.0,160485000.0,159523000.0,160004000.0,124.20801003
2025-08-01T09:00:00,160004000.0,160840000.0,159981000.0,160391000.0,69.87693973
2025-08-01T10:00:00,160390000.0,160400000.0,159900000.0,159902000.0,54.96746761
2025-08-01T11:00:00,159901000.0,160480000.0,159787000.0,160360000.0,61.72201968
2025-08-01T12:00:00,160361000.0,161012000.0,160261000.0,160776000.0,70.39478824
2025-08-01T13:00:00,160797000.0,160954000.0,159205000.0,159399000.0,154.88654615
2025-08-01T14:00:00,159399000.0,160400000.0,159001000.0,160153000.0,134.19858052
2025-08-01T15:00:00,160153000.0,160256000.0,159250000.0,160055000.0,73.60887919
2025-08-01T16:00:00,160054000.0,160302000.0,159445000.0,159639000.0,37.9547178
2025-08-01T17:00:00,159640000.0,159833000.0,159200000.0,159205000.0,32.98529208
2025-08-01T18:00:00,159205000.0,159755000.0,158700000.0,158739000.0,121.6496992
2025-08-01T19:00:00,158739000.0,159027000.0,158139000.0,158260000.0,140.05608228
2025-08-01T20:00:00,158273000.0,159051000.0,158139000.0,159047000.0,89.83406421
2025-08-01T21:00:00,159047000.0,159294000.0,158809000.0,159020000.0,61.23334614
2025-08-01T22:00:00,159020000.0,159020000.0,158111000.0,158360000.0,170.36086762
2025-08-01T23:00:00,158360000.0,158588000.0,158100000.0,158102000.0,108.9620453
2025-08-02T00:00:00,158101000.0,159269000.0,158000000.0,159200000.0,167.65919592
2025-08-02T01:00:00,159200000.0,159286000.0,158711000.0,158902000.0,81.01145709
2025-08-02T02:00:00,158965000.0,159286000.0,158900000.0,159053000.0,37.08800697
2025-08-02T03:00:00,159054000.0,159362000.0,158991000.0,159095000.0,39.05169693
2025-08-02T04:00:00,159095000.0,159298000.0,158977000.0,159165000.0,37.75875614
2025-08-02T05:00:00,159134000.0,159167000.0,158792000.0,158869000.0,37.82839414
2025-08-02T06:00:00,158869000.0,158975000.0,158200000.0,158751000.0,87.58723143
2025-08-02T07:00:00,158871000.0,159100000.0,158649000.0,159086000.0,51.66851806
2025-08-02T08:00:00,159086000.0,159097000.0,158695000.0,158744000.0,28.07241252
2025-08-02T09:00:00,158743000.0,159000000.0,158584000.0,158690000.0,23.47915656
2025-08-02T10:00:00,158690000.0,158849000.0,158567000.0,158731000.0,25.12788096
2025-08-02T11:00:00,158731000.0,159066000.0,158650000.0,158869000.0,31.4853078
2025-08-02T12:00:00,158945000.0,159099000.0,158869000.0,159000000.0,35.68759515
2025-08-02T13:00:00,158944000.0,159000000.0,158600000.0,158770000.0,31.49670358
2025-08-02T14:00:00,158770000.0,158904000.0,158603000.0,158785000.0,47.16139875
2025-08-02T15:00:00,158785000.0,159080000.0,158425000.0,158425000.0,54.69969559
2025-08-02T16:00:00,158425000.0,158859000.0,158300000.0,158714000.0,54.48652956
2025-08-02T17:00:00,158846000.0,159071000.0,158300000.0,158366000.0,20.24922491
2025-08-02T18:00:00,158400000.0,158684000.0,158110000.0,158161000.0,53.57804124
2025-08-02T19:00:00,158331000.0,158674000.0,158000000.0,158000000.0,64.98399705
2025-08-02T20:00:00,158001000.0,158500000.0,158000000.0,158500000.0,56.77728954
2025-08-02T21:00:00,158500000.0,158671000.0,158130000.0,158330000.0,23.60347281
2025-08-02T22:00:00,158332000.0,158587000.0,158150000.0,158160000.0,35.09807162
2025-08-02T23:00:00,158159000.0,158160000.0,157115000.0,157376000.0,196.60033989
2025-08-03T00:00:00,157376000.0,157808000.0,156715000.0,157745000.0,210.36425127
2025-08-03T01:00:00,157741000.0,158270000.0,157741000.0,158151000.0,82.55054111
2025-08-03T02:00:00,158153000.0,159000000.0,158100000.0,159000000.0,56.42468809
2025-08-03T03:00:00,158999000.0,159507000.0,158931000.0,159375000.0,70.43704594
2025-08-03T04:00:00,159375000.0,159382000.0,158625000.0,158799000.0,60.45441773
2025-08-03T05:00:00,158799000.0,159100000.0,158700000.0,158815000.0,38.50370387
2025-08-03T06:00:00,158815000.0,158843000.0,158511000.0,158566000.0,30.48460568
2025-08-03T07:00:00,158566000.0,159075000.0,158555000.0,159045000.0,34.68771009
2025-08-03T08:00:00,159047000.0,159350000.0,159000000.0,159200000.0,32.50966173
2025-08-03T09:00:00,159200000.0,159250000.0,159061000.0,159195000.0,19.34889899
2025-08-03T10:00:00,159196000.0,159670000.0,159195000.0,159668000.0,58.39911709
2025-08-03T11:00:00,159668000.0,160185000.0,159667000.0,159745000.0,92.34594092
2025-08-03T12:00:00,159745000.0,159932000.0,159194000.0,159775000.0,41.49462427
2025-08-03T13:00:00,159775000.0,159793000.0,159413000.0,159457000.0,33.17144533
2025-08-03T14:00:00,159489000.0,159764000.0,159100000.0,159326000.0,32.62601007
2025-08-03T15:00:00,159326000.0,159352000.0,159090000.0,159348000.0,22.52490796
2025-08-03T16:00:00,159348000.0,159446000.0,159126000.0,159409000.0,11.93256976
2025-08-03T17:00:00,159426000.0,159600000.0,159315000.0,159596000.0,9.8764669
2025-08-03T18:00:00,159528000.0,159950000.0,159495000.0,159904000.0,11.15976361
2025-08-03T19:00:00,159904000.0,160217000.0,159546000.0,159803000.0,37.30152931
2025-08-03T20:00:00,159667000.0,160106000.0,159655000.0,160106000.0,10.77560599
2025-08-03T21:00:00,160030000.0,160208000.0,159998000.0,160108000.0,23.17528884
2025-08-03T22:00:00,160106000.0,160248000.0,159750000.0,160145000.0,29.58212874
2025-08-03T23:00:00,160145000.0,160324000.0,160096000.0,160227000.0,53.9703733
2025-08-04T00:00:00,160208000.0,161400000.0,159900000.0,161287000.0,121.47991323
2025-08-04T01:00:00,161287000.0,161298000.0,160351000.0,160351000.0,75.70938791
2025-08-04T02:00:00,160352000.0,160721000.0,160088000.0,160601000.0,59.69967056
2025-08-04T03:00:00,160601000.0,160697000.0,160210000.0,160228000.0,29.78906389
2025-08-04T04:00:00,160224000.0,160464000.0,160090000.0,160099000.0,31.8963981
2025-08-04T05:00:00,160099000.0,160100000.0,159610000.0,159888000.0,59.45362709
2025-08-04T06:00:00,159888000.0,160000000.0,159590000.0,159915000.0,31.11921235
2025-08-04T07:00:00,159914000.0,160467000.0,159890000.0,160332000.0,45.11966105
2025-08-04T08:00:00,160303000.0,160332000.0,159700000.0,159922000.0,33.3190618
2025-08-04T09:00:00,159963000.0,160158000.0,159703000.0,159704000.0,25.55416427
2025-08-04T10:00:00,159704000.0,159960000.0,159700000.0,159707000.0,24.57612988
2025-08-04T11:00:00,159707000.0,159912000.0,159630000.0,159907000.0,18.03507428
2025-08-04T12:00:00,159907000.0,159907000.0,159700000.0,159741000.0,21.00810382
2025-08-04T13:00:00,159741000.0,160410000.0,159500000.0,160353000.0,85.33463495
2025-08-04T14:00:00,160354000.0,160998000.0,160048000.0,160065000.0,124.56102991
2025-08-04T15:00:00,160107000.0,160546000.0,160065000.0,160410000.0,26.35038802
2025-08-04T16:00:00,160410000.0,160900000.0,160359000.0,160736000.0,36.86502853
2025-08-04T17:00:00,160783000.0,161100000.0,160467000.0,160496000.0,39.12791566
2025-08-04T18:00:00,160467000.0,160688000.0,160392000.0,160408000.0,11.25414364
2025-08-04T19:00:00,160408000.0,160700000.0,160204000.0,160298000.0,11.61500655
2025-08-04T20:00:00,160298000.0,160660000.0,160094000.0,160321000.0,23.55867158
2025-08-04T21:00:00,160321000.0,160833000.0,160270000.0,160719000.0,35.70157237
2025-08-04T22:00:00,160706000.0,160802000.0,160606000.0,160703000.0,40.56267411
2025-08-04T23:00:00,160703000.0,160745000.0,160326000.0,160332000.0,37.98668679
2025-08-05T00:00:00,160333000.0,160571000.0,160208000.0,160281000.0,56.37731292
2025-08-05T01:00:00,160359000.0,160477000.0,159900000.0,159906000.0,50.60836984
2025-08-05T02:00:00,159906000.0,160015000.0,159599000.0,159967000.0,67.11470164
2025-08-05T03:00:00,159967000.0,160014000.0,159384000.0,159407000.0,66.48471972
2025-08-05T04:00:00,159407000.0,159756000.0,159387000.0,159740000.0,50.65747498
2025-08-05T05:00:00,159739000.0,159972000.0,159576000.0,159972000.0,30.11539555
2025-08-05T06:00:00,159972000.0,160000000.0,159600000.0,159625000.0,29.92419983
2025-08-05T07:00:00,159625000.0,159846000.0,159375000.0,159488000.0,47.94161978
2025-08-05T08:00:00,159488000.0,159861000.0,159312000.0,159683000.0,39.00953001
2025-08-05T09:00:00,159684000.0,160100000.0,159602000.0,159995000.0,30.14464248
2025-08-05T10:00:00,159995000.0,160420000.0,159910000.0,160060000.0,40.60410724
2025-08-05T11:00:00,160060000.0,160168000.0,159910000.0,160000000.0,24.07869594
2025-08-05T12:00:00,160000000.0,160029000.0,158987000.0,159287000.0,102.67599686
2025-08-05T13:00:00,159366000.0,160015000.0,159265000.0,159872000.0,45.14905034
2025-08-05T14:00:00,159873000.0,159888000.0,158220000.0,158697000.0,178.26646698
2025-08-05T15:00:00,158695000.0,158911000.0,158206000.0,158446000.0,77.49653257
2025-08-05T16:00:00,158446000.0,158852000.0,158231000.0,158667000.0,25.76135623
2025-08-05T17:00:00,158667000.0,159004000.0,158645000.0,159004000.0,20.90535748
2025-08-05T18:00:00,159003000.0,159280000.0,158888000.0,159280000.0,11.49434036
2025-08-05T19:00:00,159281000.0,159554000.0,159062000.0,159398000.0,17.33667557
2025-08-05T20:00:00,159398000.0,159890000.0,159320000.0,159537000.0,25.79141068
2025-08-05T21:00:00,159537000.0,159704000.0,159300000.0,159450000.0,25.01353491
2025-08-05T22:00:00,159450000.0,159795000.0,159100000.0,159791000.0,36.09413127
2025-08-05T23:00:00,159791000.0,160135000.0,159787000.0,159999000.0,65.11820199
2025-08-06T00:00:00,159999000.0,160115000.0,159373000.0,159425000.0,57.41143733
2025-08-06T01:00:00,159439000.0,159513000.0,159100000.0,159295000.0,33.57665578
2025-08-06T02:00:00,159295000.0,159297000.0,159016000.0,159079000.0,29.3808901
2025-08-06T03:00:00,159079000.0,159147000.0,158900000.0,159054000.0,35.93403455
2025-08-06T04:00:00,159053000.0,159136000.0,158605000.0,158731000.0,50.58654266
2025-08-06T05:00:00,158731000.0,160000000.0,158729000.0,159749000.0,79.70926552
2025-08-06T06:00:00,159749000.0,159750000.0,159463000.0,159715000.0,31.12029016
2025-08-06T07:00:00,159715000.0,159930000.0,159594000.0,159665000.0,21.74225648
2025-08-06T08:00:00,159665000.0,159860000.0,159205000.0,159511000.0,23.80294803
2025-08-06T09:00:00,159511000.0,159929000.0,159421000.0,159639000.0,19.21049243
2025-08-06T10:00:00,159640000.0,159741000.0,159370000.0,159520000.0,19.48027513
2025-08-06T11:00:00,159538000.0,159842000.0,159510000.0,159681000.0,20.06764815
2025-08-06T12:00:00,159680000.0,159860000.0,159150000.0,159199000.0,32.87616274
2025-08-06T13:00:00,159199000.0,159800000.0,159010000.0,159576000.0,45.05704135
2025-08-06T14:00:00,159694000.0,160530000.0,159216000.0,160529000.0,88.49136757
2025-08-06T15:00:00,160529000.0,160864000.0,160267000.0,160848000.0,111.88523704
2025-08-06T16:00:00,160781000.0,160900000.0,160304000.0,160508000.0,45.71777046
2025-08-06T17:00:00,160507000.0,160850000.0,160427000.0,160721000.0,22.94416842
2025-08-06T18:00:00,160724000.0,160955000.0,160356000.0,160551000.0,28.27687716
2025-08-06T19:00:00,160677000.0,160677000.0,160073000.0,160373000.0,8.9715347
2025-08-06T20:00:00,160373000.0,160532000.0,160010000.0,160133000.0,11.74910189
2025-08-06T21:00:00,160133000.0,160398000.0,160010000.0,160107000.0,23.82700332
2025-08-06T22:00:00,160107000.0,160323000.0,160036000.0,160263000.0,21.05776108
2025-08-06T23:00:00,160263000.0,160326000.0,160000000.0,160000000.0,26.02615057
2025-08-07T00:00:00,160000000.0,160233000.0,159950000.0,160189000.0,31.02271631
2025-08-07T01:00:00,160188000.0,160500000.0,159786000.0,159981000.0,40.43435042
2025-08-07T02:00:00,159981000.0,160061000.0,159649000.0,159740000.0,22.09823154
2025-08-07T03:00:00,159717000.0,159923000.0,159693000.0,159799000.0,18.4363983
2025-08-07T04:00:00,159800000.0,159954000.0,159524000.0,159627000.0,31.50119804
2025-08-07T05:00:00,159627000.0,159766000.0,159567000.0,159719000.0,29.32790091
2025-08-07T06:00:00,159719000.0,159828000.0,159540000.0,159610000.0,45.68565566
2025-08-07T07:00:00,159636000.0,159779000.0,159609000.0,159741000.0,29.24480742
2025-08-07T08:00:00,159741000.0,160002000.0,159691000.0,159776000.0,35.07222875
2025-08-07T09:00:00,159800000.0,160000000.0,159776000.0,159954000.0,20.67274816
2025-08-07T10:00:00,159955000.0,161700000.0,159954000.0,161338000.0,266.70777423
2025-08-07T11:00:00,161337000.0,161579000.0,161230000.0,161290000.0,165.54489449
2025-08-07T12:00:00,161290000.0,161341000.0,160870000.0,161036000.0,104.24064925
2025-08-07T13:00:00,161035000.0,161450000.0,160901000.0,161413000.0,76.5064204
2025-08-07T14:00:00,161411000.0,161413000.0,160891000.0,161043000.0,59.82289552
2025-08-07T15:00:00,161005000.0,161455000.0,161001000.0,161450000.0,39.88236899
2025-08-07T16:00:00,161453000.0,161460000.0,160500000.0,161115000.0,39.60724001
2025-08-07T17:00:00,161095000.0,161400000.0,160945000.0,161225000.0,21.159112
2025-08-07T18:00:00,161277000.0,161300000.0,160872000.0,161250000.0,11.69632079
2025-08-07T19:00:00,161251000.0,162000000.0,161209000.0,161957000.0,90.6879744
2025-08-07T20:00:00,161914000.0,161991000.0,161426000.0,161469000.0,34.37788246
2025-08-07T21:00:00,161458000.0,161713000.0,161066000.0,161155000.0,68.84410468
2025-08-07T22:00:00,161160000.0,161967000.0,161100000.0,161959000.0,101.02428761
2025-08-07T23:00:00,161959000.0,161991000.0,161639000.0,161853000.0,90.01304626
2025-08-08T00:00:00,161853000.0,161994000.0,161400000.0,161480000.0,125.48664626
2025-08-08T01:00:00,161501000.0,161501000.0,160899000.0,160990000.0,113.91344315
2025-08-08T02:00:00,160904000.0,161000000.0,160624000.0,160624000.0,75.15037188
2025-08-08T03:00:00,160622000.0,161024000.0,160589000.0,160880000.0,95.23105331
2025-08-08T04:00:00,160880000.0,161200000.0,160746000.0,161001000.0,63.63892648
2025-08-08T05:00:00,161001000.0,161007000.0,160366000.0,160454000.0,78.31644772
2025-08-08T06:00:00,160454000.0,160782000.0,160380000.0,160666000.0,47.13080374
2025-08-08T07:00:00,160666000.0,160948000.0,160600000.0,160891000.0,41.93196648
2025-08-08T08:00:00,160839000.0,160890000.0,160444000.0,160635000.0,51.98947514
2025-08-08T09:00:00,160635000.0,160837000.0,160548000.0,160766000.0,26.23694375
2025-08-08T10:00:00,160768000.0,160775000.0,160500000.0,160632000.0,41.64814422
2025-08-08T11:00:00,160630000.0,160937000.0,160598000.0,160904000.0,29.93685444
2025-08-08T12:00:00,160904000.0,160990000.0,160650000.0,160691000.0,24.41836862
2025-08-08T13:00:00,160698000.0,160994000.0,160629000.0,160762000.0,64.41626118
2025-08-08T14:00:00,160820000.0,161084000.0,160600000.0,160601000.0,83.31788762
2025-08-08T15:00:00,160601000.0,160832000.0,160147000.0,160474000.0,86.78721564
2025-08-08T16:00:00,160480000.0,160542000.0,160010000.0,160166000.0,44.57849445
2025-08-08T17:00:00,160166000.0,160488000.0,160135000.0,160261000.0,32.00550368
2025-08-08T18:00:00,160261000.0,160543000.0,160010000.0,160103000.0,49.78333444
2025-08-08T19:00:00,160160000.0,160398000.0,160011000.0,160167000.0,36.8118764
2025-08-08T20:00:00,160165000.0,160653000.0,160008000.0,160602000.0,37.27032134
2025-08-08T21:00:00,160646000.0,160711000.0,160467000.0,160700000.0,30.46018514
2025-08-08T22:00:00,160701000.0,160703000.0,160461000.0,160507000.0,30.30173031
2025-08-08T23:00:00,160504000.0,160539000.0,160099000.0,160099000.0,48.10477896
2025-08-09T00:00:00,160099000.0,160600000.0,160007000.0,160400000.0,66.43820356
2025-08-09T01:00:00,160400000.0,160494000.0,160300000.0,160300000.0,36.24675244
2025-08-09T02:00:00,160300000.0,160300000.0,160200000.0,160247000.0,39.88585448
2025-08-09T03:00:00,160247000.0,160370000.0,160240000.0,160296000.0,31.18258652
2025-08-09T04:00:00,160295000.0,160500000.0,160256000.0,160259000.0,44.94232596
2025-08-09T05:00:00,160260000.0,160749000.0,160100000.0,160524000.0,136.81711173
2025-08-09T06:00:00,160524000.0,160531000.0,160317000.0,160435000.0,52.09159225
2025-08-09T07:00:00,160435000.0,160722000.0,160413000.0,160571000.0,42.89851384
2025-08-09T08:00:00,160571000.0,160800000.0,160462000.0,160752000.0,56.48680072
2025-08-09T09:00:00,160752000.0,161017000.0,160752000.0,160999000.0,87.02363972
2025-08-09T10:00:00,160999000.0,161547000.0,160950000.0,160960000.0,123.42794993
2025-08-09T11:00:00,160960000.0,161092000.0,160631000.0,160631000.0,56.38887984
2025-08-09T12:00:00,160631000.0,160923000.0,160549000.0,160599000.0,58.35463762
2025-08-09T13:00:00,160599000.0,160633000.0,160331000.0,160380000.0,61.00484899
2025-08-09T14:00:00,160375000.0,160630000.0,160168000.0,160499000.0,51.82327063
2025-08-09T15:00:00,160457000.0,160804000.0,160442000.0,160569000.0,40.77064455
2025-08-09T16:00:00,160569000.0,160700000.0,160360000.0,160361000.0,31.42347802
2025-08-09T17:00:00,160359000.0,160385000.0,160204000.0,160219000.0,28.43807365
2025-08-09T18:00:00,160219000.0,160349000.0,160150000.0,160175000.0,33.10430589
2025-08-09T19:00:00,160175000.0,160296000.0,160098000.0,160099000.0,46.42047176
2025-08-09T20:00:00,160098000.0,160483000.0,160007000.0,160288000.0,51.93097793
2025-08-09T21:00:00,160288000.0,160335000.0,160007000.0,160082000.0,54.98343071
2025-08-09T22:00:00,160082000.0,160272000.0,160050000.0,160191000.0,69.76021721
2025-08-09T23:00:00,160191000.0,160250000.0,160144000.0,160180000.0,97.39399365
2025-08-10T00:00:00,160180000.0,160800000.0,160132000.0,160792000.0,116.88731619
2025-08-10T01:00:00,160792000.0,160906000.0,160534000.0,160671000.0,121.16837218
2025-08-10T02:00:00,160671000.0,161297000.0,160647000.0,161262000.0,145.02938817
2025-08-10T03:00:00,161261000.0,162658000.0,161260000.0,162449000.0,410.72312017
2025-08-10T04:00:00,162404000.0,162870000.0,162200000.0,162400000.0,210.80102293
2025-08-10T05:00:00,162338000.0,162448000.0,161801000.0,162098000.0,86.71468205
2025-08-10T06:00:00,162060000.0,162317000.0,161649000.0,162133000.0,78.98724711
2025-08-10T07:00:00,162130000.0,162182000.0,161170000.0,161419000.0,124.35814125
2025-08-10T08:00:00,161418000.0,162202000.0,161055000.0,162107000.0,129.64059505
2025-08-10T09:00:00,162107000.0,162247000.0,161890000.0,162184000.0,59.63608369
2025-08-10T10:00:00,162184000.0,162213000.0,161800000.0,161984000.0,57.8414606
2025-08-10T11:00:00,161841000.0,162500000.0,161698000.0,162330000.0,80.91688756
2025-08-10T12:00:00,162328000.0,162683000.0,162103000.0,162366000.0,113.88230471
2025-08-10T13:00:00,162301000.0,162607000.0,162100000.0,162408000.0,66.5907692
2025-08-10T14:00:00,162402000.0,162683000.0,162153000.0,162571000.0,73.70062714
2025-08-10T15:00:00,162566000.0,162990000.0,162508000.0,162800000.0,79.5351237
2025-08-10T16:00:00,162799000.0,162936000.0,162630000.0,162630000.0,38.49379995
2025-08-10T17:00:00,162630000.0,162670000.0,162501000.0,162501000.0,13.0779719
2025-08-10T18:00:00,162501000.0,162599000.0,162352000.0,162498000.0,10.91383855
2025-08-10T19:00:00,162498000.0,162662000.0,162400000.0,162646000.0,12.47270155
2025-08-10T20:00:00,162645000.0,162824000.0,162172000.0,162493000.0,30.15689655
2025-08-10T21:00:00,162474000.0,162886000.0,162194000.0,162864000.0,30.37506511
2025-08-10T22:00:00,162863000.0,163270000.0,162860000.0,163270000.0,115.11870963
2025-08-10T23:00:00,163271000.0,163877000.0,163230000.0,163859000.0,136.20539363
2025-08-11T00:00:00,163860000.0,163987000.0,163400000.0,163543000.0,205.66135905
2025-08-11T01:00:00,163543000.0,164481000.0,163350000.0,164469000.0,163.53848366
2025-08-11T02:00:00,164456000.0,166800000.0,164456000.0,166797000.0,567.26150434
2025-08-11T03:00:00,166797000.0,166839000.0,165752000.0,166345000.0,300.50969616
2025-08-11T04:00:00,166292000.0,166811000.0,166000000.0,166810000.0,161.69241768
2025-08-11T05:00:00,166810000.0,167000000.0,166300000.0,166735000.0,166.55059494
2025-08-11T06:00:00,166734000.0,166989000.0,166692000.0,166975000.0,102.44358479
2025-08-11T07:00:00,166975000.0,166985000.0,166000000.0,166000000.0,140.10480095
2025-08-11T08:00:00,166000000.0,166358000.0,165365000.0,166099000.0,165.89998285
2025-08-11T09:00:00,166081000.0,166150000.0,165651000.0,165869000.0,81.18555096
2025-08-11T10:00:00,165742000.0,165874000.0,165333000.0,165539000.0,104.69005594
2025-08-11T11:00:00,165538000.0,165699000.0,164782000.0,165499000.0,161.84043991
2025-08-11T12:00:00,165499000.0,165639000.0,164336000.0,164371000.0,166.59774739
2025-08-11T13:00:00,164355000.0,165429000.0,164300000.0,165001000.0,132.51514384
2025-08-11T14:00:00,165000000.0,165523000.0,164892000.0,165457000.0,81.56045207
2025-08-11T15:00:00,165343000.0,165600000.0,165027000.0,165357000.0,55.74771104
2025-08-11T16:00:00,165357000.0,165559000.0,164859000.0,164908000.0,43.37488137
2025-08-11T17:00:00,164908000.0,165053000.0,164503000.0,164509000.0,21.8872685
2025-08-11T18:00:00,164509000.0,164970000.0,164320000.0,164775000.0,25.45404056
2025-08-11T19:00:00,164776000.0,164857000.0,163761000.0,164356000.0,71.37539821
2025-08-11T20:00:00,164356000.0,164458000.0,163688000.0,164117000.0,43.84483173
2025-08-11T21:00:00,164050000.0,164332000.0,163355000.0,164018000.0,103.41688648
2025-08-11T22:00:00,164010000.0,164441000.0,163503000.0,164440000.0,87.71382028
2025-08-11T23:00:00,164439000.0,164441000.0,164091000.0,164210000.0,63.75097798
2025-08-12T00:00:00,164210000.0,164616000.0,164002000.0,164611000.0,84.69226643
2025-08-12T01:00:00,164610000.0,164863000.0,164378000.0,164380000.0,67.81105963
2025-08-12T02:00:00,164378000.0,164496000.0,164115000.0,164140000.0,49.72972102
2025-08-12T03:00:00,164139000.0,164142000.0,163826000.0,163857000.0,60.44796345
2025-08-12T04:00:00,163888000.0,164060000.0,163826000.0,163891000.0,56.32154034
2025-08-12T05:00:00,163959000.0,163973000.0,163150000.0,163615000.0,112.68644473
2025-08-12T06:00:00,163615000.0,163990000.0,163599000.0,163750000.0,42.15343501
2025-08-12T07:00:00,163750000.0,164397000.0,163700000.0,163791000.0,163.38822914
2025-08-12T08:00:00,163792000.0,163874000.0,163412000.0,163472000.0,88.11540786
2025-08-12T09:00:00,163412000.0,163555000.0,163174000.0,163200000.0,65.30251545
2025-08-12T10:00:00,163200000.0,163550000.0,163000000.0,163355000.0,63.86037031
2025-08-12T11:00:00,163349000.0,163698000.0,163001000.0,163420000.0,54.69047834
2025-08-12T12:00:00,163420000.0,164499000.0,163050000.0,164497000.0,300.21216793
2025-08-12T13:00:00,164497000.0,164858000.0,163822000.0,164000000.0,197.92339864
2025-08-12T14:00:00,163999000.0,164500000.0,163910000.0,164296000.0,68.91778058
2025-08-12T15:00:00,164295000.0,164820000.0,164295000.0,164657000.0,85.17033944
2025-08-12T16:00:00,164657000.0,164990000.0,164161000.0,164185000.0,72.09474853
2025-08-12T17:00:00,164185000.0,164446000.0,163600000.0,163606000.0,73.28997937
2025-08-12T18:00:00,163609000.0,164480000.0,163606000.0,163646000.0,49.05297715
2025-08-12T19:00:00,163646000.0,164205000.0,163645000.0,163751000.0,51.8652237
2025-08-12T20:00:00,163804000.0,164316000.0,163595000.0,164245000.0,110.99191641
2025-08-12T21:00:00,164241000.0,164241000.0,163744000.0,163791000.0,108.6337225
2025-08-12T22:00:00,163791000.0,164000000.0,163500000.0,164000000.0,108.60892291
2025-08-12T23:00:00,164000000.0,164500000.0,163999000.0,164298000.0,102.790863
2025-08-13T00:00:00,164298000.0,164640000.0,164205000.0,164323000.0,114.6681571
2025-08-13T01:00:00,164323000.0,164327000.0,163488000.0,163760000.0,121.6233333
2025-08-13T02:00:00,163761000.0,164250000.0,163598000.0,164072000.0,71.34769573
2025-08-13T03:00:00,164072000.0,164079000.0,163769000.0,163798000.0,76.52302515
2025-08-13T04:00:00,163798000.0,164160000.0,163677000.0,163721000.0,83.78287471
2025-08-13T05:00:00,163721000.0,163999000.0,163353000.0,163421000.0,96.47734299
2025-08-13T06:00:00,163417000.0,163803000.0,163417000.0,163802000.0,47.90095998
2025-08-13T07:00:00,163802000.0,163950000.0,163675000.0,163911000.0,33.65084758
2025-08-13T08:00:00,163922000.0,164100000.0,163770000.0,163950000.0,56.6598166
2025-08-13T09:00:00,163949000.0,164098000.0,163685000.0,163870000.0,67.69250212
2025-08-13T10:00:00,163870000.0,164263000.0,163870000.0,164210000.0,66.66349156
2025-08-13T11:00:00,164205000.0,164519000.0,164195000.0,164455000.0,84.03998236
2025-08-13T12:00:00,164443000.0,164455000.0,164091000.0,164201000.0,81.76369887
2025-08-13T13:00:00,164201000.0,166248000.0,164106000.0,165954000.0,283.43322572
2025-08-13T14:00:00,165954000.0,166412000.0,164868000.0,165055000.0,280.66327981
2025-08-13T15:00:00,165055000.0,165813000.0,164595000.0,165375000.0,90.90707374
2025-08-13T16:00:00,165307000.0,166000000.0,165281000.0,165700000.0,52.12437152
2025-08-13T17:00:00,165663000.0,165990000.0,165659000.0,165972000.0,20.6627256
2025-08-13T18:00:00,165972000.0,166048000.0,165663000.0,165918000.0,41.88233631
2025-08-13T19:00:00,165807000.0,166985000.0,165805000.0,166980000.0,125.15920743
2025-08-13T20:00:00,166980000.0,167282000.0,166501000.0,167282000.0,148.97043314
2025-08-13T21:00:00,167280000.0,167328000.0,166743000.0,167133000.0,106.34633663
2025-08-13T22:00:00,167101000.0,168207000.0,167092000.0,167390000.0,247.23372991
2025-08-13T23:00:00,167389000.0,168262000.0,167389000.0,168051000.0,170.12560981
2025-08-14T00:00:00,168051000.0,169900000.0,168051000.0,169332000.0,518.00570323
2025-08-14T01:00:00,169332000.0,169399000.0,168105000.0,168110000.0,197.71107759
2025-08-14T02:00:00,168109000.0,168602000.0,168090000.0,168500000.0,118.01684496
2025-08-14T03:00:00,168495000.0,168828000.0,168130000.0,168130000.0,109.3374793
2025-08-14T04:00:00,168130000.0,168200000.0,167770000.0,167806000.0,131.77672373
2025-08-14T05:00:00,167806000.0,167809000.0,166800000.0,166803000.0,167.46526711
2025-08-14T06:00:00,166801000.0,167024000.0,166000000.0,166687000.0,264.5679251
2025-08-14T07:00:00,166684000.0,167389000.0,166630000.0,167153000.0,90.68046365
2025-08-14T08:00:00,167153000.0,167489000.0,166900000.0,166900000.0,81.98596625
2025-08-14T09:00:00,166918000.0,167426000.0,166851000.0,167027000.0,50.04875912
2025-08-14T10:00:00,167012000.0,167294000.0,166300000.0,166503000.0,98.61661074
2025-08-14T11:00:00,166469000.0,166718000.0,166309000.0,166592000.0,60.56776794
2025-08-14T12:00:00,166594000.0,166950000.0,163400000.0,163900000.0,704.1285327
2025-08-14T13:00:00,163900000.0,164659000.0,162550000.0,163932000.0,743.41470579
2025-08-14T14:00:00,163931000.0,165349000.0,163596000.0,164598000.0,253.54083845
2025-08-14T15:00:00,164422000.0,164738000.0,163500000.0,163935000.0,133.16054087
2025-08-14T16:00:00,163935000.0,163937000.0,163040000.0,163549000.0,125.12058337
2025-08-14T17:00:00,163545000.0,163935000.0,163205000.0,163735000.0,43.39454425
2025-08-14T18:00:00,163669000.0,164376000.0,163000000.0,164191000.0,65.89341218
2025-08-14T19:00:00,164200000.0,164615000.0,164094000.0,164100000.0,32.68613958
2025-08-14T20:00:00,164184000.0,164415000.0,163851000.0,164146000.0,37.33825139
2025-08-14T21:00:00,164146000.0,164465000.0,163440000.0,164091000.0,67.13259741
2025-08-14T22:00:00,164091000.0,164700000.0,163791000.0,164698000.0,68.95731164
2025-08-14T23:00:00,164697000.0,165167000.0,164671000.0,164723000.0,71.44553142
2025-08-15T00:00:00,164723000.0,165086000.0,164325000.0,164734000.0,97.78378678
2025-08-15T01:00:00,164734000.0,165629000.0,164550000.0,165604000.0,78.35985751
2025-08-15T02:00:00,165622000.0,165698000.0,165240000.0,165484000.0,71.32254077
2025-08-15T03:00:00,165481000.0,165709000.0,165357000.0,165552000.0,57.19642397
2025-08-15T04:00:00,165552000.0,165885000.0,165138000.0,165197000.0,58.04352145
2025-08-15T05:00:00,165193000.0,165332000.0,164690000.0,165100000.0,54.59614483
2025-08-15T06:00:00,165100000.0,165299000.0,164883000.0,165058000.0,43.67184989
2025-08-15T07:00:00,165059000.0,165166000.0,164876000.0,164969000.0,37.8177335
2025-08-15T08:00:00,164969000.0,165104000.0,164920000.0,164922000.0,29.85525046
2025-08-15T09:00:00,164922000.0,164979000.0,164546000.0,164549000.0,46.14538027
2025-08-15T10:00:00,164549000.0,165000000.0,164547000.0,164794000.0,27.18007993
2025-08-15T11:00:00,164792000.0,165000000.0,164765000.0,164948000.0,31.39644157
2025-08-15T12:00:00,164892000.0,165166000.0,164550000.0,164621000.0,65.96068963
2025-08-15T13:00:00,164682000.0,164762000.0,163500000.0,163533000.0,129.7543909
2025-08-15T14:00:00,163527000.0,164385000.0,163336000.0,163399000.0,117.94382974
2025-08-15T15:00:00,163394000.0,163767000.0,163030000.0,163515000.0,136.65770619
2025-08-15T16:00:00,163515000.0,164077000.0,163010000.0,164065000.0,73.78538916
2025-08-15T17:00:00,164065000.0,164382000.0,163628000.0,164154000.0,43.42575202
2025-08-15T18:00:00,164226000.0,164226000.0,163445000.0,163581000.0,20.82232138
2025-08-15T19:00:00,163581000.0,163998000.0,163494000.0,163560000.0,19.61888389
2025-08-15T20:00:00,163560000.0,164004000.0,163485000.0,163922000.0,12.37610496
2025-08-15T21:00:00,164000000.0,164100000.0,163751000.0,164015000.0,25.3797433
2025-08-15T22:00:00,164095000.0,164743000.0,163985000.0,164630000.0,48.3528826
2025-08-15T23:00:00,164631000.0,164717000.0,163499000.0,164122000.0,54.54505314
2025-08-16T00:00:00,164122000.0,164374000.0,163755000.0,164190000.0,49.4386861
2025-08-16T01:00:00,164200000.0,164272000.0,163863000.0,164120000.0,33.90882796
2025-08-16T02:00:00,164120000.0,164192000.0,163583000.0,163626000.0,39.61657038
2025-08-16T03:00:00,163626000.0,163756000.0,163500000.0,163500000.0,40.77253602
2025-08-16T04:00:00,163504000.0,163849000.0,163461000.0,163809000.0,31.0840964
2025-08-16T05:00:00,163809000.0,163809000.0,163500000.0,163559000.0,19.89040543
2025-08-16T06:00:00,163559000.0,163688000.0,163214000.0,163348000.0,44.57852839
2025-08-16T07:00:00,163347000.0,163507000.0,163225000.0,163310000.0,45.05932484
2025-08-16T08:00:00,163310000.0,163399000.0,163098000.0,163203000.0,75.54420063
2025-08-16T09:00:00,163203000.0,163300000.0,163011000.0,163011000.0,45.4095259
2025-08-16T10:00:00,163011000.0,163240000.0,162697000.0,162890000.0,119.85341151
2025-08-16T11:00:00,162889000.0,163177000.0,162807000.0,162809000.0,32.57489602
2025-08-16T12:00:00,162804000.0,163395000.0,162685000.0,163306000.0,54.48038707
2025-08-16T13:00:00,163307000.0,163420000.0,163100000.0,163140000.0,23.8838421
2025-08-16T14:00:00,163140000.0,163287000.0,163050000.0,163278000.0,30.69583724
2025-08-16T15:00:00,163280000.0,163281000.0,162998000.0,163216000.0,29.71725044
2025-08-16T16:00:00,163216000.0,163303000.0,163069000.0,163302000.0,15.82540408
2025-08-16T17:00:00,163302000.0,163302000.0,163133000.0,163289000.0,8.2324355
2025-08-16T18:00:00,163256000.0,163303000.0,163102000.0,163274000.0,5.66510213
2025-08-16T19:00:00,163274000.0,163303000.0,163118000.0,163162000.0,2.69088716
2025-08-16T20:00:00,163161000.0,163267000.0,163158000.0,163255000.0,8.12542447
2025-08-16T21:00:00,163250000.0,163333000.0,163201000.0,163263000.0,10.08928953
2025-08-16T22:00:00,163272000.0,163301000.0,163000000.0,163109000.0,26.80576758
2025-08-16T23:00:00,163110000.0,163182000.0,163046000.0,163058000.0,19.50876588
2025-08-17T00:00:00,163058000.0,163300000.0,163035000.0,163152000.0,29.28194429
2025-08-17T01:00:00,163149000.0,163252000.0,163042000.0,163155000.0,23.85655876
2025-08-17T02:00:00,163155000.0,163244000.0,163080000.0,163100000.0,25.91527921
2025-08-17T03:00:00,163085000.0,163495000.0,163062000.0,163464000.0,37.34881844
2025-08-17T04:00:00,163465000.0,163999000.0,163414000.0,163890000.0,56.39212546
2025-08-17T05:00:00,163891000.0,163999000.0,163670000.0,163673000.0,29.44268178
2025-08-17T06:00:00,163673000.0,163787000.0,163322000.0,163332000.0,31.02039662
2025-08-17T07:00:00,163332000.0,163649000.0,163327000.0,163605000.0,21.557226
2025-08-17T08:00:00,163605000.0,163950000.0,163450000.0,163949000.0,35.55660447
2025-08-17T09:00:00,163950000.0,164194000.0,163809000.0,164001000.0,65.50289549
2025-08-17T10:00:00,164000000.0,164010000.0,163730000.0,164010000.0,44.85920547
2025-08-17T11:00:00,164010000.0,164048000.0,163822000.0,163898000.0,26.71180139
2025-08-17T12:00:00,163894000.0,163899000.0,163714000.0,163717000.0,29.5712019
2025-08-17T13:00:00,163718000.0,164016000.0,163600000.0,163886000.0,38.98177082
2025-08-17T14:00:00,163886000.0,164005000.0,163500000.0,163505000.0,39.60493098
2025-08-17T15:00:00,163505000.0,163707000.0,163445000.0,163480000.0,31.37743282
2025-08-17T16:00:00,163480000.0,163603000.0,163060000.0,163148000.0,37.07204995
2025-08-17T17:00:00,163144000.0,163384000.0,163035000.0,163242000.0,17.3128685
2025-08-17T18:00:00,163240000.0,163421000.0,163053000.0,163238000.0,14.21834027
2025-08-17T19:00:00,163090000.0,163440000.0,163090000.0,163323000.0,7.6622706
2025-08-17T20:00:00,163310000.0,163582000.0,163300000.0,163539000.0,9.69667658
2025-08-17T21:00:00,163537000.0,163610000.0,163310000.0,163500000.0,15.08885975
2025-08-17T22:00:00,163499000.0,163650000.0,163483000.0,163556000.0,20.9342087
2025-08-17T23:00:00,163549000.0,163557000.0,163100000.0,163111000.0,32.91769704
2025-08-18T00:00:00,163110000.0,163456000.0,162833000.0,162969000.0,84.67113707
2025-08-18T01:00:00,162967000.0,163126000.0,161739000.0,161903000.0,249.84933181
2025-08-18T02:00:00,161902000.0,161903000.0,160658000.0,160798000.0,270.73667451
2025-08-18T03:00:00,160793000.0,160793000.0,160000000.0,160580000.0,308.01285608
2025-08-18T04:00:00,160580000.0,161148000.0,160330000.0,161122000.0,134.7247192
2025-08-18T05:00:00,161122000.0,161280000.0,160400000.0,161227000.0,84.73153357
2025-08-18T06:00:00,161229000.0,161246000.0,160318000.0,160603000.0,108.18979298
2025-08-18T07:00:00,160658000.0,160980000.0,160604000.0,160630000.0,62.28728477
2025-08-18T08:00:00,160630000.0,160973000.0,160594000.0,160698000.0,44.98341373
2025-08-18T09:00:00,160698000.0,160700000.0,160071000.0,160542000.0,99.43132643
2025-08-18T10:00:00,160538000.0,160699000.0,160437000.0,160520000.0,50.41547521
2025-08-18T11:00:00,160520000.0,160571000.0,160088000.0,160099000.0,50.23159129
2025-08-18T12:00:00,160099000.0,160857000.0,160081000.0,160857000.0,65.08971984
2025-08-18T13:00:00,160856000.0,161320000.0,160203000.0,160203000.0,81.48755115
2025-08-18T14:00:00,160203000.0,160989000.0,160102000.0,160912000.0,45.30964789
2025-08-18T15:00:00,160912000.0,161682000.0,160771000.0,161682000.0,53.09458098
2025-08-18T16:00:00,161663000.0,161862000.0,161378000.0,161522000.0,32.23334003
2025-08-18T17:00:00,161522000.0,162300000.0,161521000.0,161936000.0,34.3481728
2025-08-18T18:00:00,161863000.0,162200000.0,161751000.0,162137000.0,8.17693691
2025-08-18T19:00:00,162103000.0,162275000.0,161561000.0,161700000.0,13.92340445
2025-08-18T20:00:00,161789000.0,162021000.0,161489000.0,161926000.0,16.23686463
2025-08-18T21:00:00,161921000.0,162237000.0,161867000.0,162225000.0,31.21060841
2025-08-18T22:00:00,162226000.0,162500000.0,161967000.0,161967000.0,53.36290411
2025-08-18T23:00:00,161964000.0,162024000.0,161350000.0,161513000.0,43.81412296
2025-08-19T00:00:00,161513000.0,162062000.0,161000000.0,162035000.0,73.18929426
2025-08-19T01:00:00,162062000.0,162388000.0,161100000.0,161237000.0,69.25538719
2025-08-19T02:00:00,161237000.0,161647000.0,161003000.0,161327000.0,28.98743686
2025-08-19T03:00:00,161327000.0,161350000.0,160100000.0,160115000.0,97.2935051
2025-08-19T04:00:00,160115000.0,160840000.0,159880000.0,160810000.0,174.31531511
2025-08-19T05:00:00,160810000.0,160852000.0,160300000.0,160301000.0,51.72312784
2025-08-19T06:00:00,160300000.0,160511000.0,160260000.0,160268000.0,43.23018852
2025-08-19T07:00:00,160267000.0,160292000.0,159900000.0,160286000.0,146.08281609
2025-08-19T08:00:00,160286000.0,160496000.0,159960000.0,160489000.0,74.66529645
2025-08-19T09:00:00,160489000.0,160752000.0,160410000.0,160524000.0,35.0617224
2025-08-19T10:00:00,160523000.0,160700000.0,160301000.0,160471000.0,24.40972497
2025-08-19T11:00:00,160471000.0,160682000.0,160471000.0,160550000.0,22.73428704
2025-08-19T12:00:00,160550000.0,160600000.0,160335000.0,160510000.0,29.13138403
2025-08-19T13:00:00,160544000.0,160990000.0,159954000.0,160151000.0,89.7499696
2025-08-19T14:00:00,160151000.0,160350000.0,159000000.0,159059000.0,243.85309929
2025-08-19T15:00:00,159059000.0,159279000.0,158836000.0,158959000.0,130.20378397
2025-08-19T16:00:00,158959000.0,159059000.0,158694000.0,158717000.0,69.29170873
2025-08-19T17:00:00,158717000.0,158791000.0,158500000.0,158582000.0,79.45445912
2025-08-19T18:00:00,158582000.0,158582000.0,158111000.0,158421000.0,62.00829743
2025-08-19T19:00:00,158421000.0,158761000.0,158030000.0,158388000.0,65.14647761
2025-08-19T20:00:00,158389000.0,158965000.0,158144000.0,158936000.0,45.88909823
2025-08-19T21:00:00,158936000.0,159114000.0,158740000.0,158741000.0,54.83720445
2025-08-19T22:00:00,158740000.0,158741000.0,158000000.0,158001000.0,144.59319555
2025-08-19T23:00:00,158001000.0,158019000.0,157044000.0,157172000.0,328.45265327
2025-08-20T00:00:00,157180000.0,158880000.0,157100000.0,158837000.0,263.32972784
2025-08-20T01:00:00,158837000.0,159162000.0,158000000.0,158347000.0,152.65845671
2025-08-20T02:00:00,158347000.0,158933000.0,158341000.0,158810000.0,75.78981585
2025-08-20T03:00:00,158812000.0,159212000.0,158810000.0,159199000.0,59.05429501
2025-08-20T04:00:00,159198000.0,159565000.0,159195000.0,159336000.0,76.49515213
2025-08-20T05:00:00,159335000.0,159536000.0,159135000.0,159420000.0,38.90754249
2025-08-20T06:00:00,159419000.0,159420000.0,159200000.0,159342000.0,42.85575953
2025-08-20T07:00:00,159342000.0,159525000.0,158794000.0,158801000.0,49.09167264
2025-08-20T08:00:00,158801000.0,159477000.0,158782000.0,159477000.0,46.74826507
2025-08-20T09:00:00,159477000.0,159498000.0,159050000.0,159187000.0,32.92451774
2025-08-20T10:00:00,159116000.0,159263000.0,158889000.0,159114000.0,35.51796117
2025-08-20T11:00:00,159115000.0,159190000.0,158227000.0,158900000.0,74.94675973
2025-08-20T12:00:00,158900000.0,159225000.0,158796000.0,158910000.0,35.29394327
2025-08-20T13:00:00,158920000.0,158950000.0,157996000.0,158099000.0,111.45783768
2025-08-20T14:00:00,158099000.0,158990000.0,157800000.0,158536000.0,111.33598769
2025-08-20T15:00:00,158529000.0,159565000.0,158205000.0,158324000.0,117.49347985
2025-08-20T16:00:00,158324000.0,159434000.0,158228000.0,158751000.0,47.87487905
2025-08-20T17:00:00,158779000.0,159450000.0,158735000.0,159146000.0,35.91068942
2025-08-20T18:00:00,159079000.0,159350000.0,158002000.0,158300000.0,33.15034109
2025-08-20T19:00:00,158300000.0,159233000.0,158266000.0,158937000.0,40.80319787
2025-08-20T20:00:00,158871000.0,159205000.0,158664000.0,159141000.0,30.24676313
2025-08-20T21:00:00,159198000.0,159299000.0,158750000.0,159252000.0,53.38384318
2025-08-20T22:00:00,159252000.0,159565000.0,159183000.0,159530000.0,66.8955881
2025-08-20T23:00:00,159526000.0,159530000.0,159142000.0,159149000.0,55.36937139
2025-08-21T00:00:00,159237000.0,159648000.0,159000000.0,159478000.0,67.021944
2025-08-21T01:00:00,159478000.0,159831000.0,159001000.0,159810000.0,58.46868376
2025-08-21T02:00:00,159831000.0,159900000.0,158960000.0,159099000.0,63.33166932
2025-08-21T03:00:00,159099000.0,159672000.0,158989000.0,159000000.0,49.95650561
2025-08-21T04:00:00,158989000.0,159081000.0,158624000.0,158759000.0,54.90763579
2025-08-21T05:00:00,158706000.0,158978000.0,158500000.0,158901000.0,46.50751328
2025-08-21T06:00:00,158901000.0,158959000.0,158566000.0,158838000.0,38.94652095
2025-08-21T07:00:00,158813000.0,158924000.0,158600000.0,158882000.0,29.29178497
2025-08-21T08:00:00,158881000.0,158947000.0,158610000.0,158619000.0,26.6411894
2025-08-21T09:00:00,158619000.0,158619000.0,158180000.0,158282000.0,60.6082484
2025-08-21T10:00:00,158282000.0,158302000.0,158058000.0,158234000.0,41.18892839
2025-08-21T11:00:00,158239000.0,158500000.0,158025000.0,158095000.0,50.00845818
2025-08-21T12:00:00,158095000.0,158435000.0,158001000.0,158065000.0,45.77039269
2025-08-21T13:00:00,158064000.0,158816000.0,158057000.0,158644000.0,49.96135272
2025-08-21T14:00:00,158644000.0,159000000.0,158011000.0,158572000.0,60.00084396
2025-08-21T15:00:00,158550000.0,158598000.0,157977000.0,158101000.0,58.01665257
2025-08-21T16:00:00,158101000.0,158210000.0,157700000.0,157701000.0,56.34585845
2025-08-21T17:00:00,157701000.0,157938000.0,157514000.0,157652000.0,36.53500176
2025-08-21T18:00:00,157771000.0,157846000.0,157500000.0,157843000.0,28.6494565
2025-08-21T19:00:00,157840000.0,157999000.0,157280000.0,157457000.0,44.77419282
2025-08-21T20:00:00,157545000.0,158194000.0,157434000.0,157800000.0,27.03088169
2025-08-21T21:00:00,157800000.0,157999000.0,157424000.0,157988000.0,32.19937248
2025-08-21T22:00:00,157988000.0,157992000.0,157810000.0,157899000.0,28.33789329
2025-08-21T23:00:00,157884000.0,157988000.0,157612000.0,157737000.0,47.46389526
2025-08-22T00:00:00,157737000.0,158248000.0,157732000.0,158159000.0,61.49641148
2025-08-22T01:00:00,158160000.0,158300000.0,157821000.0,158215000.0,48.95791403
2025-08-22T02:00:00,158215000.0,158777000.0,158175000.0,158531000.0,69.27097273
2025-08-22T03:00:00,158531000.0,158727000.0,158064000.0,158092000.0,48.3764027
2025-08-22T04:00:00,158103000.0,158336000.0,157800000.0,157900000.0,47.53520819
2025-08-22T05:00:00,157900000.0,158299000.0,157849000.0,158299000.0,29.13263673
2025-08-22T06:00:00,158299000.0,158349000.0,157956000.0,158143000.0,31.41273359
2025-08-22T07:00:00,158143000.0,158233000.0,157977000.0,158131000.0,38.14522368
2025-08-22T08:00:00,158131000.0,158344000.0,158012000.0,158012000.0,39.98111706
2025-08-22T09:00:00,158012000.0,158025000.0,157800000.0,157998000.0,43.89808083
2025-08-22T10:00:00,157998000.0,158000000.0,157559000.0,157651000.0,57.15472103
2025-08-22T11:00:00,157647000.0,157751000.0,157150000.0,157300000.0,108.69663256
2025-08-22T12:00:00,157300000.0,158272000.0,156647000.0,157599000.0,293.73009483
2025-08-22T13:00:00,157616000.0,158205000.0,157254000.0,157832000.0,109.52268204
2025-08-22T14:00:00,157832000.0,162200000.0,157832000.0,161198000.0,1135.8126536
2025-08-22T15:00:00,161198000.0,162688000.0,161176000.0,161600000.0,329.39804081
2025-08-22T16:00:00,161601000.0,161911000.0,161022000.0,161120000.0,183.61116111
2025-08-22T17:00:00,161120000.0,161898000.0,161100000.0,161800000.0,129.18924354
2025-08-22T18:00:00,161800000.0,162396000.0,161300000.0,161368000.0,64.54828452
2025-08-22T19:00:00,161332000.0,161615000.0,161000000.0,161196000.0,71.66730933
2025-08-22T20:00:00,161196000.0,161749000.0,161052000.0,161569000.0,66.75169912
2025-08-22T21:00:00,161569000.0,161685000.0,161188000.0,161502000.0,86.18956265
2025-08-22T22:00:00,161501000.0,161680000.0,160600000.0,160830000.0,125.55873962
2025-08-22T23:00:00,160830000.0,161300000.0,160694000.0,161176000.0,83.03307614
2025-08-23T00:00:00,161176000.0,161505000.0,160836000.0,161280000.0,126.90549703
2025-08-23T01:00:00,161278000.0,161280000.0,159807000.0,160261000.0,182.94596744
2025-08-23T02:00:00,160260000.0,160335000.0,159318000.0,159879000.0,116.70540645
2025-08-23T03:00:00,159854000.0,159932000.0,159500000.0,159642000.0,66.0562232
2025-08-23T04:00:00,159628000.0,160356000.0,159593000.0,160349000.0,56.26330735
2025-08-23T05:00:00,160349000.0,160357000.0,160030000.0,160333000.0,44.63266259
2025-08-23T06:00:00,160333000.0,160342000.0,159911000.0,159917000.0,58.36770228
2025-08-23T07:00:00,159916000.0,160062000.0,159659000.0,159819000.0,51.14782188
2025-08-23T08:00:00,159819000.0,160000000.0,159596000.0,159883000.0,41.12330867
2025-08-23T09:00:00,159885000.0,160033000.0,159715000.0,160006000.0,28.44236242
2025-08-23T10:00:00,160006000.0,160032000.0,159807000.0,159808000.0,26.38994158
2025-08-23T11:00:00,159808000.0,159858000.0,159500000.0,159545000.0,35.14265419
2025-08-23T12:00:00,159566000.0,159858000.0,159502000.0,159580000.0,38.05226928
2025-08-23T13:00:00,159580000.0,159638000.0,159128000.0,159290000.0,92.00808598
2025-08-23T14:00:00,159290000.0,159388000.0,159050000.0,159092000.0,68.79640307
2025-08-23T15:00:00,159068000.0,159499000.0,159000000.0,159196000.0,57.47396733
2025-08-23T16:00:00,159285000.0,159501000.0,159103000.0,159499000.0,16.84219798
2025-08-23T17:00:00,159500000.0,159580000.0,159399000.0,159459000.0,9.38200906
2025-08-23T18:00:00,159436000.0,159570000.0,159400000.0,159430000.0,9.5751533
2025-08-23T19:00:00,159467000.0,159506000.0,159317000.0,159326000.0,14.61071086
2025-08-23T20:00:00,159400000.0,159524000.0,159310000.0,159508000.0,9.177163
2025-08-23T21:00:00,159508000.0,159600000.0,159373000.0,159404000.0,26.86743726
2025-08-23T22:00:00,159404000.0,159667000.0,159388000.0,159628000.0,20.08649898
2025-08-23T23:00:00,159616000.0,159717000.0,159500000.0,159705000.0,34.28269978
2025-08-24T00:00:00,159705000.0,160077000.0,159627000.0,159964000.0,83.10967153
2025-08-24T01:00:00,159962000.0,160109000.0,159865000.0,160060000.0,53.82470452
2025-08-24T02:00:00,160060000.0,160272000.0,159688000.0,159700000.0,64.97403393
2025-08-24T03:00:00,159688000.0,159854000.0,159646000.0,159710000.0,43.74314836
2025-08-24T04:00:00,159737000.0,160000000.0,159710000.0,159711000.0,32.62034691
2025-08-24T05:00:00,159712000.0,159812000.0,159500000.0,159501000.0,49.33549549
2025-08-24T06:00:00,159501000.0,159655000.0,159400000.0,159402000.0,38.31324509
2025-08-24T07:00:00,159400000.0,159666000.0,159383000.0,159500000.0,31.84231743
2025-08-24T08:00:00,159500000.0,159620000.0,159380000.0,159401000.0,35.60378184
2025-08-24T09:00:00,159401000.0,159609000.0,159365000.0,159574000.0,37.75221089
2025-08-24T10:00:00,159603000.0,159604000.0,159200000.0,159449000.0,45.65547679
2025-08-24T11:00:00,159449000.0,159509000.0,159170000.0,159410000.0,41.45304209
2025-08-24T12:00:00,159410000.0,159509000.0,159164000.0,159289000.0,30.58809753
2025-08-24T13:00:00,159289000.0,159556000.0,159200000.0,159382000.0,37.80558902
2025-08-24T14:00:00,159381000.0,159382000.0,159150000.0,159254000.0,50.61556973
2025-08-24T15:00:00,159253000.0,159499000.0,159003000.0,159048000.0,50.74574549
2025-08-24T16:00:00,159048000.0,159243000.0,158899000.0,158900000.0,50.31599518
2025-08-24T17:00:00,158899000.0,159150000.0,158450000.0,158451000.0,86.71896253
2025-08-24T18:00:00,158451000.0,158899000.0,158180000.0,158291000.0,103.76921834
2025-08-24T19:00:00,158288000.0,158484000.0,156010000.0,156700000.0,536.24618978
2025-08-24T20:00:00,156700000.0,157257000.0,155870000.0,157015000.0,256.64589206
2025-08-24T21:00:00,157015000.0,157755000.0,156634000.0,157215000.0,160.91534916
2025-08-24T22:00:00,157215000.0,157964000.0,156708000.0,157961000.0,150.8243236
2025-08-24T23:00:00,157920000.0,158000000.0,157600000.0,157603000.0,105.59963091
2025-08-25T00:00:00,157603000.0,157880000.0,156351000.0,157034000.0,198.9190291
2025-08-25T01:00:00,157039000.0,157407000.0,156929000.0,157407000.0,91.69197357
2025-08-25T02:00:00,157402000.0,157878000.0,157330000.0,157462000.0,91.83781492
2025-08-25T03:00:00,157462000.0,157760000.0,156947000.0,156947000.0,80.53765248
2025-08-25T04:00:00,156950000.0,157223000.0,156785000.0,157086000.0,84.38583968
2025-08-25T05:00:00,157086000.0,157100000.0,156782000.0,156782000.0,56.42460143
2025-08-25T06:00:00,156782000.0,156783000.0,156162000.0,156406000.0,133.70963027
2025-08-25T07:00:00,156407000.0,156700000.0,155950000.0,155952000.0,194.83685176
2025-08-25T08:00:00,155951000.0,156355000.0,155541000.0,156020000.0,167.4335959
2025-08-25T09:00:00,156020000.0,156500000.0,155670000.0,156500000.0,72.62538652
2025-08-25T10:00:00,156500000.0,156524000.0,155520000.0,155521000.0,122.60759955
2025-08-25T11:00:00,155521000.0,156154000.0,155510000.0,156000000.0,117.68812611
2025-08-25T12:00:00,156058000.0,156553000.0,155982000.0,156399000.0,78.88243608
2025-08-25T13:00:00,156399000.0,156524000.0,155346000.0,156200000.0,163.29968046
2025-08-25T14:00:00,156200000.0,157200000.0,156063000.0,157160000.0,113.02172365
2025-08-25T15:00:00,157159000.0,157500000.0,156605000.0,156951000.0,85.18770692
2025-08-25T16:00:00,156951000.0,158000000.0,156945000.0,157653000.0,63.1156655
2025-08-25T17:00:00,157653000.0,157990000.0,157279000.0,157573000.0,29.26745789
2025-08-25T18:00:00,157572000.0,157785000.0,157400000.0,157601000.0,17.57271942
2025-08-25T19:00:00,157601000.0,157680000.0,156255000.0,156414000.0,52.40246972
2025-08-25T20:00:00,156414000.0,156856000.0,155400000.0,155739000.0,157.51970816
2025-08-25T21:00:00,155763000.0,156400000.0,155456000.0,155838000.0,187.94080082
2025-08-25T22:00:00,155801000.0,156550000.0,155506000.0,155980000.0,115.91978051
2025-08-25T23:00:00,155979000.0,155980000.0,155500000.0,155887000.0,111.45483108
2025-08-26T00:00:00,155887000.0,155940000.0,154309000.0,154314000.0,431.55456668
2025-08-26T01:00:00,154311000.0,155398000.0,153952000.0,155289000.0,231.86212141
2025-08-26T02:00:00,155289000.0,155700000.0,154836000.0,155070000.0,104.25510422
2025-08-26T03:00:00,155070000.0,155300000.0,154720000.0,155270000.0,63.27426771
2025-08-26T04:00:00,155270000.0,155520000.0,155202000.0,155489000.0,69.56566828
2025-08-26T05:00:00,155497000.0,155650000.0,155386000.0,155484000.0,80.09648392
2025-08-26T06:00:00,155484000.0,155591000.0,155196000.0,155298000.0,53.14115591
2025-08-26T07:00:00,155298000.0,155700000.0,155000000.0,155549000.0,65.51126708
2025-08-26T08:00:00,155550000.0,155653000.0,155260000.0,155448000.0,43.88375697
2025-08-26T09:00:00,155449000.0,155696000.0,155400000.0,155438000.0,32.14170834
2025-08-26T10:00:00,155438000.0,155887000.0,155438000.0,155602000.0,54.89593831
2025-08-26T11:00:00,155602000.0,155602000.0,154969000.0,155140000.0,82.53361261
2025-08-26T12:00:00,155140000.0,156000000.0,154899000.0,155500000.0,157.26723541
2025-08-26T13:00:00,155458000.0,155499000.0,154550000.0,155215000.0,116.58770774
2025-08-26T14:00:00,155216000.0,155540000.0,155000000.0,155317000.0,69.91956251
2025-08-26T15:00:00,155317000.0,155530000.0,154381000.0,154461000.0,102.54838528
2025-08-26T16:00:00,154461000.0,154827000.0,154314000.0,154827000.0,51.27402577
2025-08-26T17:00:00,154829000.0,154900000.0,154100000.0,154427000.0,46.22987374
2025-08-26T18:00:00,154560000.0,155700000.0,154429000.0,155265000.0,32.46230475
2025-08-26T19:00:00,155265000.0,155822000.0,154945000.0,155374000.0,59.58702537
2025-08-26T20:00:00,155374000.0,155820000.0,155149000.0,155660000.0,50.2172633
2025-08-26T21:00:00,155660000.0,155950000.0,155300000.0,155948000.0,64.42594483
2025-08-26T22:00:00,155949000.0,156701000.0,155948000.0,156701000.0,131.17392583
2025-08-26T23:00:00,156700000.0,157367000.0,156410000.0,156661000.0,123.73410019
2025-08-27T00:00:00,156660000.0,157000000.0,156250000.0,156251000.0,112.9358972
2025-08-27T01:00:00,156254000.0,156254000.0,155542000.0,155844000.0,92.87642619
2025-08-27T02:00:00,155803000.0,155970000.0,155629000.0,155631000.0,53.60532735
2025-08-27T03:00:00,155639000.0,156150000.0,155387000.0,155896000.0,54.33243047
2025-08-27T04:00:00,155896000.0,156245000.0,155770000.0,155952000.0,80.42236675
2025-08-27T05:00:00,155950000.0,155982000.0,155669000.0,155674000.0,37.1354443
2025-08-27T06:00:00,155674000.0,155694000.0,155271000.0,155279000.0,60.46738535
2025-08-27T07:00:00,155280000.0,155441000.0,155099000.0,155178000.0,65.95879624
2025-08-27T08:00:00,155164000.0,155243000.0,154800000.0,155052000.0,97.00093966
2025-08-27T09:00:00,155066000.0,155355000.0,155037000.0,155045000.0,48.24319547
2025-08-27T10:00:00,155045000.0,155588000.0,155038000.0,155434000.0,33.36969299
2025-08-27T11:00:00,155432000.0,155832000.0,155432000.0,155744000.0,48.26240513
2025-08-27T12:00:00,155745000.0,155810000.0,155329000.0,155734000.0,56.44096458
2025-08-27T13:00:00,155741000.0,156324000.0,155454000.0,155846000.0,85.47645986
2025-08-27T14:00:00,155890000.0,157200000.0,155710000.0,156151000.0,119.75005657
2025-08-27T15:00:00,156150000.0,156450000.0,156000000.0,156370000.0,50.23697384
2025-08-27T16:00:00,156370000.0,156550000.0,155903000.0,156439000.0,33.60807318
2025-08-27T17:00:00,156439000.0,156730000.0,156100000.0,156719000.0,18.7273568
2025-08-27T18:00:00,156719000.0,156750000.0,156096000.0,156096000.0,29.18464816
2025-08-27T19:00:00,156096000.0,156750000.0,156041000.0,156588000.0,16.94350172
2025-08-27T20:00:00,156620000.0,156979000.0,155400000.0,156847000.0,58.37932528
2025-08-27T21:00:00,156847000.0,156883000.0,155650000.0,155743000.0,36.41380022
2025-08-27T22:00:00,155753000.0,155985000.0,155375000.0,155826000.0,44.52669552
2025-08-27T23:00:00,155840000.0,155900000.0,155500000.0,155534000.0,44.1055308
2025-08-28T00:00:00,155532000.0,155942000.0,155211000.0,155699000.0,76.082614
2025-08-28T01:00:00,155700000.0,156001000.0,155659000.0,156001000.0,51.37400512
2025-08-28T02:00:00,156001000.0,156096000.0,155748000.0,155941000.0,43.1642573
2025-08-28T03:00:00,155941000.0,156500000.0,155883000.0,156406000.0,46.97432496
2025-08-28T04:00:00,156404000.0,157639000.0,156400000.0,157309000.0,110.63478473
2025-08-28T05:00:00,157309000.0,157600000.0,156857000.0,157065000.0,81.11538078
2025-08-28T06:00:00,157065000.0,157617000.0,156978000.0,157580000.0,66.61339975
2025-08-28T07:00:00,157580000.0,157787000.0,157347000.0,157543000.0,74.22214869
2025-08-28T08:00:00,157542000.0,157760000.0,157200000.0,157374000.0,59.38770229
2025-08-28T09:00:00,157366000.0,157437000.0,157020000.0,157040000.0,36.4344959
2025-08-28T10:00:00,157036000.0,157420000.0,156959000.0,157395000.0,37.70111134
2025-08-28T11:00:00,157395000.0,157396000.0,157000000.0,157065000.0,31.71415586
2025-08-28T12:00:00,157108000.0,157350000.0,156770000.0,157348000.0,56.2644415
2025-08-28T13:00:00,157348000.0,157542000.0,156722000.0,156978000.0,66.69202506
2025-08-28T14:00:00,156978000.0,157500000.0,156845000.0,157341000.0,67.98192004
2025-08-28T15:00:00,157346000.0,157500000.0,156759000.0,157195000.0,65.93122971
2025-08-28T16:00:00,157195000.0,157597000.0,156873000.0,156967000.0,35.34070537
2025-08-28T17:00:00,156873000.0,157008000.0,156610000.0,156658000.0,32.60868744
2025-08-28T18:00:00,156658000.0,157074000.0,156500000.0,156647000.0,15.13989788
2025-08-28T19:00:00,156609000.0,156959000.0,156322000.0,156324000.0,18.5326286
2025-08-28T20:00:00,156324000.0,156615000.0,156320000.0,156482000.0,21.13262619
2025-08-28T21:00:00,156482000.0,156632000.0,156320000.0,156551000.0,21.95442846
2025-08-28T22:00:00,156551000.0,157000000.0,156514000.0,156699000.0,27.64480276
2025-08-28T23:00:00,156696000.0,156820000.0,156571000.0,156737000.0,35.19221408
2025-08-29T00:00:00,156737000.0,157080000.0,156550000.0,156583000.0,55.48952129
2025-08-29T01:00:00,156582000.0,156605000.0,155800000.0,155991000.0,87.06113738
2025-08-29T02:00:00,155990000.0,156151000.0,155723000.0,155759000.0,51.75886597
2025-08-29T03:00:00,155754000.0,155900000.0,155638000.0,155850000.0,51.34629237
2025-08-29T04:00:00,155865000.0,155900000.0,155298000.0,155298000.0,78.44399136
2025-08-29T05:00:00,155298000.0,155302000.0,154850000.0,154989000.0,129.74345837
2025-08-29T06:00:00,154989000.0,155096000.0,154500000.0,155007000.0,138.78489341
2025-08-29T07:00:00,155007000.0,155076000.0,153800000.0,153898000.0,273.04650399
2025-08-29T08:00:00,153832000.0,154068000.0,153170000.0,153185000.0,174.79715708
2025-08-29T09:00:00,153185000.0,153461000.0,153000000.0,153410000.0,186.09812346
2025-08-29T10:00:00,153410000.0,154149000.0,153389000.0,153966000.0,86.25930969
2025-08-29T11:00:00,153966000.0,154000000.0,153574000.0,153650000.0,54.54730793
2025-08-29T12:00:00,153620000.0,155816000.0,153613000.0,154695000.0,201.582781
2025-08-29T13:00:00,154695000.0,154695000.0,152550000.0,152611000.0,256.26166459
2025-08-29T14:00:00,152611000.0,153004000.0,151560000.0,151578000.0,416.11428724
2025-08-29T15:00:00,151560000.0,152261000.0,151556000.0,151941000.0,163.6841682
2025-08-29T16:00:00,151942000.0,152364000.0,151690000.0,152325000.0,64.68895555
2025-08-29T17:00:00,152325000.0,152325000.0,151800000.0,152163000.0,36.20349038
2025-08-29T18:00:00,152132000.0,152148000.0,151782000.0,151874000.0,36.08881252
2025-08-29T19:00:00,151874000.0,152338000.0,151700000.0,151834000.0,33.56930928
2025-08-29T20:00:00,151834000.0,151875000.0,151116000.0,151415000.0,125.65626458
2025-08-29T21:00:00,151415000.0,152166000.0,151100000.0,152166000.0,91.90170076
2025-08-29T22:00:00,152166000.0,152280000.0,152000000.0,152188000.0,62.97585736
2025-08-29T23:00:00,152188000.0,152479000.0,152145000.0,152262000.0,60.26364189
2025-08-30T00:00:00,152262000.0,152267000.0,151405000.0,151549000.0,118.00895992
2025-08-30T01:00:00,151549000.0,151550000.0,149888000.0,149891000.0,476.52997362
2025-08-30T02:00:00,149891000.0,150469000.0,149704000.0,150257000.0,226.83084569
2025-08-30T03:00:00,150257000.0,152000000.0,150182000.0,151424000.0,219.51066338
2025-08-30T04:00:00,151423000.0,151900000.0,151406000.0,151479000.0,59.5300848
2025-08-30T05:00:00,151479000.0,151691000.0,151080000.0,151654000.0,64.00264811
2025-08-30T06:00:00,151607000.0,151850000.0,151433000.0,151452000.0,49.28248838
2025-08-30T07:00:00,151449000.0,151485000.0,151265000.0,151484000.0,50.47893446
2025-08-30T08:00:00,151478000.0,151837000.0,151439000.0,151475000.0,40.36358682
2025-08-30T09:00:00,151475000.0,151475000.0,151231000.0,151413000.0,31.43516782
2025-08-30T10:00:00,151413000.0,151770000.0,151399000.0,151400000.0,38.01102429
2025-08-30T11:00:00,151399000.0,151830000.0,151367000.0,151826000.0,24.26852026
2025-08-30T12:00:00,151829000.0,151830000.0,151229000.0,151500000.0,46.20903683
2025-08-30T13:00:00,151500000.0,151500000.0,150938000.0,151200000.0,68.36835856
2025-08-30T14:00:00,151200000.0,151499000.0,151098000.0,151447000.0,26.23849348
2025-08-30T15:00:00,151447000.0,151800000.0,151163000.0,151800000.0,30.59250427
2025-08-30T16:00:00,151800000.0,151813000.0,151599000.0,151734000.0,14.12392497
2025-08-30T17:00:00,151798000.0,151798000.0,151501000.0,151624000.0,9.60405372
2025-08-30T18:00:00,151624000.0,151726000.0,151440000.0,151615000.0,6.60896596
2025-08-30T19:00:00,151615000.0,151784000.0,151450000.0,151696000.0,5.39097696
2025-08-30T20:00:00,151696000.0,151784000.0,151394000.0,151566000.0,10.25352828
2025-08-30T21:00:00,151577000.0,151586000.0,151350000.0,151472000.0,7.75407562
2025-08-30T22:00:00,151472000.0,151533000.0,151370000.0,151441000.0,14.4069386
2025-08-30T23:00:00,151440000.0,151750000.0,151440000.0,151734000.0,23.1152831
2025-08-31T00:00:00,151734000.0,152960000.0,151716000.0,152932000.0,136.97452169
2025-08-31T01:00:00,152931000.0,152955000.0,152400000.0,152852000.0,94.47779343
2025-08-31T02:00:00,152852000.0,152872000.0,152118000.0,152298000.0,52.9766039
2025-08-31T03:00:00,152298000.0,152374000.0,152166000.0,152176000.0,29.01833316
2025-08-31T04:00:00,152176000.0,152295000.0,151455000.0,151620000.0,69.10144357
2025-08-31T05:00:00,151620000.0,151621000.0,151200000.0,151382000.0,59.96352554
2025-08-31T06:00:00,151382000.0,151481000.0,151265000.0,151306000.0,38.33543644
2025-08-31T07:00:00,151306000.0,151540000.0,151280000.0,151414000.0,26.42048626
2025-08-31T08:00:00,151410000.0,151930000.0,151377000.0,151871000.0,40.57214054
2025-08-31T09:00:00,151845000.0,151970000.0,151109000.0,151139000.0,55.23321947
2025-08-31T10:00:00,151121000.0,151204000.0,150777000.0,151198000.0,77.7652093
2025-08-31T11:00:00,151204000.0,151263000.0,150740000.0,150846000.0,50.13973128
2025-08-31T12:00:00,150846000.0,150862000.0,150565000.0,150598000.0,62.30344376
2025-08-31T13:00:00,150598000.0,150629000.0,150447000.0,150578000.0,79.84851701
2025-08-31T14:00:00,150578000.0,150777000.0,150470000.0,150693000.0,46.24808828
2025-08-31T15:00:00,150693000.0,151213000.0,150623000.0,151150000.0,36.80303906
2025-08-31T16:00:00,151150000.0,151218000.0,150850000.0,151212000.0,24.14105047
2025-08-31T17:00:00,151212000.0,151300000.0,151122000.0,151300000.0,20.08301717
2025-08-31T18:00:00,151300000.0,151534000.0,151206000.0,151523000.0,13.6754846
2025-08-31T19:00:00,151528000.0,151550000.0,151339000.0,151358000.0,15.15720827
2025-08-31T20:00:00,151358000.0,151559000.0,151258000.0,151550000.0,11.34356053
2025-08-31T21:00:00,151559000.0,151724000.0,151552000.0,151608000.0,20.72504449
2025-08-31T22:00:00,151608000.0,151784000.0,151312000.0,151468000.0,39.74633486
2025-08-31T23:00:00,151468000.0,151500000.0,150500000.0,150700000.0,67.37121639
2025-09-01T00:00:00,150700000.0,150919000.0,149722000.0,150836000.0,284.19508319
2025-09-01T01:00:00,150836000.0,150900000.0,150415000.0,150696000.0,55.35063087
2025-09-01T02:00:00,150696000.0,150698000.0,149522000.0,149800000.0,165.98886965
2025-09-01T03:00:00,149797000.0,149904000.0,149540000.0,149750000.0,105.41885337
2025-09-01T04:00:00,149787000.0,149804000.0,149087000.0,149282000.0,179.36172685
2025-09-01T05:00:00,149280000.0,150000000.0,149000000.0,149977000.0,145.37733985
2025-09-01T06:00:00,149977000.0,150396000.0,149692000.0,150330000.0,74.02014992
2025-09-01T07:00:00,150335000.0,152333000.0,150195000.0,152295000.0,148.62437836
2025-09-01T08:00:00,152296000.0,152789000.0,152022000.0,152219000.0,148.06107477
2025-09-01T09:00:00,152219000.0,152597000.0,151800000.0,151838000.0,84.44179547
2025-09-01T10:00:00,151838000.0,151968000.0,150351000.0,150783000.0,116.25837855
2025-09-01T11:00:00,150782000.0,151305000.0,150728000.0,151226000.0,47.53477224
2025-09-01T12:00:00,151226000.0,151755000.0,151127000.0,151567000.0,48.96660815
2025-09-01T13:00:00,151567000.0,152300000.0,151519000.0,151774000.0,85.39543299
2025-09-01T14:00:00,151774000.0,152235000.0,151750000.0,152014000.0,56.03996506
2025-09-01T15:00:00,152007000.0,152231000.0,151411000.0,151619000.0,53.04321516
2025-09-01T16:00:00,151619000.0,151987000.0,151517000.0,151620000.0,23.99777892
2025-09-01T17:00:00,151620000.0,151877000.0,151251000.0,151877000.0,26.94294016
2025-09-01T18:00:00,151878000.0,152110000.0,151878000.0,152100000.0,15.36668634
2025-09-01T19:00:00,152100000.0,152245000.0,151896000.0,152205000.0,15.47897726
2025-09-01T20:00:00,152206000.0,152206000.0,151277000.0,151952000.0,26.34513617
2025-09-01T21:00:00,151953000.0,152056000.0,150327000.0,150700000.0,96.1203732
2025-09-01T22:00:00,150708000.0,151630000.0,150548000.0,151630000.0,58.20408987
2025-09-01T23:00:00,151600000.0,152585000.0,151519000.0,152419000.0,87.01842784
2025-09-02T00:00:00,152419000.0,152500000.0,151973000.0,152198000.0,66.83881848
2025-09-02T01:00:00,152102000.0,152697000.0,152090000.0,152453000.0,64.4183911
2025-09-02T02:00:00,152378000.0,153373000.0,152324000.0,153373000.0,90.53251674
2025-09-02T03:00:00,153373000.0,154000000.0,153100000.0,153549000.0,155.96730405
2025-09-02T04:00:00,153547000.0,153640000.0,153358000.0,153469000.0,55.52523509
2025-09-02T05:00:00,153498000.0,153512000.0,153200000.0,153366000.0,36.90322266
2025-09-02T06:00:00,153366000.0,153639000.0,153330000.0,153370000.0,50.68113254
2025-09-02T07:00:00,153370000.0,153450000.0,152800000.0,153108000.0,58.06241024
2025-09-02T08:00:00,153118000.0,153858000.0,153000000.0,153521000.0,44.89319094
2025-09-02T09:00:00,153520000.0,153882000.0,153252000.0,153601000.0,42.4207718
2025-09-02T10:00:00,153598000.0,153746000.0,153102000.0,153310000.0,38.87189516
2025-09-02T11:00:00,153305000.0,153320000.0,152547000.0,152635000.0,56.9132153
2025-09-02T12:00:00,152599000.0,152817000.0,150984000.0,151677000.0,160.06413326
2025-09-02T13:00:00,151677000.0,154783000.0,151600000.0,154540000.0,269.08210809
2025-09-02T14:00:00,154456000.0,155196000.0,153973000.0,154666000.0,262.41949428
2025-09-02T15:00:00,154666000.0,154807000.0,153804000.0,154256000.0,92.75013149
2025-09-02T16:00:00,154256000.0,154758000.0,153988000.0,154320000.0,52.67361973
2025-09-02T17:00:00,154329000.0,154617000.0,154175000.0,154403000.0,22.59738134
2025-09-02T18:00:00,154391000.0,154452000.0,153750000.0,154220000.0,33.48610988
2025-09-02T19:00:00,154090000.0,154600000.0,154028000.0,154600000.0,18.27035009
2025-09-02T20:00:00,154579000.0,155200000.0,154515000.0,155195000.0,72.84733706
2025-09-02T21:00:00,155196000.0,155445000.0,154946000.0,154994000.0,57.35786571
2025-09-02T22:00:00,154994000.0,155150000.0,154663000.0,155094000.0,62.67190153
2025-09-02T23:00:00,155093000.0,155094000.0,154700000.0,154850000.0,54.36586192
2025-09-03T00:00:00,154850000.0,156000000.0,154825000.0,155200000.0,136.36216881
2025-09-03T01:00:00,155200000.0,155330000.0,154428000.0,154997000.0,67.55575011
2025-09-03T02:00:00,154951000.0,155268000.0,154825000.0,155218000.0,57.38860292
2025-09-03T03:00:00,155182000.0,155218000.0,154500000.0,154709000.0,38.57068792
2025-09-03T04:00:00,154709000.0,154858000.0,154501000.0,154695000.0,32.81541194
2025-09-03T05:00:00,154695000.0,154710000.0,154363000.0,154363000.0,36.24574509
2025-09-03T06:00:00,154363000.0,154478000.0,154032000.0,154223000.0,43.40047792
2025-09-03T07:00:00,154222000.0,154814000.0,154086000.0,154814000.0,41.98110819
2025-09-03T08:00:00,154800000.0,155003000.0,154501000.0,154574000.0,32.12559099
2025-09-03T09:00:00,154573000.0,155000000.0,154530000.0,154940000.0,27.03165847
2025-09-03T10:00:00,154937000.0,155100000.0,154833000.0,154959000.0,37.87054973
2025-09-03T11:00:00,154950000.0,155266000.0,154905000.0,154997000.0,37.8848443
2025-09-03T12:00:00,154997000.0,155342000.0,154450000.0,154595000.0,51.83885346
2025-09-03T13:00:00,154557000.0,155229000.0,154500000.0,154793000.0,63.21205623
2025-09-03T14:00:00,154793000.0,155896000.0,154442000.0,155692000.0,126.78508064
2025-09-03T15:00:00,155601000.0,155722000.0,155211000.0,155483000.0,36.32010351
2025-09-03T16:00:00,155484000.0,155624000.0,154850000.0,155059000.0,25.62725331
2025-09-03T17:00:00,155059000.0,155855000.0,154970000.0,155659000.0,28.03178058
2025-09-03T18:00:00,155622000.0,155856000.0,155096000.0,155349000.0,14.99485058
2025-09-03T19:00:00,155349000.0,155491000.0,155131000.0,155491000.0,8.6391197
2025-09-03T20:00:00,155499000.0,155604000.0,155300000.0,155451000.0,13.89894435
2025-09-03T21:00:00,155451000.0,155564000.0,155080000.0,155221000.0,25.34868418
2025-09-03T22:00:00,155221000.0,155469000.0,155039000.0,155198000.0,21.00801152
2025-09-03T23:00:00,155199000.0,155226000.0,154884000.0,154890000.0,35.25844135
2025-09-04T00:00:00,154890000.0,155403000.0,154865000.0,155397000.0,48.78926447
2025-09-04T01:00:00,155397000.0,155398000.0,155000000.0,155348000.0,33.82900138
2025-09-04T02:00:00,155330000.0,155381000.0,154990000.0,155122000.0,41.83487968
2025-09-04T03:00:00,155122000.0,155398000.0,154907000.0,154907000.0,33.13575087
2025-09-04T04:00:00,154907000.0,155000000.0,154612000.0,154617000.0,37.81311367
2025-09-04T05:00:00,154615000.0,154725000.0,154330000.0,154445000.0,61.86624789
2025-09-04T06:00:00,154445000.0,154503000.0,154100000.0,154250000.0,48.80129678
2025-09-04T07:00:00,154160000.0,154450000.0,154159000.0,154333000.0,29.60292663
2025-09-04T08:00:00,154333000.0,154667000.0,154220000.0,154384000.0,25.74273449
2025-09-04T09:00:00,154405000.0,154806000.0,154391000.0,154586000.0,24.33570711
2025-09-04T10:00:00,154586000.0,154876000.0,154300000.0,154300000.0,32.80513617
2025-09-04T11:00:00,154300000.0,154804000.0,154223000.0,154671000.0,26.14965124
2025-09-04T12:00:00,154671000.0,154917000.0,154403000.0,154780000.0,41.26301908
2025-09-04T13:00:00,154780000.0,154850000.0,154100000.0,154403000.0,42.14378086
2025-09-04T14:00:00,154403000.0,154410000.0,153420000.0,153519000.0,119.02783257
2025-09-04T15:00:00,153519000.0,153682000.0,153093000.0,153455000.0,64.0587904
2025-09-04T16:00:00,153454000.0,153608000.0,153260000.0,153346000.0,29.29335922
2025-09-04T17:00:00,153474000.0,153976000.0,153348000.0,153946000.0,18.41975512
2025-09-04T18:00:00,153944000.0,154500000.0,153819000.0,154350000.0,25.69615326
2025-09-04T19:00:00,154259000.0,154429000.0,154000000.0,154230000.0,27.95976231
2025-09-04T20:00:00,154236000.0,154865000.0,154099000.0,154846000.0,21.08075586
2025-09-04T21:00:00,154850000.0,155016000.0,154751000.0,154998000.0,38.41545609
2025-09-04T22:00:00,154998000.0,156264000.0,154901000.0,156199000.0,102.51966312
2025-09-04T23:00:00,156172000.0,156515000.0,155100000.0,155410000.0,95.5608128
2025-09-05T00:00:00,155337000.0,155552000.0,154825000.0,155001000.0,68.57935573
2025-09-05T01:00:00,154907000.0,155670000.0,154894000.0,155640000.0,41.44444075
2025-09-05T02:00:00,155640000.0,156007000.0,155440000.0,155914000.0,60.14497447
2025-09-05T03:00:00,155914000.0,155920000.0,155472000.0,155846000.0,29.67091671
2025-09-05T04:00:00,155845000.0,155926000.0,155589000.0,155876000.0,29.86926322
2025-09-05T05:00:00,155876000.0,156100000.0,155814000.0,155965000.0,34.13670683
2025-09-05T06:00:00,155965000.0,156400000.0,155885000.0,156400000.0,48.56705804
2025-09-05T07:00:00,156342000.0,157700000.0,156311000.0,157684000.0,220.35088192
2025-09-05T08:00:00,157684000.0,157720000.0,157141000.0,157193000.0,101.25967051
2025-09-05T09:00:00,157192000.0,157275000.0,156675000.0,156922000.0,59.90612466
2025-09-05T10:00:00,156912000.0,157094000.0,156690000.0,156930000.0,54.54288739
2025-09-05T11:00:00,156870000.0,156973000.0,156696000.0,156864000.0,37.60872886
2025-09-05T12:00:00,156855000.0,157853000.0,156616000.0,157647000.0,207.39102673
2025-09-05T13:00:00,157612000.0,157642000.0,157050000.0,157287000.0,93.29291503
2025-09-05T14:00:00,157237000.0,157299000.0,154900000.0,154990000.0,263.30975137
2025-09-05T15:00:00,154990000.0,155540000.0,154698000.0,155032000.0,89.55128909
2025-09-05T16:00:00,155031000.0,155500000.0,154914000.0,155361000.0,31.41016102
2025-09-05T17:00:00,155361000.0,155470000.0,154698000.0,155285000.0,24.51693904
2025-09-05T18:00:00,155115000.0,155833000.0,155104000.0,155763000.0,15.62587005
2025-09-05T19:00:00,155742000.0,155947000.0,155556000.0,155848000.0,13.65425273
2025-09-05T20:00:00,155855000.0,155989000.0,155500000.0,155843000.0,16.19582239
2025-09-05T21:00:00,155843000.0,155899000.0,154502000.0,154892000.0,53.98413436
2025-09-05T22:00:00,154873000.0,155313000.0,154800000.0,155246000.0,23.26192228
2025-09-05T23:00:00,155190000.0,155301000.0,154918000.0,154930000.0,25.99466065
2025-09-06T00:00:00,154930000.0,155211000.0,154820000.0,155132000.0,31.85397693
2025-09-06T01:00:00,155125000.0,155254000.0,155053000.0,155181000.0,18.43817403
2025-09-06T02:00:00,155180000.0,155629000.0,154985000.0,155540000.0,27.27588832
2025-09-06T03:00:00,155540000.0,155628000.0,155242000.0,155270000.0,21.20036606
2025-09-06T04:00:00,155269000.0,155270000.0,154982000.0,155125000.0,21.73673673
2025-09-06T05:00:00,155124000.0,155208000.0,155011000.0,155064000.0,15.22928203
2025-09-06T06:00:00,155064000.0,155150000.0,155000000.0,155139000.0,10.62035467
2025-09-06T07:00:00,155139000.0,155150000.0,155074000.0,155131000.0,9.23412863
2025-09-06T08:00:00,155130000.0,155380000.0,155023000.0,155336000.0,15.64077617
2025-09-06T09:00:00,155374000.0,155416000.0,155038000.0,155200000.0,22.76697716
2025-09-06T10:00:00,155110000.0,155325000.0,155064000.0,155086000.0,15.95096562
2025-09-06T11:00:00,155091000.0,155327000.0,155082000.0,155142000.0,14.41207226
2025-09-06T12:00:00,155107000.0,155212000.0,155094000.0,155199000.0,25.08711807
2025-09-06T13:00:00,155199000.0,155500000.0,155142000.0,155499000.0,25.52824243
2025-09-06T14:00:00,155499000.0,155499000.0,155295000.0,155295000.0,14.02521824
2025-09-06T15:00:00,155299000.0,155325000.0,154869000.0,154938000.0,33.21280981
2025-09-06T16:00:00,155000000.0,155000000.0,154500000.0,154727000.0,40.49190658
2025-09-06T17:00:00,154727000.0,154752000.0,154370000.0,154660000.0,22.2015124
2025-09-06T18:00:00,154660000.0,154800000.0,154410000.0,154670000.0,9.09754361
2025-09-06T19:00:00,154666000.0,154670000.0,154440000.0,154567000.0,9.83385891
2025-09-06T20:00:00,154567000.0,154667000.0,154435000.0,154537000.0,7.49640228
2025-09-06T21:00:00,154655000.0,154670000.0,154510000.0,154600000.0,9.21604872
2025-09-06T22:00:00,154600000.0,154600000.0,154240000.0,154309000.0,28.37568105
2025-09-06T23:00:00,154309000.0,154510000.0,154231000.0,154325000.0,23.84996195
2025-09-07T00:00:00,154325000.0,154576000.0,154200000.0,154476000.0,26.86096738
2025-09-07T01:00:00,154476000.0,154778000.0,154475000.0,154727000.0,21.47381831
2025-09-07T02:00:00,154727000.0,154742000.0,154534000.0,154741000.0,24.2280615
2025-09-07T03:00:00,154742000.0,154780000.0,154741000.0,154741000.0,12.03194134
2025-09-07T04:00:00,154740000.0,154744000.0,154510000.0,154540000.0,13.40869644
2025-09-07T05:00:00,154540000.0,154776000.0,154538000.0,154614000.0,16.67082342
2025-09-07T06:00:00,154614000.0,154615000.0,154442000.0,154518000.0,14.90737785
2025-09-07T07:00:00,154518000.0,154943000.0,154410000.0,154775000.0,18.65231026
2025-09-07T08:00:00,154884000.0,155501000.0,154779000.0,155175000.0,46.29218999
2025-09-07T09:00:00,155150000.0,155332000.0,155000000.0,155260000.0,26.50517706
2025-09-07T10:00:00,155260000.0,155408000.0,155131000.0,155280000.0,21.82137129
2025-09-07T11:00:00,155238000.0,155371000.0,155198000.0,155336000.0,18.93869442
2025-09-07T12:00:00,155301000.0,155400000.0,155179000.0,155256000.0,25.85766371
2025-09-07T13:00:00,155256000.0,155288000.0,155001000.0,155223000.0,17.3994734
2025-09-07T14:00:00,155222000.0,155445000.0,154973000.0,155099000.0,39.2701111
2025-09-07T15:00:00,155099000.0,155453000.0,155011000.0,155389000.0,21.26285303
2025-09-07T16:00:00,155349000.0,155400000.0,155207000.0,155341000.0,10.44349484
2025-09-07T17:00:00,155341000.0,155377000.0,155158000.0,155165000.0,7.16033645
2025-09-07T18:00:00,155165000.0,155424000.0,155161000.0,155367000.0,6.35567709
2025-09-07T19:00:00,155300000.0,155700000.0,155300000.0,155700000.0,14.70527861
2025-09-07T20:00:00,155695000.0,155784000.0,155576000.0,155637000.0,9.23964872
2025-09-07T21:00:00,155639000.0,155775000.0,155193000.0,155208000.0,15.56925738
2025-09-07T22:00:00,155202000.0,155333000.0,155053000.0,155152000.0,22.40999745
2025-09-07T23:00:00,155136000.0,155520000.0,155000000.0,155001000.0,35.89870199
2025-09-08T00:00:00,155001000.0,155351000.0,154825000.0,154854000.0,48.09139935
2025-09-08T01:00:00,154854000.0,154980000.0,154700000.0,154878000.0,35.76921819
2025-09-08T02:00:00,154878000.0,155362000.0,154592000.0,155127000.0,45.75107295
2025-09-08T03:00:00,155127000.0,155365000.0,154975000.0,155046000.0,70.16993668
2025-09-08T04:00:00,155002000.0,155295000.0,154895000.0,155000000.0,30.75948446
2025-09-08T05:00:00,154970000.0,155074000.0,154902000.0,155021000.0,22.05801978
2025-09-08T06:00:00,155020000.0,155270000.0,154978000.0,155268000.0,14.98635111
2025-09-08T07:00:00,155203000.0,155602000.0,155185000.0,155251000.0,31.61335112
2025-09-08T08:00:00,155251000.0,155891000.0,155248000.0,155752000.0,49.98728327
2025-09-08T09:00:00,155751000.0,156200000.0,155650000.0,156083000.0,47.27605726
2025-09-08T10:00:00,156061000.0,156109000.0,155878000.0,155956000.0,42.49228893
2025-09-08T11:00:00,155956000.0,156000000.0,155520000.0,156000000.0,48.05945238
2025-09-08T12:00:00,155980000.0,156030000.0,155755000.0,155955000.0,35.51332227
2025-09-08T13:00:00,155955000.0,156366000.0,155800000.0,155830000.0,72.18278925
2025-09-08T14:00:00,155800000.0,156700000.0,155732000.0,156446000.0,66.28404662
2025-09-08T15:00:00,156446000.0,156838000.0,156257000.0,156362000.0,55.41816968
2025-09-08T16:00:00,156339000.0,156399000.0,156004000.0,156217000.0,15.70123806
2025-09-08T17:00:00,156216000.0,156424000.0,155980000.0,156129000.0,11.76969761
2025-09-08T18:00:00,156102000.0,156419000.0,156033000.0,156323000.0,8.06300754
2025-09-08T19:00:00,156323000.0,156343000.0,156021000.0,156212000.0,9.86104649
2025-09-08T20:00:00,156086000.0,156291000.0,156000000.0,156205000.0,17.5624404
2025-09-08T21:00:00,156161000.0,156284000.0,156059000.0,156150000.0,15.46019776
2025-09-08T22:00:00,156148000.0,156400000.0,156148000.0,156270000.0,21.80929977
2025-09-08T23:00:00,156270000.0,156321000.0,156048000.0,156048000.0,33.51773523
2025-09-09T00:00:00,156048000.0,156208000.0,155400000.0,155581000.0,81.9441031
2025-09-09T01:00:00,155581000.0,155626000.0,155226000.0,155368000.0,57.86571868
2025-09-09T02:00:00,155368000.0,155600000.0,155000000.0,155213000.0,147.55980656
2025-09-09T03:00:00,155213000.0,155627000.0,155000000.0,155606000.0,84.89726628
2025-09-09T04:00:00,155505000.0,155925000.0,155445000.0,155842000.0,31.53122561
2025-09-09T05:00:00,155842000.0,155959000.0,155584000.0,155957000.0,25.45719297
2025-09-09T06:00:00,155956000.0,156999000.0,155934000.0,156903000.0,118.79248951
2025-09-09T07:00:00,156903000.0,157200000.0,156551000.0,156823000.0,87.03806117
2025-09-09T08:00:00,156813000.0,156907000.0,156541000.0,156685000.0,92.45379065
2025-09-09T09:00:00,156643000.0,156785000.0,156500000.0,156683000.0,30.73144652
2025-09-09T10:00:00,156683000.0,156801000.0,156300000.0,156430000.0,38.41476052
2025-09-09T11:00:00,156430000.0,156550000.0,156173000.0,156175000.0,36.10605546
2025-09-09T12:00:00,156175000.0,156580000.0,156171000.0,156424000.0,46.48270826
2025-09-09T13:00:00,156402000.0,156771000.0,156332000.0,156548000.0,44.94204353
2025-09-09T14:00:00,156547000.0,156700000.0,155450000.0,155754000.0,127.48226519
2025-09-09T15:00:00,155754000.0,155779000.0,154800000.0,154999000.0,132.22990591
2025-09-09T16:00:00,155074000.0,155218000.0,154697000.0,154846000.0,49.18063068
2025-09-09T17:00:00,154847000.0,155079000.0,154782000.0,155000000.0,33.10211046
2025-09-09T18:00:00,155000000.0,155313000.0,154854000.0,155096000.0,17.06809413
2025-09-09T19:00:00,155171000.0,155399000.0,155095000.0,155379000.0,12.70371118
2025-09-09T20:00:00,155379000.0,155621000.0,155149000.0,155598000.0,21.47430374
2025-09-09T21:00:00,155598000.0,155867000.0,155316000.0,155323000.0,27.75824757
2025-09-09T22:00:00,155333000.0,155621000.0,155259000.0,155549000.0,30.05904082
2025-09-09T23:00:00,155540000.0,155550000.0,155359000.0,155450000.0,23.01620213
2025-09-10T00:00:00,155451000.0,155480000.0,154997000.0,155000000.0,68.9413848
2025-09-10T01:00:00,154999000.0,155249000.0,154950000.0,154995000.0,60.04438479
2025-09-10T02:00:00,154994000.0,155499000.0,154970000.0,155354000.0,59.23306975
2025-09-10T03:00:00,155275000.0,155467000.0,155252000.0,155303000.0,30.40764169
2025-09-10T04:00:00,155303000.0,155510000.0,155302000.0,155428000.0,26.47967499
2025-09-10T05:00:00,155424000.0,155510000.0,155324000.0,155492000.0,29.43509978
2025-09-10T06:00:00,155445000.0,155995000.0,155400000.0,155701000.0,36.13683076
2025-09-10T07:00:00,155700000.0,156500000.0,155678000.0,156458000.0,58.61429607
2025-09-10T08:00:00,156459000.0,156890000.0,156270000.0,156369000.0,87.3638651
2025-09-10T09:00:00,156368000.0,156520000.0,156099000.0,156285000.0,33.10324844
2025-09-10T10:00:00,156285000.0,156500000.0,156284000.0,156425000.0,26.32782536
2025-09-10T11:00:00,156423000.0,156427000.0,156200000.0,156308000.0,24.72402336
2025-09-10T12:00:00,156308000.0,157750000.0,156275000.0,157575000.0,220.67753676
2025-09-10T13:00:00,157568000.0,158588000.0,157568000.0,158184000.0,234.1552701
2025-09-10T14:00:00,158181000.0,158553000.0,158002000.0,158003000.0,116.26047786
2025-09-10T15:00:00,158002000.0,158261000.0,157849000.0,158094000.0,45.34439494
2025-09-10T16:00:00,158054000.0,158194000.0,157800000.0,157998000.0,26.94690054
2025-09-10T17:00:00,157932000.0,158236000.0,157612000.0,158073000.0,22.81243499
2025-09-10T18:00:00,158041000.0,158194000.0,157610000.0,157901000.0,14.39374256
2025-09-10T19:00:00,157878000.0,158200000.0,157532000.0,158200000.0,19.59286627
2025-09-10T20:00:00,158165000.0,158500000.0,158123000.0,158272000.0,26.11816441
2025-09-10T21:00:00,158272000.0,158500000.0,158236000.0,158500000.0,30.43879921
2025-09-10T22:00:00,158499000.0,158800000.0,158498000.0,158596000.0,83.52468745
2025-09-10T23:00:00,158595000.0,158790000.0,158450000.0,158561000.0,57.26802885
2025-09-11T00:00:00,158562000.0,158800000.0,158502000.0,158758000.0,84.07007545
2025-09-11T01:00:00,158755000.0,158950000.0,158657000.0,158723000.0,77.32152129
2025-09-11T02:00:00,158723000.0,158736000.0,158475000.0,158548000.0,58.64550231
2025-09-11T03:00:00,158546000.0,159319000.0,158480000.0,159270000.0,64.24319069
2025-09-11T04:00:00,159270000.0,159277000.0,158810000.0,158846000.0,63.51244715
2025-09-11T05:00:00,158825000.0,159287000.0,158740000.0,159019000.0,49.96372691
2025-09-11T06:00:00,159010000.0,159304000.0,158980000.0,159275000.0,45.43980362
2025-09-11T07:00:00,159252000.0,159275000.0,158797000.0,158816000.0,50.25737499
2025-09-11T08:00:00,158814000.0,159016000.0,158700000.0,158700000.0,45.95222064
2025-09-11T09:00:00,158700000.0,158718000.0,158499000.0,158577000.0,52.21557182
2025-09-11T10:00:00,158577000.0,158955000.0,158577000.0,158902000.0,45.47741226
2025-09-11T11:00:00,158902000.0,159000000.0,158718000.0,158939000.0,38.88213546
2025-09-11T12:00:00,158927000.0,159450000.0,158155000.0,158612000.0,270.6123762
2025-09-11T13:00:00,158555000.0,159450000.0,157777000.0,159447000.0,163.63090483
2025-09-11T14:00:00,159447000.0,159450000.0,158700000.0,159199000.0,81.58060995
2025-09-11T15:00:00,159199000.0,159500000.0,158940000.0,159153000.0,49.07279788
2025-09-11T16:00:00,159154000.0,159496000.0,159018000.0,159496000.0,24.09509761
2025-09-11T17:00:00,159497000.0,159500000.0,159340000.0,159420000.0,18.40449658
2025-09-11T18:00:00,159419000.0,159497000.0,159001000.0,159166000.0,9.95478213
2025-09-11T19:00:00,159166000.0,159300000.0,159027000.0,159265000.0,16.09836744
2025-09-11T20:00:00,159268000.0,159274000.0,159009000.0,159222000.0,8.53203443
2025-09-11T21:00:00,159222000.0,159400000.0,159017000.0,159270000.0,25.7185463
2025-09-11T22:00:00,159270000.0,160228000.0,159269000.0,160206000.0,127.87936089
2025-09-11T23:00:00,160206000.0,160400000.0,160200000.0,160375000.0,78.66525913
2025-09-12T00:00:00,160395000.0,161611000.0,160357000.0,161101000.0,233.66209707
2025-09-12T01:00:00,161101000.0,161297000.0,160420000.0,160420000.0,115.40316242
2025-09-12T02:00:00,160418000.0,160900000.0,160395000.0,160412000.0,68.22598899
2025-09-12T03:00:00,160412000.0,160422000.0,160020000.0,160272000.0,83.23325325
2025-09-12T04:00:00,160197000.0,160700000.0,160120000.0,160492000.0,67.57745041
2025-09-12T05:00:00,160492000.0,160741000.0,160482000.0,160640000.0,64.80160887
2025-09-12T06:00:00,160640000.0,160649000.0,160094000.0,160264000.0,75.08798624
2025-09-12T07:00:00,160256000.0,160325000.0,160032000.0,160033000.0,46.79252399
2025-09-12T08:00:00,160032000.0,160190000.0,160000000.0,160044000.0,49.41123205
2025-09-12T09:00:00,160044000.0,160150000.0,160001000.0,160070000.0,32.21438231
2025-09-12T10:00:00,160064000.0,160150000.0,160003000.0,160127000.0,24.29681259
2025-09-12T11:00:00,160126000.0,160403000.0,160050000.0,160146000.0,47.33996499
2025-09-12T12:00:00,160137000.0,160550000.0,160000000.0,160385000.0,48.00846932
2025-09-12T13:00:00,160466000.0,160486000.0,160100000.0,160336000.0,40.50955696
2025-09-12T14:00:00,160336000.0,160562000.0,160100000.0,160368000.0,61.76120284
2025-09-12T15:00:00,160364000.0,160437000.0,160126000.0,160342000.0,26.69174475
2025-09-12T16:00:00,160342000.0,160540000.0,160250000.0,160509000.0,23.56136023
2025-09-12T17:00:00,160509000.0,161000000.0,160509000.0,160802000.0,36.63363865
2025-09-12T18:00:00,160777000.0,161523000.0,160777000.0,161512000.0,53.74177189
2025-09-12T19:00:00,161465000.0,161794000.0,161242000.0,161682000.0,41.86640717
2025-09-12T20:00:00,161681000.0,161697000.0,160905000.0,161083000.0,40.75471657
2025-09-12T21:00:00,161083000.0,161220000.0,160776000.0,160961000.0,47.3359939
2025-09-12T22:00:00,160948000.0,161241000.0,160777000.0,161010000.0,74.78317227
2025-09-12T23:00:00,161000000.0,161251000.0,160855000.0,161101000.0,57.18491407
2025-09-13T00:00:00,161110000.0,161352000.0,160787000.0,161335000.0,63.59784071
2025-09-13T01:00:00,161338000.0,161369000.0,160685000.0,160708000.0,90.02312612
2025-09-13T02:00:00,160701000.0,160948000.0,160566000.0,160796000.0,49.50412453
2025-09-13T03:00:00,160796000.0,160916000.0,160791000.0,160901000.0,42.63471115
2025-09-13T04:00:00,160901000.0,160915000.0,160608000.0,160625000.0,66.12409832
2025-09-13T05:00:00,160625000.0,160706000.0,160591000.0,160665000.0,29.00090488
2025-09-13T06:00:00,160665000.0,160669000.0,160565000.0,160572000.0,29.032856
2025-09-13T07:00:00,160572000.0,160800000.0,160566000.0,160780000.0,26.30181876
2025-09-13T08:00:00,160780000.0,160827000.0,160684000.0,160822000.0,26.03104138
2025-09-13T09:00:00,160822000.0,160823000.0,160500000.0,160657000.0,64.56581201
2025-09-13T10:00:00,160656000.0,160809000.0,160548000.0,160549000.0,46.01818931
2025-09-13T11:00:00,160549000.0,160656000.0,160500000.0,160551000.0,32.23200843
2025-09-13T12:00:00,160551000.0,160563000.0,160375000.0,160517000.0,44.3025793
2025-09-13T13:00:00,160517000.0,160523000.0,160025000.0,160094000.0,79.45655637
2025-09-13T14:00:00,160101000.0,160280000.0,160002000.0,160060000.0,75.15678151
2025-09-13T15:00:00,160060000.0,160170000.0,160001000.0,160002000.0,33.71561262
2025-09-13T16:00:00,160001000.0,160028000.0,159461000.0,159614000.0,98.10134722
2025-09-13T17:00:00,159614000.0,160033000.0,159500000.0,160001000.0,23.14492275
2025-09-13T18:00:00,160001000.0,160248000.0,159920000.0,160243000.0,17.03393667
2025-09-13T19:00:00,160244000.0,160360000.0,160063000.0,160360000.0,9.33381251
2025-09-13T20:00:00,160321000.0,160526000.0,160291000.0,160504000.0,7.9929183
2025-09-13T21:00:00,160523000.0,160629000.0,160504000.0,160610000.0,17.48688362
2025-09-13T22:00:00,160610000.0,160610000.0,160389000.0,160541000.0,18.74930069
2025-09-13T23:00:00,160540000.0,160628000.0,160386000.0,160536000.0,21.96369575
2025-09-14T00:00:00,160536000.0,160800000.0,160529000.0,160750000.0,38.34500289
2025-09-14T01:00:00,160750000.0,160759000.0,160211000.0,160610000.0,41.89366649
2025-09-14T02:00:00,160609000.0,160740000.0,160332000.0,160538000.0,34.1123242
2025-09-14T03:00:00,160538000.0,160545000.0,160187000.0,160286000.0,33.14301835
2025-09-14T04:00:00,160286000.0,160560000.0,160138000.0,160502000.0,26.98916427
2025-09-14T05:00:00,160502000.0,160514000.0,160300000.0,160440000.0,15.73192054
2025-09-14T06:00:00,160440000.0,160469000.0,160271000.0,160398000.0,18.1270693
2025-09-14T07:00:00,160393000.0,160455000.0,160349000.0,160400000.0,14.01283987
2025-09-14T08:00:00,160400000.0,160746000.0,160339000.0,160700000.0,29.42278043
2025-09-14T09:00:00,160698000.0,160929000.0,160659000.0,160926000.0,32.84836158
2025-09-14T10:00:00,160927000.0,160980000.0,160666000.0,160795000.0,23.86748019
2025-09-14T11:00:00,160795000.0,160907000.0,160660000.0,160800000.0,39.26570354
2025-09-14T12:00:00,160715000.0,160828000.0,160588000.0,160589000.0,31.74422481
2025-09-14T13:00:00,160660000.0,160660000.0,160000000.0,160210000.0,70.30836743
2025-09-14T14:00:00,160210000.0,160406000.0,159899000.0,160020000.0,63.67004079
2025-09-14T15:00:00,160017000.0,160199000.0,160000000.0,160118000.0,29.0520837
2025-09-14T16:00:00,160118000.0,160498000.0,160025000.0,160475000.0,16.7967415
2025-09-14T17:00:00,160475000.0,160671000.0,160276000.0,160401000.0,11.72929253
2025-09-14T18:00:00,160498000.0,160507000.0,160250000.0,160282000.0,3.62796349
2025-09-14T19:00:00,160281000.0,160682000.0,160202000.0,160680000.0,7.08092561
2025-09-14T20:00:00,160678000.0,160821000.0,160570000.0,160805000.0,14.27877907
2025-09-14T21:00:00,160806000.0,161080000.0,160587000.0,161036000.0,44.93229845
2025-09-14T22:00:00,161050000.0,161150000.0,160894000.0,161136000.0,40.80265068
2025-09-14T23:00:00,161136000.0,161200000.0,160210000.0,160338000.0,52.44363716
2025-09-15T00:00:00,160338000.0,160437000.0,160000000.0,160089000.0,69.68455602
2025-09-15T01:00:00,160059000.0,160230000.0,159721000.0,160132000.0,72.87522561
2025-09-15T02:00:00,160110000.0,160468000.0,160110000.0,160392000.0,34.0123744
2025-09-15T03:00:00,160392000.0,160468000.0,160300000.0,160340000.0,26.41466525
2025-09-15T04:00:00,160338000.0,161199000.0,160276000.0,161050000.0,79.48177565
2025-09-15T05:00:00,161046000.0,161550000.0,161015000.0,161550000.0,119.61890192
2025-09-15T06:00:00,161544000.0,161791000.0,161162000.0,161201000.0,80.56660277
2025-09-15T07:00:00,161163000.0,161695000.0,160705000.0,160887000.0,69.93348964
2025-09-15T08:00:00,160886000.0,161118000.0,159750000.0,159759000.0,161.15575652
2025-09-15T09:00:00,159759000.0,160435000.0,159650000.0,159881000.0,101.80035225
2025-09-15T10:00:00,159880000.0,160166000.0,159850000.0,159960000.0,48.77764216
2025-09-15T11:00:00,159962000.0,160437000.0,159866000.0,160377000.0,45.5663978
2025-09-15T12:00:00,160400000.0,160427000.0,159850000.0,159885000.0,41.54283911
2025-09-15T13:00:00,159885000.0,160219000.0,159582000.0,159835000.0,80.09215295
2025-09-15T14:00:00,159794000.0,160100000.0,159500000.0,159928000.0,55.60923057
2025-09-15T15:00:00,159918000.0,160159000.0,159501000.0,160090000.0,52.75057937
2025-09-15T16:00:00,160090000.0,160177000.0,159831000.0,159958000.0,23.04490069
2025-09-15T17:00:00,159958000.0,160370000.0,159958000.0,160370000.0,16.73631101
2025-09-15T18:00:00,160334000.0,160765000.0,160296000.0,160750000.0,17.72025305
2025-09-15T19:00:00,160741000.0,160980000.0,160383000.0,160710000.0,29.31883383
2025-09-15T20:00:00,160710000.0,160952000.0,160582000.0,160800000.0,13.43431525
2025-09-15T21:00:00,160800000.0,160925000.0,160700000.0,160923000.0,22.58547978
2025-09-15T22:00:00,160923000.0,160945000.0,160550000.0,160710000.0,33.09531476
2025-09-15T23:00:00,160705000.0,160899000.0,160601000.0,160705000.0,32.44692951
2025-09-16T00:00:00,160705000.0,160766000.0,160247000.0,160270000.0,40.5971202
2025-09-16T01:00:00,160270000.0,160853000.0,160251000.0,160400000.0,37.65407325
2025-09-16T02:00:00,160400000.0,160500000.0,160280000.0,160370000.0,26.44219612
2025-09-16T03:00:00,160280000.0,160658000.0,160280000.0,160530000.0,32.5099153
2025-09-16T04:00:00,160528000.0,160657000.0,160125000.0,160629000.0,36.77093015
2025-09-16T05:00:00,160629000.0,160990000.0,160549000.0,160963000.0,49.26324487
2025-09-16T06:00:00,160962000.0,161064000.0,160627000.0,160884000.0,53.06573121
2025-09-16T07:00:00,160884000.0,160963000.0,160857000.0,160938000.0,29.03805243
2025-09-16T08:00:00,160904000.0,161000000.0,160800000.0,160900000.0,48.53041516
2025-09-16T09:00:00,160900000.0,160925000.0,160650000.0,160691000.0,26.6099325
2025-09-16T10:00:00,160691000.0,160801000.0,160600000.0,160672000.0,19.86789252
2025-09-16T11:00:00,160672000.0,160729000.0,160500000.0,160551000.0,23.56204015
2025-09-16T12:00:00,160553000.0,160800000.0,160520000.0,160800000.0,22.80943986
2025-09-16T13:00:00,160800000.0,160817000.0,160173000.0,160565000.0,54.6014045
2025-09-16T14:00:00,160565000.0,160800000.0,160277000.0,160800000.0,61.13024907
2025-09-16T15:00:00,160799000.0,161346000.0,160463000.0,161346000.0,49.91782899
2025-09-16T16:00:00,161346000.0,161500000.0,161100000.0,161438000.0,36.29601441
2025-09-16T17:00:00,161475000.0,162201000.0,161437000.0,161736000.0,107.75239325
2025-09-16T18:00:00,161668000.0,162081000.0,161500000.0,161780000.0,18.50118602
2025-09-16T19:00:00,161650000.0,162201000.0,161635000.0,162198000.0,26.71119862
2025-09-16T20:00:00,162109000.0,162314000.0,162052000.0,162229000.0,40.55953104
2025-09-16T21:00:00,162228000.0,162300000.0,161875000.0,162120000.0,59.86096293
2025-09-16T22:00:00,162115000.0,162334000.0,162000000.0,162248000.0,51.80816643
2025-09-16T23:00:00,162248000.0,162299000.0,162113000.0,162167000.0,59.27505781
2025-09-17T00:00:00,162200000.0,162299000.0,161886000.0,161886000.0,74.30350359
2025-09-17T01:00:00,161900000.0,162000000.0,161783000.0,161987000.0,38.97538284
2025-09-17T02:00:00,161986000.0,162309000.0,161901000.0,162071000.0,62.00641233
2025-09-17T03:00:00,162070000.0,162080000.0,161774000.0,161774000.0,32.3263884
2025-09-17T04:00:00,161773000.0,161872000.0,161720000.0,161810000.0,38.91352509
2025-09-17T05:00:00,161802000.0,162856000.0,161802000.0,162856000.0,97.50739503
2025-09-17T06:00:00,162848000.0,162999000.0,162600000.0,162953000.0,73.94990185
2025-09-17T07:00:00,162952000.0,163000000.0,162843000.0,162988000.0,63.34577106
2025-09-17T08:00:00,162988000.0,162990000.0,162319000.0,162610000.0,51.35300055
2025-09-17T09:00:00,162608000.0,162624000.0,162344000.0,162381000.0,32.40492513
2025-09-17T10:00:00,162346000.0,162381000.0,161957000.0,161973000.0,51.8964655
2025-09-17T11:00:00,161973000.0,162167000.0,161900000.0,162095000.0,35.85027171
2025-09-17T12:00:00,162065000.0,162536000.0,161930000.0,161980000.0,54.7621824
2025-09-17T13:00:00,161979000.0,162190000.0,161723000.0,161978000.0,66.9726902
2025-09-17T14:00:00,161920000.0,161979000.0,161088000.0,161413000.0,102.03496717
2025-09-17T15:00:00,161407000.0,161580000.0,161213000.0,161499000.0,32.38399249
2025-09-17T16:00:00,161439000.0,161537000.0,161000000.0,161200000.0,36.17029041
2025-09-17T17:00:00,161200000.0,161899000.0,161096000.0,161271000.0,48.09566145
2025-09-17T18:00:00,161114000.0,162127000.0,160210000.0,160711000.0,222.31271205
2025-09-17T19:00:00,160711000.0,161523000.0,160600000.0,161109000.0,64.75852856
2025-09-17T20:00:00,161109000.0,161750000.0,160800000.0,160973000.0,57.37032676
2025-09-17T21:00:00,160973000.0,161513000.0,160550000.0,161445000.0,42.2834709
2025-09-17T22:00:00,161446000.0,162144000.0,161426000.0,161955000.0,112.3460231
2025-09-17T23:00:00,161955000.0,162400000.0,161383000.0,161468000.0,138.41697849
2025-09-18T00:00:00,161468000.0,161704000.0,161372000.0,161502000.0,97.17907897
2025-09-18T01:00:00,161502000.0,162108000.0,161502000.0,161958000.0,61.52433705
2025-09-18T02:00:00,161955000.0,162221000.0,161717000.0,162219000.0,48.48382953
2025-09-18T03:00:00,162219000.0,163300000.0,162204000.0,162920000.0,214.98498326
2025-09-18T04:00:00,162912000.0,163172000.0,162666000.0,163050000.0,84.9435518
2025-09-18T05:00:00,163050000.0,163132000.0,162721000.0,162801000.0,60.13813662
2025-09-18T06:00:00,162819000.0,162896000.0,162265000.0,162609000.0,59.33219732
2025-09-18T07:00:00,162610000.0,162816000.0,162530000.0,162531000.0,31.61735617
2025-09-18T08:00:00,162530000.0,162820000.0,162521000.0,162620000.0,35.29014931
2025-09-18T09:00:00,162657000.0,162812000.0,162616000.0,162766000.0,46.72663663
2025-09-18T10:00:00,162784000.0,163000000.0,162500000.0,162701000.0,182.29339149
2025-09-18T11:00:00,162701000.0,162856000.0,162529000.0,162541000.0,64.18776183
2025-09-18T12:00:00,162541000.0,162721000.0,162350000.0,162606000.0,61.97066007
2025-09-18T13:00:00,162634000.0,163210000.0,162519000.0,162966000.0,153.11428981
2025-09-18T14:00:00,162964000.0,163333000.0,162964000.0,163205000.0,148.99461297
2025-09-18T15:00:00,163205000.0,163302000.0,162825000.0,163001000.0,94.81503518
2025-09-18T16:00:00,163000000.0,163198000.0,162891000.0,163067000.0,48.81299118
2025-09-18T17:00:00,162999000.0,163143000.0,162862000.0,162952000.0,30.13622847
2025-09-18T18:00:00,162952000.0,163276000.0,162877000.0,163246000.0,22.56658893
2025-09-18T19:00:00,163170000.0,163261000.0,162730000.0,162950000.0,19.34943327
2025-09-18T20:00:00,162929000.0,163195000.0,162832000.0,163099000.0,15.98969374
2025-09-18T21:00:00,163099000.0,163122000.0,162804000.0,162812000.0,23.29248406
2025-09-18T22:00:00,162812000.0,162840000.0,162539000.0,162545000.0,47.69213518
2025-09-18T23:00:00,162544000.0,162549000.0,162050000.0,162478000.0,85.34789454
2025-09-19T00:00:00,162478000.0,162929000.0,162452000.0,162906000.0,74.43352915
2025-09-19T01:00:00,162905000.0,163000000.0,162724000.0,162863000.0,89.52269892
2025-09-19T02:00:00,162870000.0,162912000.0,162750000.0,162881000.0,65.40061449
2025-09-19T03:00:00,162881000.0,163030000.0,162660000.0,162847000.0,83.8890041
2025-09-19T04:00:00,162847000.0,162970000.0,162500000.0,162885000.0,97.55427309
2025-09-19T05:00:00,162885000.0,162885000.0,162689000.0,162849000.0,60.56347134
2025-09-19T06:00:00,162833000.0,162850000.0,162535000.0,162669000.0,60.36216028
2025-09-19T07:00:00,162608000.0,162907000.0,162608000.0,162787000.0,42.12383234
2025-09-19T08:00:00,162759000.0,163080000.0,162755000.0,162939000.0,56.20264755
2025-09-19T09:00:00,162939000.0,162949000.0,162535000.0,162536000.0,47.34495724
2025-09-19T10:00:00,162536000.0,162542000.0,162310000.0,162342000.0,63.35067521
2025-09-19T11:00:00,162342000.0,162395000.0,162084000.0,162274000.0,65.07486263
2025-09-19T12:00:00,162271000.0,162666000.0,162100000.0,162116000.0,76.01138166
2025-09-19T13:00:00,162115000.0,162496000.0,162069000.0,162315000.0,77.85944338
2025-09-19T14:00:00,162315000.0,162492000.0,161844000.0,161972000.0,101.15198583
2025-09-19T15:00:00,161924000.0,162233000.0,161510000.0,162221000.0,90.51455348
2025-09-19T16:00:00,162221000.0,162269000.0,161980000.0,162251000.0,44.23093274
2025-09-19T17:00:00,162251000.0,162269000.0,161639000.0,161737000.0,32.5622488
2025-09-19T18:00:00,161737000.0,162000000.0,161639000.0,161760000.0,17.5626183
2025-09-19T19:00:00,161760000.0,161873000.0,161500000.0,161501000.0,34.02870619
2025-09-19T20:00:00,161501000.0,161904000.0,161500000.0,161787000.0,23.84118254
2025-09-19T21:00:00,161786000.0,162087000.0,161725000.0,161847000.0,23.59117926
2025-09-19T22:00:00,161847000.0,162120000.0,161845000.0,162106000.0,16.32638253
2025-09-19T23:00:00,162103000.0,162162000.0,161976000.0,162138000.0,45.74293924
2025-09-20T00:00:00,162162000.0,162359000.0,162017000.0,162352000.0,48.49485848
2025-09-20T01:00:00,162354000.0,162406000.0,162275000.0,162403000.0,36.30912072
2025-09-20T02:00:00,162402000.0,162408000.0,162128000.0,162309000.0,45.60714578
2025-09-20T03:00:00,162273000.0,162344000.0,162123000.0,162199000.0,30.9898299
2025-09-20T04:00:00,162169000.0,162265000.0,162000000.0,162260000.0,27.1086566
2025-09-20T05:00:00,162250000.0,162260000.0,162138000.0,162222000.0,30.30517371
2025-09-20T06:00:00,162221000.0,162258000.0,162187000.0,162197000.0,20.6946309
2025-09-20T07:00:00,162189000.0,162435000.0,162150000.0,162420000.0,38.89001818
2025-09-20T08:00:00,162420000.0,162486000.0,162307000.0,162353000.0,32.67627831
2025-09-20T09:00:00,162342000.0,162410000.0,162254000.0,162287000.0,22.61594857
2025-09-20T10:00:00,162287000.0,162436000.0,162250000.0,162309000.0,37.76768675
2025-09-20T11:00:00,162301000.0,162459000.0,162278000.0,162403000.0,43.1063253
2025-09-20T12:00:00,162403000.0,162485000.0,162300000.0,162317000.0,55.90233539
2025-09-20T13:00:00,162317000.0,162390000.0,162308000.0,162385000.0,29.49786176
2025-09-20T14:00:00,162385000.0,162433000.0,162317000.0,162357000.0,35.99438125
2025-09-20T15:00:00,162350000.0,162432000.0,162281000.0,162285000.0,32.90513515
2025-09-20T16:00:00,162289000.0,162344000.0,162150000.0,162299000.0,35.61648202
2025-09-20T17:00:00,162289000.0,162321000.0,162100000.0,162129000.0,22.61174408
2025-09-20T18:00:00,162126000.0,162129000.0,162030000.0,162040000.0,12.80945328
2025-09-20T19:00:00,162038000.0,162129000.0,162038000.0,162089000.0,6.17025515
2025-09-20T20:00:00,162052000.0,162261000.0,162050000.0,162211000.0,9.76458564
2025-09-20T21:00:00,162180000.0,162372000.0,162150000.0,162300000.0,7.82866919
2025-09-20T22:00:00,162300000.0,162383000.0,162250000.0,162306000.0,11.43960224
2025-09-20T23:00:00,162306000.0,162390000.0,162210000.0,162236000.0,19.25924214
2025-09-21T00:00:00,162236000.0,162239000.0,162000000.0,162059000.0,43.44883615
2025-09-21T01:00:00,162059000.0,162062000.0,161871000.0,161880000.0,57.39775738
2025-09-21T02:00:00,161880000.0,162035000.0,161810000.0,161956000.0,43.84524963
2025-09-21T03:00:00,161948000.0,161959000.0,161859000.0,161883000.0,21.12747724
2025-09-21T04:00:00,161886000.0,161902000.0,161675000.0,161675000.0,51.23249621
2025-09-21T05:00:00,161676000.0,161758000.0,161664000.0,161670000.0,48.67678836
2025-09-21T06:00:00,161670000.0,161811000.0,161667000.0,161710000.0,48.48341626
2025-09-21T07:00:00,161708000.0,161985000.0,161701000.0,161981000.0,41.98308722
2025-09-21T08:00:00,161983000.0,161995000.0,161678000.0,161776000.0,52.32498478
2025-09-21T09:00:00,161757000.0,162190000.0,161732000.0,162188000.0,53.07664683
2025-09-21T10:00:00,162187000.0,162190000.0,161983000.0,162021000.0,37.11616189
2025-09-21T11:00:00,162020000.0,162110000.0,161960000.0,162077000.0,37.42489263
2025-09-21T12:00:00,162077000.0,162110000.0,162055000.0,162096000.0,50.27421279
2025-09-21T13:00:00,162096000.0,162099000.0,161800000.0,161824000.0,47.44067375
2025-09-21T14:00:00,161824000.0,161859000.0,161599000.0,161600000.0,48.9012025
2025-09-21T15:00:00,161600000.0,161600000.0,161500000.0,161567000.0,59.32037118
2025-09-21T16:00:00,161569000.0,161602000.0,161501000.0,161517000.0,36.13567405
2025-09-21T17:00:00,161520000.0,161900000.0,161510000.0,161898000.0,17.79906674
2025-09-21T18:00:00,161900000.0,161900000.0,161746000.0,161789000.0,6.89908418
2025-09-21T19:00:00,161793000.0,161801000.0,161500000.0,161710000.0,9.99602298
2025-09-21T20:00:00,161720000.0,161768000.0,161550000.0,161591000.0,13.40423494
2025-09-21T21:00:00,161599000.0,161642000.0,161500000.0,161524000.0,46.84416604
2025-09-21T22:00:00,161525000.0,161730000.0,161500000.0,161695000.0,38.71843473
2025-09-21T23:00:00,161695000.0,161696000.0,161372000.0,161412000.0,44.52692975
2025-09-22T00:00:00,161410000.0,161631000.0,160750000.0,160924000.0,203.40596766
2025-09-22T01:00:00,160875000.0,160999000.0,160200000.0,160200000.0,164.19478177
2025-09-22T02:00:00,160200000.0,160832000.0,160176000.0,160248000.0,209.42466185
2025-09-22T03:00:00,160248000.0,160985000.0,160195000.0,160982000.0,103.36500288
2025-09-22T04:00:00,160910000.0,161000000.0,160611000.0,160669000.0,61.26665106
2025-09-22T05:00:00,160667000.0,160900000.0,160200000.0,160294000.0,73.05992988
2025-09-22T06:00:00,160294000.0,160451000.0,159367000.0,159368000.0,617.46825237
2025-09-22T07:00:00,159368000.0,159841000.0,159000000.0,159082000.0,231.05800408
2025-09-22T08:00:00,159104000.0,159713000.0,159081000.0,159631000.0,125.99212776
2025-09-22T09:00:00,159632000.0,159632000.0,159170000.0,159341000.0,110.1691522
2025-09-22T10:00:00,159342000.0,159729000.0,159275000.0,159720000.0,90.1014396
2025-09-22T11:00:00,159720000.0,159970000.0,159553000.0,159902000.0,120.39847448
2025-09-22T12:00:00,159904000.0,159949000.0,159150000.0,159751000.0,190.52191563
2025-09-22T13:00:00,159755000.0,160349000.0,159510000.0,160254000.0,256.02872362
2025-09-22T14:00:00,160254000.0,160600000.0,160116000.0,160399000.0,207.23618613
2025-09-22T15:00:00,160399000.0,160601000.0,160221000.0,160559000.0,41.02090177
2025-09-22T16:00:00,160559000.0,160604000.0,160284000.0,160334000.0,24.65425283
2025-09-22T17:00:00,160334000.0,160334000.0,159939000.0,159939000.0,29.10231791
2025-09-22T18:00:00,159939000.0,160500000.0,159851000.0,160108000.0,14.12990224
2025-09-22T19:00:00,160107000.0,160339000.0,159870000.0,160041000.0,19.55323231
2025-09-22T20:00:00,160001000.0,160692000.0,159780000.0,160573000.0,37.07570478
2025-09-22T21:00:00,160573000.0,161000000.0,160351000.0,161000000.0,37.18309248
2025-09-22T22:00:00,161000000.0,161010000.0,160519000.0,160590000.0,43.58863054
2025-09-22T23:00:00,160590000.0,160740000.0,160554000.0,160730000.0,48.73353914
2025-09-23T00:00:00,160731000.0,161101000.0,160419000.0,160522000.0,74.8801395
2025-09-23T01:00:00,160522000.0,160522000.0,159551000.0,159551000.0,69.60576647
2025-09-23T02:00:00,159560000.0,159888000.0,159079000.0,159269000.0,97.58361037
2025-09-23T03:00:00,159269000.0,160058000.0,158668000.0,159878000.0,165.98152544
2025-09-23T04:00:00,159879000.0,160076000.0,159200000.0,159800000.0,51.03742027
2025-09-23T05:00:00,159777000.0,160411000.0,159777000.0,160100000.0,35.47013528
2025-09-23T06:00:00,160100000.0,160500000.0,160001000.0,160450000.0,40.3880121
2025-09-23T07:00:00,160450000.0,160660000.0,160430000.0,160660000.0,37.37768998
2025-09-23T08:00:00,160654000.0,160980000.0,160637000.0,160980000.0,61.6568496
2025-09-23T09:00:00,160980000.0,161350000.0,160822000.0,160869000.0,64.59520832
2025-09-23T10:00:00,160869000.0,160870000.0,160550000.0,160663000.0,26.92464723
2025-09-23T11:00:00,160664000.0,160819000.0,160274000.0,160754000.0,37.57527456
2025-09-23T12:00:00,160734000.0,160754000.0,160499000.0,160665000.0,30.49811312
2025-09-23T13:00:00,160665000.0,160685000.0,160311000.0,160499000.0,35.54722839
2025-09-23T14:00:00,160499000.0,160887000.0,160171000.0,160308000.0,35.68929496
2025-09-23T15:00:00,160305000.0,160628000.0,160102000.0,160442000.0,19.89325861
2025-09-23T16:00:00,160442000.0,160583000.0,160055000.0,160323000.0,23.24166954
2025-09-23T17:00:00,160323000.0,160405000.0,159520000.0,159544000.0,43.81459972
2025-09-23T18:00:00,159544000.0,159883000.0,159285000.0,159400000.0,26.83460402
2025-09-23T19:00:00,159400000.0,159664000.0,159200000.0,159388000.0,27.98522989
2025-09-23T20:00:00,159239000.0,159849000.0,159209000.0,159849000.0,21.18264114
2025-09-23T21:00:00,159848000.0,160145000.0,159800000.0,160096000.0,23.33413208
2025-09-23T22:00:00,160097000.0,160133000.0,159863000.0,160000000.0,18.60946181
2025-09-23T23:00:00,160000000.0,160042000.0,159572000.0,159679000.0,36.27702633
2025-09-24T00:00:00,159680000.0,160187000.0,159569000.0,160090000.0,57.36858296
2025-09-24T01:00:00,160081000.0,160224000.0,160007000.0,160135000.0,27.17635796
2025-09-24T02:00:00,160125000.0,160201000.0,159678000.0,159963000.0,45.863954
2025-09-24T03:00:00,159963000.0,159988000.0,159400000.0,159400000.0,53.51735166
2025-09-24T04:00:00,159400000.0,160207000.0,159001000.0,159769000.0,113.30065046
2025-09-24T05:00:00,159759000.0,160190000.0,159754000.0,160059000.0,27.94317661
2025-09-24T06:00:00,160059000.0,160200000.0,159999000.0,160000000.0,34.51258705
2025-09-24T07:00:00,160000000.0,160177000.0,159870000.0,159898000.0,22.94104059
2025-09-24T08:00:00,159891000.0,160018000.0,159700000.0,160001000.0,36.45472811
2025-09-24T09:00:00,160001000.0,160196000.0,159847000.0,160074000.0,25.08374326
2025-09-24T10:00:00,160074000.0,160500000.0,160000000.0,160499000.0,39.59246753
2025-09-24T11:00:00,160497000.0,160729000.0,160201000.0,160450000.0,64.08048
2025-09-24T12:00:00,160382000.0,160500000.0,160347000.0,160454000.0,38.51353432
2025-09-24T13:00:00,160454000.0,160524000.0,160102000.0,160129000.0,42.57560236
2025-09-24T14:00:00,160103000.0,161170000.0,160102000.0,161049000.0,93.67152502
2025-09-24T15:00:00,160962000.0,161198000.0,160505000.0,160558000.0,42.96238306
2025-09-24T16:00:00,160638000.0,160978000.0,160350000.0,160963000.0,29.42715797
2025-09-24T17:00:00,160963000.0,161200000.0,160810000.0,160965000.0,29.4360475
2025-09-24T18:00:00,160967000.0,161100000.0,160633000.0,160739000.0,16.85570255
2025-09-24T19:00:00,160738000.0,160870000.0,160351000.0,160407000.0,16.24565915
2025-09-24T20:00:00,160407000.0,160865000.0,160402000.0,160819000.0,17.95555249
2025-09-24T21:00:00,160759000.0,160875000.0,160651000.0,160651000.0,23.91070573
2025-09-24T22:00:00,160651000.0,161079000.0,160538000.0,160591000.0,41.15388886
2025-09-24T23:00:00,160634000.0,160741000.0,160452000.0,160700000.0,49.09331735
2025-09-25T00:00:00,160700000.0,161037000.0,160413000.0,160440000.0,98.85967264
2025-09-25T01:00:00,160579000.0,160948000.0,160223000.0,160459000.0,85.71029191
2025-09-25T02:00:00,160422000.0,160950000.0,160320000.0,160582000.0,53.41759813
2025-09-25T03:00:00,160582000.0,160582000.0,160100000.0,160325000.0,67.65217655
2025-09-25T04:00:00,160320000.0,160399000.0,159521000.0,159859000.0,129.27293634
2025-09-25T05:00:00,159792000.0,159999000.0,159563000.0,159629000.0,52.58989394
2025-09-25T06:00:00,159629000.0,159800000.0,159600000.0,159651000.0,38.1761701
2025-09-25T07:00:00,159651000.0,160000000.0,159578000.0,159959000.0,46.93715984
2025-09-25T08:00:00,159929000.0,160150000.0,159926000.0,160001000.0,34.34418579
2025-09-25T09:00:00,160000000.0,160400000.0,159880000.0,159891000.0,47.03176233
2025-09-25T10:00:00,159880000.0,160127000.0,159815000.0,159945000.0,46.13768298
2025-09-25T11:00:00,159944000.0,159985000.0,159500000.0,159505000.0,106.89371398
2025-09-25T12:00:00,159536000.0,160166000.0,159480000.0,159557000.0,214.38463183
2025-09-25T13:00:00,159557000.0,160224000.0,159231000.0,159607000.0,136.42277403
2025-09-25T14:00:00,159572000.0,160097000.0,159559000.0,159913000.0,61.39628674
2025-09-25T15:00:00,159913000.0,159959000.0,159200000.0,159959000.0,65.06426684
2025-09-25T16:00:00,159959000.0,160082000.0,159601000.0,159797000.0,29.17732981
2025-09-25T17:00:00,159773000.0,159800000.0,158500000.0,158616000.0,193.4921451
2025-09-25T18:00:00,158569000.0,158735000.0,158150000.0,158410000.0,105.09889872
2025-09-25T19:00:00,158412000.0,158579000.0,158000000.0,158178000.0,96.19347579
2025-09-25T20:00:00,158178000.0,158570000.0,158150000.0,158333000.0,53.38551518
2025-09-25T21:00:00,158333000.0,158916000.0,158330000.0,158626000.0,78.21533329
2025-09-25T22:00:00,158618000.0,158667000.0,158426000.0,158445000.0,74.14988693
2025-09-25T23:00:00,158445000.0,158800000.0,158000000.0,158200000.0,158.65382657
2025-09-26T00:00:00,158219000.0,158959000.0,158100000.0,158854000.0,104.2509752
2025-09-26T01:00:00,158854000.0,159083000.0,158734000.0,159069000.0,63.75696018
2025-09-26T02:00:00,159069000.0,159278000.0,159060000.0,159197000.0,61.14720673
2025-09-26T03:00:00,159193000.0,159200000.0,158730000.0,159000000.0,44.9455953
2025-09-26T04:00:00,159000000.0,159093000.0,158339000.0,158353000.0,57.79213944
2025-09-26T05:00:00,158353000.0,158466000.0,157800000.0,157991000.0,101.9156096
2025-09-26T06:00:00,157998000.0,158500000.0,157800000.0,157990000.0,72.6684345
2025-09-26T07:00:00,157994000.0,158165000.0,157588000.0,157979000.0,80.07560859
2025-09-26T08:00:00,157960000.0,158297000.0,157960000.0,158290000.0,39.91910974
2025-09-26T09:00:00,158290000.0,158478000.0,158210000.0,158476000.0,41.16313045
2025-09-26T10:00:00,158476000.0,158479000.0,157922000.0,158220000.0,73.9791237
2025-09-26T11:00:00,158220000.0,158399000.0,157946000.0,158307000.0,72.59999344
2025-09-26T12:00:00,158314000.0,159039000.0,158119000.0,158542000.0,91.55444858
2025-09-26T13:00:00,158556000.0,159305000.0,158406000.0,159300000.0,77.56444932
2025-09-26T14:00:00,159300000.0,159307000.0,158441000.0,158467000.0,58.08260129
2025-09-26T15:00:00,158451000.0,158982000.0,158400000.0,158500000.0,46.47495489
2025-09-26T16:00:00,158500000.0,158929000.0,158000000.0,158031000.0,44.56682645
2025-09-26T17:00:00,158060000.0,158486000.0,158000000.0,158020000.0,87.12544791
2025-09-26T18:00:00,158020000.0,158480000.0,157753000.0,157775000.0,89.93668901
2025-09-26T19:00:00,157775000.0,157798000.0,157100000.0,157170000.0,114.24024044
2025-09-26T20:00:00,157203000.0,157513000.0,157120000.0,157475000.0,44.85459035
2025-09-26T21:00:00,157471000.0,157760000.0,157353000.0,157537000.0,45.79824479
2025-09-26T22:00:00,157562000.0,158099000.0,157391000.0,158046000.0,71.30277018
2025-09-26T23:00:00,158047000.0,158287000.0,157833000.0,158128000.0,50.52636783
2025-09-27T00:00:00,158129000.0,158250000.0,157912000.0,158174000.0,42.30635049
2025-09-27T01:00:00,158203000.0,158250000.0,157740000.0,157787000.0,43.79676788
2025-09-27T02:00:00,157787000.0,157836000.0,157581000.0,157650000.0,32.73350432
2025-09-27T03:00:00,157650000.0,157917000.0,157589000.0,157603000.0,28.53701395
2025-09-27T04:00:00,157603000.0,157838000.0,157602000.0,157723000.0,15.61431924
2025-09-27T05:00:00,157722000.0,157760000.0,157549000.0,157550000.0,28.70174738
2025-09-27T06:00:00,157549000.0,157550000.0,157437000.0,157438000.0,24.07765169
2025-09-27T07:00:00,157438000.0,157438000.0,157238000.0,157252000.0,34.28598844
2025-09-27T08:00:00,157245000.0,157253000.0,157156000.0,157240000.0,36.92179675
2025-09-27T09:00:00,157240000.0,157334000.0,157126000.0,157275000.0,26.08708177
2025-09-27T10:00:00,157284000.0,157463000.0,157150000.0,157459000.0,22.55460979
2025-09-27T11:00:00,157398000.0,157459000.0,157162000.0,157267000.0,22.39986646
2025-09-27T12:00:00,157267000.0,157337000.0,157166000.0,157318000.0,23.99937163
2025-09-27T13:00:00,157318000.0,157379000.0,157301000.0,157351000.0,19.91516495
2025-09-27T14:00:00,157355000.0,157380000.0,157300000.0,157307000.0,55.56500817
2025-09-27T15:00:00,157308000.0,157405000.0,157266000.0,157383000.0,28.44932735
2025-09-27T16:00:00,157384000.0,157504000.0,157357000.0,157488000.0,16.8940174
2025-09-27T17:00:00,157488000.0,157603000.0,157422000.0,157597000.0,12.69635672
2025-09-27T18:00:00,157597000.0,157603000.0,157458000.0,157534000.0,6.40855855
2025-09-27T19:00:00,157534000.0,157549000.0,157450000.0,157470000.0,6.84456736
2025-09-27T20:00:00,157470000.0,157581000.0,157401000.0,157458000.0,13.4935936
2025-09-27T21:00:00,157458000.0,157582000.0,157400000.0,157531000.0,13.99579236
2025-09-27T22:00:00,157548000.0,157900000.0,157531000.0,157628000.0,22.8325875
2025-09-27T23:00:00,157604000.0,157899000.0,157604000.0,157895000.0,20.12903337
2025-09-28T00:00:00,157892000.0,158060000.0,157750000.0,158008000.0,44.37069028
2025-09-28T01:00:00,158009000.0,158077000.0,157750000.0,157753000.0,37.54334043
2025-09-28T02:00:00,157750000.0,157900000.0,157700000.0,157788000.0,21.86401014
2025-09-28T03:00:00,157789000.0,157879000.0,157735000.0,157772000.0,22.1806899
2025-09-28T04:00:00,157772000.0,157878000.0,157687000.0,157688000.0,28.58153523
2025-09-28T05:00:00,157692000.0,157732000.0,157559000.0,157657000.0,31.36193867
2025-09-28T06:00:00,157657000.0,157831000.0,157610000.0,157742000.0,29.70727274
2025-09-28T07:00:00,157741000.0,157839000.0,157660000.0,157778000.0,26.20028303
2025-09-28T08:00:00,157778000.0,158037000.0,157759000.0,157984000.0,41.4257679
2025-09-28T09:00:00,157985000.0,158087000.0,157850000.0,158069000.0,25.98982371
2025-09-28T10:00:00,158069000.0,158087000.0,157673000.0,157785000.0,46.62463167
2025-09-28T11:00:00,157724000.0,157800000.0,157615000.0,157754000.0,85.71323438
2025-09-28T12:00:00,157752000.0,158000000.0,157601000.0,157686000.0,270.97932359
2025-09-28T13:00:00,157689000.0,158010000.0,157689000.0,157951000.0,18.27474296
2025-09-28T14:00:00,157950000.0,158087000.0,157791000.0,158085000.0,21.62740941
2025-09-28T15:00:00,158084000.0,158125000.0,157915000.0,158125000.0,22.79541284
2025-09-28T16:00:00,158125000.0,158499000.0,158124000.0,158270000.0,25.27759891
2025-09-28T17:00:00,158327000.0,158477000.0,158181000.0,158237000.0,12.41969338
2025-09-28T18:00:00,158312000.0,158318000.0,158125000.0,158300000.0,5.28556579
2025-09-28T19:00:00,158299000.0,158459000.0,158204000.0,158446000.0,5.0815615
2025-09-28T20:00:00,158446000.0,159139000.0,158446000.0,158888000.0,31.59110291
2025-09-28T21:00:00,158891000.0,159081000.0,158528000.0,158898000.0,27.15028154
2025-09-28T22:00:00,158932000.0,160300000.0,158915000.0,160199000.0,123.23265719
2025-09-28T23:00:00,160199000.0,160800000.0,160199000.0,160579000.0,109.86798096
2025-09-29T00:00:00,160579000.0,160825000.0,160106000.0,160517000.0,86.73379794
2025-09-29T01:00:00,160403000.0,160517000.0,159561000.0,159719000.0,73.76846509
2025-09-29T02:00:00,159719000.0,160042000.0,159587000.0,159626000.0,50.5186938
2025-09-29T03:00:00,159626000.0,159959000.0,159500000.0,159958000.0,32.69063423
2025-09-29T04:00:00,159958000.0,160010000.0,159751000.0,159889000.0,26.19362406
2025-09-29T05:00:00,159889000.0,159904000.0,159511000.0,159513000.0,30.9018219
2025-09-29T06:00:00,159512000.0,159796000.0,159480000.0,159490000.0,27.11144789
2025-09-29T07:00:00,159490000.0,159508000.0,159300000.0,159508000.0,31.07490798
2025-09-29T08:00:00,159506000.0,160287000.0,159505000.0,160001000.0,45.17246122
2025-09-29T09:00:00,160001000.0,160500000.0,159977000.0,160300000.0,39.82190552
2025-09-29T10:00:00,160269000.0,160384000.0,160110000.0,160175000.0,31.74026318
2025-09-29T11:00:00,160175000.0,160520000.0,160110000.0,160519000.0,56.5449865
2025-09-29T12:00:00,160518000.0,160988000.0,160393000.0,160548000.0,79.5444425
2025-09-29T13:00:00,160513000.0,162643000.0,160499000.0,162299000.0,292.88844028
2025-09-29T14:00:00,162299000.0,163200000.0,161996000.0,162980000.0,259.26781404
2025-09-29T15:00:00,162980000.0,163030000.0,162187000.0,162303000.0,86.77791877
2025-09-29T16:00:00,162304000.0,162700000.0,162283000.0,162303000.0,30.49774309
2025-09-29T17:00:00,162362000.0,162967000.0,162267000.0,162865000.0,37.75703087
2025-09-29T18:00:00,162865000.0,162999000.0,162653000.0,162913000.0,19.3195269
2025-09-29T19:00:00,162913000.0,163053000.0,162609000.0,162887000.0,41.89739031
2025-09-29T20:00:00,162887000.0,163080000.0,162887000.0,163015000.0,28.76786662
2025-09-29T21:00:00,162942000.0,163050000.0,162631000.0,162819000.0,38.77476942
2025-09-29T22:00:00,162734000.0,162829000.0,162235000.0,162458000.0,53.83847929
2025-09-29T23:00:00,162458000.0,163000000.0,162450000.0,162976000.0,60.17212812
2025-09-30T00:00:00,162976000.0,163500000.0,162558000.0,163437000.0,162.10179556
2025-09-30T01:00:00,163437000.0,163655000.0,163152000.0,163400000.0,114.76715574
2025-09-30T02:00:00,163400000.0,163473000.0,163250000.0,163388000.0,47.28417247
2025-09-30T03:00:00,163362000.0,163434000.0,163135000.0,163157000.0,58.88771998
2025-09-30T04:00:00,163157000.0,163227000.0,162718000.0,162720000.0,57.91791263
2025-09-30T05:00:00,162718000.0,162878000.0,162263000.0,162337000.0,68.01276404
2025-09-30T06:00:00,162349000.0,162444000.0,162226000.0,162226000.0,53.86687641
2025-09-30T07:00:00,162228000.0,162321000.0,162000000.0,162100000.0,50.54869349
2025-09-30T08:00:00,162101000.0,162101000.0,161701000.0,161944000.0,57.70785128
2025-09-30T09:00:00,161944000.0,161980000.0,161119000.0,161227000.0,81.55188447
2025-09-30T10:00:00,161227000.0,161742000.0,161111000.0,161522000.0,73.8101931
2025-09-30T11:00:00,161522000.0,162075000.0,161433000.0,161955000.0,43.68001845
2025-09-30T12:00:00,161955000.0,162317000.0,161833000.0,161994000.0,36.96611474
2025-09-30T13:00:00,161966000.0,162550000.0,161835000.0,162260000.0,53.75760116
2025-09-30T14:00:00,162260000.0,162550000.0,161829000.0,162450000.0,39.25783075
2025-09-30T15:00:00,162450000.0,162539000.0,162028000.0,162251000.0,29.48806578
2025-09-30T16:00:00,162251000.0,162499000.0,161958000.0,162000000.0,27.26587137
2025-09-30T17:00:00,162000000.0,162800000.0,161958000.0,162710000.0,20.91796925
2025-09-30T18:00:00,162710000.0,162882000.0,162450000.0,162882000.0,13.74405839
2025-09-30T19:00:00,162876000.0,163561000.0,162873000.0,163360000.0,54.08049818
2025-09-30T20:00:00,163360000.0,163561000.0,163028000.0,163519000.0,44.23163653
2025-09-30T21:00:00,163519000.0,163629000.0,162888000.0,162968000.0,69.46400249
2025-09-30T22:00:00,162968000.0,163164000.0,162652000.0,162777000.0,51.40074727
2025-09-30T23:00:00,162775000.0,162831000.0,162413000.0,162828000.0,36.97321812
2025-10-01T00:00:00,162828000.0,163400000.0,162789000.0,163398000.0,74.10576803
2025-10-01T01:00:00,163398000.0,163628000.0,163163000.0,163602000.0,77.61719615
2025-10-01T02:00:00,163603000.0,163603000.0,163220000.0,163220000.0,62.13353769
2025-10-01T03:00:00,163262000.0,163600000.0,163093000.0,163270000.0,80.94592195
2025-10-01T04:00:00,163266000.0,164000000.0,163250000.0,163683000.0,139.10693962
2025-10-01T05:00:00,163570000.0,163991000.0,163565000.0,163699000.0,46.82953104
2025-10-01T06:00:00,163699000.0,163760000.0,163395000.0,163397000.0,48.49363798
2025-10-01T07:00:00,163397000.0,163776000.0,163381000.0,163711000.0,43.09973579
2025-10-01T08:00:00,163711000.0,165514000.0,163679000.0,165117000.0,319.24693019
2025-10-01T09:00:00,165072000.0,165706000.0,164900000.0,165315000.0,163.88759691
2025-10-01T10:00:00,165315000.0,165451000.0,165000000.0,165174000.0,93.79826128
2025-10-01T11:00:00,165173000.0,165780000.0,165165000.0,165727000.0,84.34103548
2025-10-01T12:00:00,165724000.0,165913000.0,165252000.0,165282000.0,122.83841102
2025-10-01T13:00:00,165253000.0,165850000.0,165236000.0,165810000.0,77.19208854
2025-10-01T14:00:00,165810000.0,166512000.0,165783000.0,166295000.0,205.68017668
2025-10-01T15:00:00,166284000.0,166800000.0,166197000.0,166610000.0,91.22382156
2025-10-01T16:00:00,166610000.0,167746000.0,166610000.0,167125000.0,146.69340843
2025-10-01T17:00:00,167120000.0,167220000.0,165917000.0,165918000.0,63.95287948
2025-10-01T18:00:00,165917000.0,166505000.0,165867000.0,166499000.0,33.35715815
2025-10-01T19:00:00,166499000.0,166800000.0,166399000.0,166671000.0,23.59139388
2025-10-01T20:00:00,166517000.0,166682000.0,166264000.0,166660000.0,26.18604497
2025-10-01T21:00:00,166617000.0,166997000.0,166617000.0,166966000.0,49.38232331
2025-10-01T22:00:00,166954000.0,167570000.0,166950000.0,167561000.0,101.92174234
2025-10-01T23:00:00,167561000.0,168429000.0,167450000.0,168424000.0,215.90795035
2025-10-02T00:00:00,168424000.0,169495000.0,167761000.0,167851000.0,423.41254478
2025-10-02T01:00:00,167851000.0,168691000.0,167709000.0,168420000.0,184.08209088
2025-10-02T02:00:00,168420000.0,168783000.0,168317000.0,168783000.0,84.17245014
2025-10-02T03:00:00,168780000.0,169258000.0,168780000.0,168786000.0,113.64762143
2025-10-02T04:00:00,168785000.0,169180000.0,168335000.0,168649000.0,89.3627834
2025-10-02T05:00:00,168642000.0,168698000.0,167944000.0,167944000.0,82.26680516
2025-10-02T06:00:00,167943000.0,168250000.0,167768000.0,168200000.0,84.51839533
2025-10-02T07:00:00,168196000.0,168221000.0,167950000.0,168062000.0,57.85662666
2025-10-02T08:00:00,168062000.0,168670000.0,167954000.0,168519000.0,67.5327405
2025-10-02T09:00:00,168519000.0,168700000.0,168280000.0,168694000.0,66.82428815
2025-10-02T10:00:00,168700000.0,168854000.0,168515000.0,168515000.0,39.679698
2025-10-02T11:00:00,168515000.0,168520000.0,168295000.0,168511000.0,49.77314589
2025-10-02T12:00:00,168510000.0,169325000.0,168500000.0,169325000.0,102.15347197
2025-10-02T13:00:00,169325000.0,170000000.0,169095000.0,169986000.0,233.08110273
2025-10-02T14:00:00,169986000.0,170000000.0,168930000.0,169087000.0,244.93832479
2025-10-02T15:00:00,169087000.0,170080000.0,168690000.0,170078000.0,192.72353006
2025-10-02T16:00:00,170078000.0,170420000.0,169513000.0,169704000.0,111.19057861
2025-10-02T17:00:00,169704000.0,169900000.0,169294000.0,169889000.0,33.99585628
2025-10-02T18:00:00,169851000.0,170476000.0,169851000.0,170426000.0,52.4297983
2025-10-02T19:00:00,170426000.0,170903000.0,170316000.0,170750000.0,70.23772425
2025-10-02T20:00:00,170748000.0,170864000.0,170288000.0,170640000.0,45.86267431
2025-10-02T21:00:00,170633000.0,170821000.0,170128000.0,170130000.0,61.21313835
2025-10-02T22:00:00,170128000.0,170500000.0,170120000.0,170244000.0,61.9603356
2025-10-02T23:00:00,170243000.0,170850000.0,170242000.0,170704000.0,81.65777511
2025-10-03T00:00:00,170749000.0,170839000.0,169861000.0,169862000.0,120.02775657
2025-10-03T01:00:00,169862000.0,169956000.0,169350000.0,169364000.0,128.00657458
2025-10-03T02:00:00,169364000.0,170300000.0,169350000.0,170236000.0,69.55144106
2025-10-03T03:00:00,170198000.0,170354000.0,170018000.0,170275000.0,65.94641464
2025-10-03T04:00:00,170274000.0,170326000.0,170050000.0,170091000.0,33.19585941
2025-10-03T05:00:00,170091000.0,170091000.0,169700000.0,169999000.0,47.40854755
2025-10-03T06:00:00,169997000.0,170120000.0,169817000.0,169965000.0,39.13414282
2025-10-03T07:00:00,169965000.0,170070000.0,169600000.0,169600000.0,39.90064379
2025-10-03T08:00:00,169600000.0,170001000.0,169100000.0,170001000.0,107.73171028
2025-10-03T09:00:00,170001000.0,170500000.0,169975000.0,170499000.0,51.48810217
2025-10-03T10:00:00,170500000.0,170960000.0,170390000.0,170947000.0,65.63305153
2025-10-03T11:00:00,170947000.0,170990000.0,170396000.0,170892000.0,71.66686984
2025-10-03T12:00:00,170893000.0,170897000.0,170545000.0,170860000.0,42.68208408
2025-10-03T13:00:00,170860000.0,171086000.0,170597000.0,171044000.0,113.38723749
2025-10-03T14:00:00,171044000.0,171641000.0,170373000.0,171614000.0,127.70861083
2025-10-03T15:00:00,171614000.0,173000000.0,171380000.0,172999000.0,216.57051225
2025-10-03T16:00:00,172999000.0,174995000.0,172999000.0,173197000.0,387.42693274
2025-10-03T17:00:00,173197000.0,174396000.0,172357000.0,173120000.0,180.10574962
2025-10-03T18:00:00,173120000.0,173742000.0,172396000.0,173397000.0,55.61693347
2025-10-03T19:00:00,173397000.0,174000000.0,173332000.0,173875000.0,43.41530884
2025-10-03T20:00:00,173838000.0,173982000.0,173010000.0,173626000.0,40.89377517
2025-10-03T21:00:00,173600000.0,173629000.0,172788000.0,173303000.0,60.33516122
2025-10-03T22:00:00,173240000.0,173974000.0,173201000.0,173728000.0,65.17976775
2025-10-03T23:00:00,173721000.0,173728000.0,173390000.0,173460000.0,68.06788036
2025-10-04T00:00:00,173460000.0,173674000.0,173000000.0,173207000.0,114.15516716
2025-10-04T01:00:00,173207000.0,173300000.0,172673000.0,172851000.0,97.17529608
2025-10-04T02:00:00,172851000.0,173145000.0,172723000.0,173049000.0,88.09744485
2025-10-04T03:00:00,173011000.0,174000000.0,173010000.0,173987000.0,101.97236351
2025-10-04T04:00:00,173987000.0,174565000.0,173896000.0,174553000.0,150.87876874
2025-10-04T05:00:00,174554000.0,174774000.0,174138000.0,174310000.0,159.11575624
2025-10-04T06:00:00,174306000.0,174391000.0,174015000.0,174089000.0,86.78790471
2025-10-04T07:00:00,174089000.0,174098000.0,173766000.0,173959000.0,83.5502727
2025-10-04T08:00:00,173948000.0,174454000.0,173870000.0,174317000.0,104.82522606
2025-10-04T09:00:00,174312000.0,174521000.0,174240000.0,174324000.0,95.95175141
2025-10-04T10:00:00,174304000.0,174522000.0,174302000.0,174336000.0,97.51515809
2025-10-04T11:00:00,174332000.0,174496000.0,174240000.0,174295000.0,84.53431877
2025-10-04T12:00:00,174290000.0,174450000.0,174155000.0,174175000.0,97.21980409
2025-10-04T13:00:00,174165000.0,174745000.0,174164000.0,174729000.0,119.51135059
2025-10-04T14:00:00,174729000.0,174769000.0,174436000.0,174521000.0,108.9334444
2025-10-04T15:00:00,174521000.0,174658000.0,173990000.0,174259000.0,175.24206599
2025-10-04T16:00:00,174266000.0,174549000.0,174043000.0,174114000.0,74.29475884
2025-10-04T17:00:00,174152000.0,174310000.0,174067000.0,174190000.0,29.22658379
2025-10-04T18:00:00,174140000.0,174280000.0,173969000.0,174064000.0,40.81384795
2025-10-04T19:00:00,173978000.0,174556000.0,173977000.0,174471000.0,38.54480849
2025-10-04T20:00:00,174544000.0,174596000.0,174330000.0,174521000.0,27.94724307
2025-10-04T21:00:00,174521000.0,174990000.0,174464000.0,174942000.0,174.82227176
2025-10-04T22:00:00,174827000.0,174980000.0,174769000.0,174868000.0,101.92182354
2025-10-04T23:00:00,174868000.0,174987000.0,174819000.0,174964000.0,210.13309745
2025-10-05T00:00:00,174986000.0,174990000.0,174550000.0,174554000.0,94.8379679
2025-10-05T01:00:00,174550000.0,174737000.0,174405000.0,174717000.0,64.61356414
2025-10-05T02:00:00,174723000.0,176989000.0,174673000.0,176866000.0,403.92010255
2025-10-05T03:00:00,176866000.0,176947000.0,175700000.0,176341000.0,218.66494618
2025-10-05T04:00:00,176348000.0,178499000.0,176335000.0,178015000.0,320.90283574
2025-10-05T05:00:00,178015000.0,178651000.0,177770000.0,178200000.0,331.24955974
2025-10-05T06:00:00,178150000.0,178364000.0,177793000.0,178068000.0,164.65415343
2025-10-05T07:00:00,178068000.0,178095000.0,177200000.0,177391000.0,214.39294701
2025-10-05T08:00:00,177391000.0,177391000.0,176839000.0,176839000.0,171.34761312
2025-10-05T09:00:00,176839000.0,176900000.0,174297000.0,175004000.0,456.01476997
2025-10-05T10:00:00,175004000.0,175130000.0,174270000.0,175100000.0,203.32486292
2025-10-05T11:00:00,175100000.0,176167000.0,175014000.0,176099000.0,184.30895937
2025-10-05T12:00:00,176098000.0,176160000.0,175319000.0,175640000.0,79.68306696
2025-10-05T13:00:00,175654000.0,175963000.0,175529000.0,175746000.0,64.19013803
2025-10-05T14:00:00,175746000.0,175917000.0,175154000.0,175557000.0,70.69213709
2025-10-05T15:00:00,175557000.0,175590000.0,175204000.0,175293000.0,41.80673283
2025-10-05T16:00:00,175292000.0,176098000.0,174991000.0,176037000.0,72.40690209
2025-10-05T17:00:00,176015000.0,176250000.0,175721000.0,175895000.0,51.6849206
2025-10-05T18:00:00,175857000.0,176168000.0,175765000.0,176000000.0,29.54038808
2025-10-05T19:00:00,175974000.0,176149000.0,175563000.0,175767000.0,37.77497114
2025-10-05T20:00:00,175766000.0,176403000.0,175697000.0,175900000.0,37.54606183
2025-10-05T21:00:00,175900000.0,176100000.0,175655000.0,176080000.0,40.29337188
2025-10-05T22:00:00,176072000.0,176830000.0,176072000.0,176759000.0,117.50201308
2025-10-05T23:00:00,176759000.0,177229000.0,176740000.0,177024000.0,296.46811083
2025-10-06T00:00:00,177002000.0,178000000.0,176748000.0,177337000.0,191.67343703
2025-10-06T01:00:00,177301000.0,178009000.0,177251000.0,177795000.0,130.78203367
2025-10-06T02:00:00,177795000.0,177995000.0,177378000.0,177852000.0,103.09386234
2025-10-06T03:00:00,177852000.0,177910000.0,177450000.0,177507000.0,72.32083647
2025-10-06T04:00:00,177507000.0,177596000.0,177100000.0,177179000.0,75.69980045
2025-10-06T05:00:00,177179000.0,177470000.0,176810000.0,177288000.0,98.95220852
2025-10-06T06:00:00,177289000.0,177500000.0,177020000.0,177224000.0,89.87756571
2025-10-06T07:00:00,177224000.0,177299000.0,176500000.0,176753000.0,114.40999548
2025-10-06T08:00:00,176754000.0,177179000.0,176749000.0,177011000.0,83.44426409
2025-10-06T09:00:00,177007000.0,177180000.0,176880000.0,177060000.0,64.25211342
2025-10-06T10:00:00,177023000.0,177304000.0,176920000.0,177156000.0,62.29362522
2025-10-06T11:00:00,177156000.0,177626000.0,176909000.0,177379000.0,96.276693
2025-10-06T12:00:00,177360000.0,177777000.0,177334000.0,177686000.0,112.91654101
2025-10-06T13:00:00,177685000.0,178000000.0,177523000.0,177996000.0,196.61406016
2025-10-06T14:00:00,177999000.0,178307000.0,177400000.0,177458000.0,211.89636392
2025-10-06T15:00:00,177458000.0,178164000.0,177410000.0,177593000.0,106.83032601
2025-10-06T16:00:00,177593000.0,178200000.0,177500000.0,178162000.0,66.16843827
2025-10-06T17:00:00,178162000.0,178430000.0,177736000.0,177874000.0,72.46470295
2025-10-06T18:00:00,177874000.0,178790000.0,177613000.0,178629000.0,89.76871258
2025-10-06T19:00:00,178584000.0,178782000.0,177850000.0,177865000.0,56.91308945
2025-10-06T20:00:00,177967000.0,178086000.0,177660000.0,177896000.0,65.87862345
2025-10-06T21:00:00,177805000.0,177970000.0,177300000.0,177797000.0,87.25528213
2025-10-06T22:00:00,177751000.0,178107000.0,177712000.0,177931000.0,64.61342045
2025-10-06T23:00:00,177931000.0,178012000.0,177536000.0,177536000.0,297.17641474
2025-10-07T00:00:00,177562000.0,178200000.0,177530000.0,178198000.0,101.59837902
2025-10-07T01:00:00,178188000.0,178400000.0,177846000.0,178156000.0,99.19076687
2025-10-07T02:00:00,178156000.0,178160000.0,177553000.0,177600000.0,88.54257302
2025-10-07T03:00:00,177600000.0,177748000.0,177230000.0,177333000.0,118.13844615
2025-10-07T04:00:00,177364000.0,177609000.0,177150000.0,177440000.0,106.88920075
2025-10-07T05:00:00,177439000.0,177488000.0,177160000.0,177254000.0,82.40272996
2025-10-07T06:00:00,177317000.0,177460000.0,176772000.0,176954000.0,138.45019223
2025-10-07T07:00:00,176954000.0,177007000.0,176500000.0,176744000.0,170.05494482
2025-10-07T08:00:00,176745000.0,177005000.0,176000000.0,176854000.0,212.27647767
2025-10-07T09:00:00,176854000.0,177374000.0,176850000.0,177288000.0,83.62031574
2025-10-07T10:00:00,177288000.0,177750000.0,177180000.0,177578000.0,76.89664014
2025-10-07T11:00:00,177574000.0,177879000.0,177427000.0,177861000.0,84.46628069
2025-10-07T12:00:00,177861000.0,178400000.0,177790000.0,178291000.0,134.65989201
2025-10-07T13:00:00,178290000.0,178400000.0,176698000.0,177670000.0,224.63950166
2025-10-07T14:00:00,177670000.0,177719000.0,176179000.0,176219000.0,233.33698982
2025-10-07T15:00:00,176218000.0,176424000.0,174388000.0,175320000.0,442.70315703
2025-10-07T16:00:00,175363000.0,175837000.0,174385000.0,175344000.0,173.56056945
2025-10-07T17:00:00,175330000.0,175505000.0,174840000.0,174981000.0,52.54722226
2025-10-07T18:00:00,174981000.0,175184000.0,174385000.0,174965000.0,65.58287869
2025-10-07T19:00:00,175000000.0,176326000.0,174965000.0,176168000.0,70.31933416
2025-10-07T20:00:00,176190000.0,177000000.0,176081000.0,176688000.0,46.39669071
2025-10-07T21:00:00,176688000.0,177068000.0,176338000.0,176892000.0,66.14686931
2025-10-07T22:00:00,176892000.0,176999000.0,176480000.0,176785000.0,136.82769772
2025-10-07T23:00:00,176790000.0,176796000.0,175460000.0,175460000.0,380.55664066
2025-10-08T00:00:00,175490000.0,177000000.0,175460000.0,176936000.0,179.54031848
2025-10-08T01:00:00,176936000.0,177089000.0,176680000.0,177079000.0,86.3517228
2025-10-08T02:00:00,177079000.0,177378000.0,176997000.0,177346000.0,81.39816485
2025-10-08T03:00:00,177339000.0,177347000.0,176726000.0,176784000.0,84.27527228
2025-10-08T04:00:00,176780000.0,177095000.0,176677000.0,176908000.0,58.67505021
2025-10-08T05:00:00,176908000.0,176988000.0,176010000.0,176186000.0,65.79300614
2025-10-08T06:00:00,176186000.0,176907000.0,176000000.0,176813000.0,62.47509869
2025-10-08T07:00:00,176807000.0,176964000.0,176400000.0,176563000.0,56.51419283
2025-10-08T08:00:00,176563000.0,177952000.0,176539000.0,177622000.0,171.01281016
2025-10-08T09:00:00,177622000.0,178000000.0,177621000.0,177773000.0,99.14297311
2025-10-08T10:00:00,177811000.0,178395000.0,177773000.0,178311000.0,148.36326604
2025-10-08T11:00:00,178310000.0,178425000.0,178081000.0,178232000.0,118.94956203
2025-10-08T12:00:00,178252000.0,178325000.0,177699000.0,177700000.0,78.04230457
2025-10-08T13:00:00,177700000.0,177978000.0,176868000.0,177949000.0,114.10591953
2025-10-08T14:00:00,177949000.0,178498000.0,177209000.0,177527000.0,147.99521776
2025-10-08T15:00:00,177527000.0,177787000.0,177150000.0,177417000.0,51.49014649
2025-10-08T16:00:00,177405000.0,178206000.0,177341000.0,178163000.0,74.81289719
2025-10-08T17:00:00,178165000.0,178601000.0,178005000.0,178600000.0,162.08384363
2025-10-08T18:00:00,178600000.0,178617000.0,177859000.0,177963000.0,51.93191719
2025-10-08T19:00:00,177962000.0,178201000.0,177648000.0,177852000.0,32.74829658
2025-10-08T20:00:00,177852000.0,178194000.0,177237000.0,177237000.0,41.59242697
2025-10-08T21:00:00,177241000.0,177873000.0,177216000.0,177685000.0,31.09033381
2025-10-08T22:00:00,177641000.0,177898000.0,177640000.0,177755000.0,31.1897577
2025-10-08T23:00:00,177755000.0,178140000.0,177616000.0,178011000.0,434.35432116
2025-10-09T00:00:00,177853000.0,178060000.0,177630000.0,177683000.0,71.27343982
2025-10-09T01:00:00,177683000.0,177693000.0,177261000.0,177608000.0,92.27482677
2025-10-09T02:00:00,177608000.0,177614000.0,176800000.0,176896000.0,161.11997394
2025-10-09T03:00:00,176855000.0,177284000.0,176854000.0,177048000.0,63.26445421
2025-10-09T04:00:00,177047000.0,177300000.0,176909000.0,177187000.0,50.01243529
2025-10-09T05:00:00,177103000.0,177229000.0,176900000.0,177227000.0,56.56056229
2025-10-09T06:00:00,177200000.0,177448000.0,177087000.0,177263000.0,43.71372522
2025-10-09T07:00:00,177257000.0,177485000.0,177215000.0,177451000.0,45.48313601
2025-10-09T08:00:00,177451000.0,177663000.0,177000000.0,177002000.0,149.41254186
2025-10-09T09:00:00,177002000.0,177774000.0,177000000.0,177652000.0,95.46046159
2025-10-09T10:00:00,177652000.0,178070000.0,177386000.0,178043000.0,106.15499527
2025-10-09T11:00:00,178048000.0,179000000.0,178040000.0,178737000.0,344.62590519
2025-10-09T12:00:00,178738000.0,179824000.0,178645000.0,179810000.0,293.60610362
2025-10-09T13:00:00,179810000.0,179869000.0,178499000.0,178551000.0,244.16067402
2025-10-09T14:00:00,178549000.0,178802000.0,177200000.0,177700000.0,269.46931371
2025-10-09T15:00:00,177702000.0,178037000.0,177230000.0,177645000.0,102.80306262
2025-10-09T16:00:00,177540000.0,178000000.0,176496000.0,176640000.0,164.3864263
2025-10-09T17:00:00,176545000.0,177401000.0,176496000.0,177401000.0,63.2692013
2025-10-09T18:00:00,177237000.0,177500000.0,176670000.0,177157000.0,33.78964443
2025-10-09T19:00:00,177028000.0,177661000.0,177026000.0,177574000.0,20.76613441
2025-10-09T20:00:00,177574000.0,177720000.0,177255000.0,177560000.0,21.77835441
2025-10-09T21:00:00,177565000.0,178094000.0,177550000.0,177914000.0,32.60197321
2025-10-09T22:00:00,177912000.0,177960000.0,177560000.0,177589000.0,64.49131129
2025-10-09T23:00:00,177565000.0,177733000.0,177229000.0,177616000.0,234.89393962
2025-10-10T00:00:00,177616000.0,178151000.0,177600000.0,178009000.0,81.9545754
2025-10-10T01:00:00,178005000.0,178009000.0,177500000.0,177685000.0,55.31167064
2025-10-10T02:00:00,177685000.0,177718000.0,176995000.0,177079000.0,107.19105883
2025-10-10T03:00:00,177079000.0,177259000.0,176535000.0,176535000.0,126.33376621
2025-10-10T04:00:00,176534000.0,176890000.0,176502000.0,176548000.0,94.41081747
2025-10-10T05:00:00,176546000.0,176950000.0,176300000.0,176799000.0,96.44293187
2025-10-10T06:00:00,176792000.0,177434000.0,176729000.0,177000000.0,223.66192397
2025-10-10T07:00:00,176972000.0,177115000.0,176800000.0,176819000.0,58.28348413
2025-10-10T08:00:00,176819000.0,177295000.0,176750000.0,177295000.0,35.47771247
2025-10-10T09:00:00,177294000.0,177446000.0,177000000.0,177048000.0,44.19051112
2025-10-10T10:00:00,177048000.0,177196000.0,176735000.0,177108000.0,42.23870191
2025-10-10T11:00:00,177100000.0,177171000.0,176919000.0,177060000.0,32.66690303
2025-10-10T12:00:00,177060000.0,177110000.0,176801000.0,176989000.0,41.72028286
2025-10-10T13:00:00,176958000.0,178000000.0,176896000.0,177232000.0,116.66820608
2025-10-10T14:00:00,177232000.0,177500000.0,176351000.0,176371000.0,88.55755974
2025-10-10T15:00:00,176371000.0,176850000.0,175255000.0,176264000.0,505.56441307
2025-10-10T16:00:00,176193000.0,176250000.0,175000000.0,175000000.0,193.88439179
2025-10-10T17:00:00,175000000.0,175180000.0,174000000.0,174150000.0,240.9162788
2025-10-10T18:00:00,174105000.0,174559000.0,173902000.0,173981000.0,104.28363368
2025-10-10T19:00:00,173981000.0,174183000.0,173000000.0,173541000.0,215.35934599
2025-10-10T20:00:00,173551000.0,173702000.0,171000000.0,171872000.0,317.63376139
2025-10-10T21:00:00,171872000.0,173871000.0,165000000.0,172600000.0,2160.29699604
2025-10-10T22:00:00,172600000.0,174800000.0,169850000.0,173705000.0,1057.56833263
2025-10-10T23:00:00,173705000.0,174310000.0,170759000.0,172257000.0,759.32050632
2025-10-11T00:00:00,172180000.0,172896000.0,170215000.0,171030000.0,596.16798535
2025-10-11T01:00:00,171030000.0,171321000.0,166500000.0,167034000.0,922.43977311
2025-10-11T02:00:00,167001000.0,173937000.0,166996000.0,172100000.0,697.8916608
2025-10-11T03:00:00,172100000.0,172439000.0,170713000.0,172200000.0,309.13024632
2025-10-11T04:00:00,172200000.0,172550000.0,170995000.0,172413000.0,143.88360106
2025-10-11T05:00:00,172413000.0,172448000.0,171187000.0,172107000.0,115.78294144
2025-10-11T06:00:00,172100000.0,172132000.0,170577000.0,170595000.0,106.04022357
2025-10-11T07:00:00,170595000.0,170596000.0,168596000.0,168854000.0,293.9281554
2025-10-11T08:00:00,168854000.0,169788000.0,168766000.0,169558000.0,207.39805239
2025-10-11T09:00:00,169558000.0,170284000.0,169501000.0,169959000.0,114.85442198
2025-10-11T10:00:00,169900000.0,170884000.0,169896000.0,170834000.0,79.30728522
2025-10-11T11:00:00,170834000.0,171312000.0,170435000.0,171160000.0,91.36806443
2025-10-11T12:00:00,171160000.0,171639000.0,170686000.0,171635000.0,87.43103983
2025-10-11T13:00:00,171634000.0,172002000.0,171001000.0,171329000.0,107.56835223
2025-10-11T14:00:00,171320000.0,171330000.0,170507000.0,170549000.0,67.51537675
2025-10-11T15:00:00,170561000.0,171090000.0,170451000.0,170454000.0,61.11710646
2025-10-11T16:00:00,170451000.0,170899000.0,170110000.0,170499000.0,32.82210527
2025-10-11T17:00:00,170446000.0,171028000.0,170349000.0,170759000.0,20.01457639
2025-10-11T18:00:00,170758000.0,170901000.0,170682000.0,170841000.0,11.23499854
2025-10-11T19:00:00,170842000.0,171300000.0,170397000.0,171300000.0,45.48168089
2025-10-11T20:00:00,171300000.0,171500000.0,170100000.0,170794000.0,79.00835238
2025-10-11T21:00:00,170793000.0,170955000.0,170168000.0,170320000.0,78.22451063
2025-10-11T22:00:00,170320000.0,170629000.0,169989000.0,170400000.0,79.94711866
2025-10-11T23:00:00,170400000.0,170598000.0,170245000.0,170390000.0,68.13568363
2025-10-12T00:00:00,170390000.0,170497000.0,169000000.0,169000000.0,144.70531895
2025-10-12T01:00:00,169001000.0,169594000.0,168900000.0,168928000.0,131.61890855
2025-10-12T02:00:00,168933000.0,169102000.0,168132000.0,168333000.0,224.75681196
2025-10-12T03:00:00,168249000.0,170100000.0,168222000.0,169819000.0,136.03309509
2025-10-12T04:00:00,169825000.0,171932000.0,169714000.0,171040000.0,195.06339017
2025-10-12T05:00:00,171096000.0,171343000.0,170543000.0,171100000.0,70.4335081
2025-10-12T06:00:00,171100000.0,171599000.0,170997000.0,171092000.0,69.15955599
2025-10-12T07:00:00,171259000.0,171274000.0,170731000.0,170881000.0,66.23074091
2025-10-12T08:00:00,170882000.0,171143000.0,170762000.0,170768000.0,44.34661553
2025-10-12T09:00:00,170767000.0,171100000.0,170100000.0,171098000.0,62.33614568
2025-10-12T10:00:00,171098000.0,171300000.0,170855000.0,170999000.0,49.13005933
2025-10-12T11:00:00,170999000.0,171444000.0,170800000.0,171250000.0,63.43245025
2025-10-12T12:00:00,171250000.0,171622000.0,170863000.0,171110000.0,88.98888216
2025-10-12T13:00:00,171143000.0,171296000.0,170694000.0,170694000.0,60.49575407
2025-10-12T14:00:00,170694000.0,172515000.0,170270000.0,171789000.0,252.15703075
2025-10-12T15:00:00,171747000.0,174549000.0,171677000.0,172526000.0,593.00452687
2025-10-12T16:00:00,172526000.0,173854000.0,172000000.0,172480000.0,248.95662526
2025-10-12T17:00:00,172480000.0,172613000.0,171000000.0,171405000.0,193.16216611
2025-10-12T18:00:00,171369000.0,171951000.0,171186000.0,171868000.0,70.4489871
2025-10-12T19:00:00,171868000.0,172475000.0,171711000.0,172379000.0,63.86254737
2025-10-12T20:00:00,172379000.0,173580000.0,172334000.0,173001000.0,135.93819713
2025-10-12T21:00:00,173001000.0,173850000.0,172841000.0,173400000.0,111.62349801
2025-10-12T22:00:00,173400000.0,174909000.0,173348000.0,174241000.0,224.24530872
2025-10-12T23:00:00,174226000.0,174413000.0,173642000.0,173833000.0,135.06060604
2025-10-13T00:00:00,173833000.0,175110000.0,173804000.0,174538000.0,187.92023696
2025-10-13T01:00:00,174538000.0,175337000.0,174174000.0,175012000.0,141.3026812
2025-10-13T02:00:00,175012000.0,175219000.0,174658000.0,174703000.0,95.82071626
2025-10-13T03:00:00,174703000.0,174973000.0,173255000.0,173533000.0,144.47521913
2025-10-13T04:00:00,173533000.0,173998000.0,172919000.0,173094000.0,114.47422176
2025-10-13T05:00:00,173094000.0,173394000.0,172918000.0,173129000.0,60.41358259
2025-10-13T06:00:00,173129000.0,173920000.0,173000000.0,173516000.0,87.30237182
2025-10-13T07:00:00,173514000.0,173699000.0,173108000.0,173680000.0,100.44331249
2025-10-13T08:00:00,173650000.0,173762000.0,173166000.0,173248000.0,61.60455586
2025-10-13T09:00:00,173248000.0,173292000.0,172515000.0,172770000.0,92.96485699
2025-10-13T10:00:00,172773000.0,172877000.0,172500000.0,172652000.0,61.89685035
2025-10-13T11:00:00,172652000.0,172699000.0,170778000.0,171947000.0,226.851607
2025-10-13T12:00:00,171947000.0,172692000.0,171637000.0,172236000.0,75.09845382
2025-10-13T13:00:00,172235000.0,173292000.0,172200000.0,173169000.0,85.67576982
2025-10-13T14:00:00,173115000.0,173299000.0,171854000.0,172197000.0,96.21355944
2025-10-13T15:00:00,172099000.0,172707000.0,171967000.0,172097000.0,53.93476511
2025-10-13T16:00:00,172098000.0,172979000.0,172002000.0,172241000.0,36.6012404
2025-10-13T17:00:00,172241000.0,172473000.0,171601000.0,172255000.0,60.18533651
2025-10-13T18:00:00,172222000.0,172424000.0,171766000.0,172049000.0,67.39667078
2025-10-13T19:00:00,172049000.0,172761000.0,171857000.0,172563000.0,98.48261067
2025-10-13T20:00:00,172563000.0,172663000.0,171850000.0,172100000.0,61.76488798
2025-10-13T21:00:00,172100000.0,172409000.0,171890000.0,172406000.0,59.43621437
2025-10-13T22:00:00,172352000.0,172761000.0,172313000.0,172324000.0,66.32281999
2025-10-13T23:00:00,172324000.0,172401000.0,171680000.0,171680000.0,106.57651507
2025-10-14T00:00:00,171695000.0,172444000.0,171620000.0,171860000.0,100.28006668
2025-10-14T01:00:00,171878000.0,171895000.0,170645000.0,170652000.0,158.77815329
2025-10-14T02:00:00,170652000.0,170655000.0,170298000.0,170362000.0,140.96138366
2025-10-14T03:00:00,170340000.0,170399000.0,169900000.0,169999000.0,212.91780992
2025-10-14T04:00:00,169999000.0,170000000.0,169000000.0,169217000.0,228.68785298
2025-10-14T05:00:00,169217000.0,170304000.0,168972000.0,168995000.0,178.39847441
2025-10-14T06:00:00,168994000.0,169692000.0,168500000.0,169563000.0,188.53516146
2025-10-14T07:00:00,169563000.0,170000000.0,169080000.0,169700000.0,122.29901963
2025-10-14T08:00:00,169701000.0,169745000.0,169100000.0,169381000.0,97.43846334
2025-10-14T09:00:00,169381000.0,169660000.0,168800000.0,168918000.0,71.61615454
2025-10-14T10:00:00,169010000.0,169010000.0,168000000.0,168630000.0,224.62113132
2025-10-14T11:00:00,168630000.0,169795000.0,168629000.0,169351000.0,89.01807678
2025-10-14T12:00:00,169370000.0,169489000.0,168844000.0,169106000.0,63.01206371
2025-10-14T13:00:00,169109000.0,169563000.0,168158000.0,169199000.0,140.97687749
2025-10-14T14:00:00,169199000.0,170374000.0,168964000.0,169676000.0,99.85639527
2025-10-14T15:00:00,169676000.0,170914000.0,169492000.0,170898000.0,79.13222383
2025-10-14T16:00:00,170898000.0,171206000.0,169710000.0,169802000.0,118.13258136
2025-10-14T17:00:00,169802000.0,170542000.0,169116000.0,170179000.0,60.93812033
2025-10-14T18:00:00,170179000.0,170934000.0,170007000.0,170178000.0,32.81530907
2025-10-14T19:00:00,170178000.0,170885000.0,169389000.0,170176000.0,30.1005195
2025-10-14T20:00:00,170310000.0,170323000.0,169616000.0,170279000.0,13.21973834
2025-10-14T21:00:00,170279000.0,170427000.0,170000000.0,170409000.0,21.20140935
2025-10-14T22:00:00,170409000.0,170800000.0,170048000.0,170482000.0,49.91975688
2025-10-14T23:00:00,170484000.0,170749000.0,170070000.0,170070000.0,33.48671755
2025-10-15T00:00:00,170109000.0,170600000.0,170050000.0,170530000.0,65.44505737
2025-10-15T01:00:00,170530000.0,170600000.0,169901000.0,170167000.0,69.92076725
2025-10-15T02:00:00,170168000.0,170740000.0,170072000.0,170400000.0,75.70111125
2025-10-15T03:00:00,170400000.0,170418000.0,169270000.0,169320000.0,90.08823458
2025-10-15T04:00:00,169319000.0,169570000.0,169076000.0,169524000.0,62.60354899
2025-10-15T05:00:00,169524000.0,170000000.0,169388000.0,169484000.0,132.99997239
2025-10-15T06:00:00,169484000.0,169543000.0,169000000.0,169227000.0,81.61146802
2025-10-15T07:00:00,169226000.0,169516000.0,169035000.0,169182000.0,52.06616717
2025-10-15T08:00:00,169182000.0,170038000.0,169044000.0,169604000.0,105.78944751
2025-10-15T09:00:00,169604000.0,169871000.0,169258000.0,169621000.0,49.00514681
2025-10-15T10:00:00,169516000.0,169640000.0,169055000.0,169154000.0,50.10873678
2025-10-15T11:00:00,169156000.0,169500000.0,168800000.0,168800000.0,97.59424503
2025-10-15T12:00:00,168801000.0,169000000.0,168500000.0,168818000.0,103.79267694
2025-10-15T13:00:00,168817000.0,169300000.0,168220000.0,168730000.0,110.90140563
2025-10-15T14:00:00,168727000.0,169440000.0,168185000.0,168472000.0,104.03710348
2025-10-15T15:00:00,168472000.0,169160000.0,168001000.0,168499000.0,132.60412856
2025-10-15T16:00:00,168499000.0,168930000.0,168247000.0,168400000.0,30.65044561
2025-10-15T17:00:00,168322000.0,169055000.0,168001000.0,168964000.0,40.50517339
2025-10-15T18:00:00,168963000.0,169200000.0,168662000.0,169194000.0,16.91541472
2025-10-15T19:00:00,169085000.0,169553000.0,168775000.0,169553000.0,24.79871701
2025-10-15T20:00:00,169470000.0,170000000.0,169000000.0,169770000.0,56.82876447
2025-10-15T21:00:00,169770000.0,170100000.0,169027000.0,169626000.0,64.63960009
2025-10-15T22:00:00,169575000.0,169900000.0,169018000.0,169050000.0,43.44065503
2025-10-15T23:00:00,169045000.0,169126000.0,168463000.0,168539000.0,62.27778439
2025-10-16T00:00:00,168642000.0,168993000.0,168485000.0,168503000.0,74.56837183
2025-10-16T01:00:00,168501000.0,169457000.0,168487000.0,169368000.0,55.74050791
2025-10-16T02:00:00,169370000.0,169990000.0,169150000.0,169802000.0,67.55160112
2025-10-16T03:00:00,169805000.0,170124000.0,169467000.0,169500000.0,52.44472104
2025-10-16T04:00:00,169526000.0,169915000.0,168762000.0,168883000.0,56.27581556
2025-10-16T05:00:00,168881000.0,169183000.0,168500000.0,168610000.0,68.20338133
2025-10-16T06:00:00,168610000.0,169240000.0,168559000.0,169169000.0,47.22807605
2025-10-16T07:00:00,169216000.0,169300000.0,168170000.0,168192000.0,93.08348508
2025-10-16T08:00:00,168185000.0,168683000.0,168140000.0,168534000.0,59.75112107
2025-10-16T09:00:00,168534000.0,169777000.0,168000000.0,168883000.0,208.10904618
2025-10-16T10:00:00,168947000.0,169316000.0,168615000.0,168978000.0,75.47164472
2025-10-16T11:00:00,168998000.0,168999000.0,168177000.0,168633000.0,70.22149313
2025-10-16T12:00:00,168569000.0,169250000.0,168500000.0,168723000.0,54.59776955
2025-10-16T13:00:00,168700000.0,168728000.0,168000000.0,168146000.0,118.7858807
2025-10-16T14:00:00,168147000.0,168890000.0,167300000.0,167683000.0,190.74226493
2025-10-16T15:00:00,167670000.0,168184000.0,166378000.0,166378000.0,250.02576443
2025-10-16T16:00:00,166377000.0,166556000.0,165000000.0,166489000.0,334.59397004
2025-10-16T17:00:00,166490000.0,166499000.0,165022000.0,165152000.0,107.7127083
2025-10-16T18:00:00,165152000.0,165999000.0,164858000.0,165937000.0,185.8358886
2025-10-16T19:00:00,165937000.0,166300000.0,165074000.0,165841000.0,93.30246254
2025-10-16T20:00:00,165841000.0,166282000.0,165275000.0,165601000.0,63.74050267
2025-10-16T21:00:00,165601000.0,166100000.0,165301000.0,166049000.0,77.85999071
2025-10-16T22:00:00,166049000.0,166150000.0,165180000.0,165191000.0,107.23688557
2025-10-16T23:00:00,165190000.0,165646000.0,165075000.0,165290000.0,105.64650151
2025-10-17T00:00:00,165291000.0,166500000.0,165212000.0,166225000.0,123.35329898
2025-10-17T01:00:00,166225000.0,166565000.0,165840000.0,166204000.0,95.21846763
2025-10-17T02:00:00,166202000.0,166204000.0,165530000.0,166165000.0,89.07759955
2025-10-17T03:00:00,166165000.0,166364000.0,166005000.0,166300000.0,58.14033533
2025-10-17T04:00:00,166300000.0,166300000.0,165549000.0,165598000.0,54.29750569
2025-10-17T05:00:00,165598000.0,165650000.0,165000000.0,165036000.0,98.20780988
2025-10-17T06:00:00,165036000.0,165174000.0,162691000.0,162884000.0,521.5510161
2025-10-17T07:00:00,162884000.0,163010000.0,160610000.0,161138000.0,690.88063126
2025-10-17T08:00:00,161101000.0,161800000.0,160000000.0,160931000.0,595.09853143
2025-10-17T09:00:00,160931000.0,161989000.0,160830000.0,160873000.0,209.57756986
2025-10-17T10:00:00,160873000.0,161116000.0,159671000.0,160900000.0,346.30322079
2025-10-17T11:00:00,160900000.0,163281000.0,160797000.0,162500000.0,337.00776369
2025-10-17T12:00:00,162500000.0,163176000.0,161854000.0,161854000.0,154.70025187
2025-10-17T13:00:00,161874000.0,162744000.0,161196000.0,162365000.0,153.34645676
2025-10-17T14:00:00,162365000.0,162553000.0,161265000.0,161723000.0,131.72240068
2025-10-17T15:00:00,161722000.0,163755000.0,161614000.0,163709000.0,107.58904806
2025-10-17T16:00:00,163754000.0,164469000.0,163200000.0,163407000.0,135.87167871
2025-10-17T17:00:00,163407000.0,163825000.0,162829000.0,163305000.0,31.00680132
2025-10-17T18:00:00,163205000.0,164138000.0,163136000.0,163459000.0,32.50087393
2025-10-17T19:00:00,163475000.0,164027000.0,163102000.0,163470000.0,25.0402189
2025-10-17T20:00:00,163471000.0,164440000.0,163330000.0,164376000.0,35.10058646
2025-10-17T21:00:00,164378000.0,165500000.0,164330000.0,165289000.0,91.12121904
2025-10-17T22:00:00,165288000.0,165300000.0,164590000.0,164722000.0,78.38544012
2025-10-17T23:00:00,164705000.0,164769000.0,163630000.0,163639000.0,68.12472025
2025-10-18T00:00:00,163639000.0,164853000.0,163285000.0,164696000.0,108.32622847
2025-10-18T01:00:00,164705000.0,164998000.0,164345000.0,164457000.0,67.90692595
2025-10-18T02:00:00,164496000.0,164501000.0,163685000.0,163709000.0,60.97043726
2025-10-18T03:00:00,163709000.0,164290000.0,163676000.0,164290000.0,42.67203177
2025-10-18T04:00:00,164290000.0,164291000.0,162900000.0,163005000.0,73.36363825
2025-10-18T05:00:00,163005000.0,163348000.0,162852000.0,163232000.0,49.25395398
2025-10-18T06:00:00,163301000.0,163439000.0,163117000.0,163131000.0,32.14613936
2025-10-18T07:00:00,163131000.0,164000000.0,163122000.0,163195000.0,93.25874567
2025-10-18T08:00:00,163238000.0,163666000.0,163159000.0,163288000.0,36.4444679
2025-10-18T09:00:00,163288000.0,163577000.0,163128000.0,163512000.0,26.16904697
2025-10-18T10:00:00,163513000.0,163800000.0,163393000.0,163556000.0,30.47700552
2025-10-18T11:00:00,163600000.0,163679000.0,163394000.0,163679000.0,33.70518878
2025-10-18T12:00:00,163679000.0,163984000.0,163595000.0,163800000.0,45.67180451
2025-10-18T13:00:00,163800000.0,163963000.0,163600000.0,163718000.0,45.61813341
2025-10-18T14:00:00,163718000.0,163805000.0,163484000.0,163499000.0,30.00025295
2025-10-18T15:00:00,163499000.0,163658000.0,163400000.0,163612000.0,21.1680864
2025-10-18T16:00:00,163612000.0,163640000.0,163106000.0,163299000.0,23.8277906
2025-10-18T17:00:00,163300000.0,163550000.0,163087000.0,163240000.0,15.44055518
2025-10-18T18:00:00,163244000.0,163280000.0,163025000.0,163106000.0,12.41961983
2025-10-18T19:00:00,163225000.0,163490000.0,163021000.0,163343000.0,8.98556476
2025-10-18T20:00:00,163343000.0,163650000.0,163308000.0,163391000.0,14.18952279
2025-10-18T21:00:00,163392000.0,163628000.0,163222000.0,163606000.0,10.96420737
2025-10-18T22:00:00,163606000.0,163747000.0,163507000.0,163604000.0,21.87928586
2025-10-18T23:00:00,163600000.0,163712000.0,163500000.0,163631000.0,21.27538859
2025-10-19T00:00:00,163631000.0,163659000.0,163000000.0,163223000.0,45.16728061
2025-10-19T01:00:00,163223000.0,163341000.0,163074000.0,163228000.0,21.78966389
2025-10-19T02:00:00,163228000.0,163273000.0,163152000.0,163155000.0,16.32414596
2025-10-19T03:00:00,163160000.0,163600000.0,163090000.0,163415000.0,29.62305674
2025-10-19T04:00:00,163408000.0,163459000.0,163000000.0,163001000.0,40.90273577
2025-10-19T05:00:00,163010000.0,163100000.0,162540000.0,162650000.0,68.98348281
2025-10-19T06:00:00,162649000.0,162680000.0,162108000.0,162560000.0,55.81118865
2025-10-19T07:00:00,162566000.0,162789000.0,162490000.0,162491000.0,22.03652643
2025-10-19T08:00:00,162490000.0,162895000.0,162000000.0,162086000.0,76.73030669
2025-10-19T09:00:00,162086000.0,163712000.0,161250000.0,162821000.0,152.38943481
2025-10-19T10:00:00,162821000.0,163499000.0,162498000.0,163478000.0,68.55621634
2025-10-19T11:00:00,163450000.0,164142000.0,163446000.0,163617000.0,115.05478287
2025-10-19T12:00:00,163618000.0,163709000.0,163198000.0,163461000.0,48.41375936
2025-10-19T13:00:00,163443000.0,164142000.0,163186000.0,164050000.0,88.35285919
2025-10-19T14:00:00,164064000.0,164181000.0,163633000.0,164007000.0,89.46410939
2025-10-19T15:00:00,164007000.0,164604000.0,164007000.0,164464000.0,56.61743268
2025-10-19T16:00:00,164470000.0,164987000.0,164151000.0,164682000.0,50.44383997
2025-10-19T17:00:00,164765000.0,165750000.0,164682000.0,165470000.0,71.57972976
2025-10-19T18:00:00,165469000.0,165924000.0,165336000.0,165811000.0,32.11617803
2025-10-19T19:00:00,165885000.0,165885000.0,164995000.0,165119000.0,22.7894492
2025-10-19T20:00:00,165120000.0,165384000.0,164982000.0,165000000.0,25.22903178
2025-10-19T21:00:00,165044000.0,165141000.0,164639000.0,165099000.0,43.94633051
2025-10-19T22:00:00,165099000.0,165996000.0,165001000.0,165644000.0,80.96999364
2025-10-19T23:00:00,165644000.0,165644000.0,164658000.0,164806000.0,76.68597927
2025-10-20T00:00:00,164806000.0,164882000.0,163398000.0,164347000.0,121.11312747
2025-10-20T01:00:00,164347000.0,164500000.0,164000000.0,164302000.0,47.6829855
2025-10-20T02:00:00,164346000.0,165243000.0,164000000.0,165033000.0,88.66247552
2025-10-20T03:00:00,165033000.0,166648000.0,164646000.0,166440000.0,135.84954458
2025-10-20T04:00:00,166495000.0,166801000.0,165939000.0,166230000.0,136.72802468
2025-10-20T05:00:00,166230000.0,166870000.0,166063000.0,166867000.0,85.83363522
2025-10-20T06:00:00,166867000.0,167468000.0,166866000.0,167409000.0,126.8221797
2025-10-20T07:00:00,167410000.0,167434000.0,166429000.0,166683000.0,99.3596356
2025-10-20T08:00:00,166683000.0,167047000.0,166150000.0,166605000.0,68.54492381
2025-10-20T09:00:00,166617000.0,166623000.0,166104000.0,166310000.0,35.37956685
2025-10-20T10:00:00,166310000.0,166593000.0,166115000.0,166135000.0,44.30853926
2025-10-20T11:00:00,166116000.0,166377000.0,165860000.0,166294000.0,51.45526095
2025-10-20T12:00:00,166294000.0,166688000.0,166129000.0,166280000.0,45.02087741
2025-10-20T13:00:00,166270000.0,166650000.0,166000000.0,166593000.0,42.73163018
2025-10-20T14:00:00,166640000.0,166766000.0,166034000.0,166690000.0,47.0930392
2025-10-20T15:00:00,166690000.0,167013000.0,166371000.0,166500000.0,44.80750162
2025-10-20T16:00:00,166501000.0,166950000.0,165800000.0,166505000.0,50.12757657
2025-10-20T17:00:00,166500000.0,166929000.0,165500000.0,165866000.0,36.95805068
2025-10-20T18:00:00,165977000.0,166689000.0,165854000.0,166545000.0,13.03272837
2025-10-20T19:00:00,166663000.0,166681000.0,165754000.0,165934000.0,21.42962226
2025-10-20T20:00:00,165931000.0,166456000.0,165720000.0,166306000.0,13.20399019
2025-10-20T21:00:00,166306000.0,166574000.0,165678000.0,165848000.0,28.9099753
2025-10-20T22:00:00,165858000.0,166189000.0,165613000.0,166080000.0,31.47422589
2025-10-20T23:00:00,166131000.0,166132000.0,165800000.0,165911000.0,32.09707555
2025-10-21T00:00:00,165911000.0,166000000.0,165323000.0,165687000.0,68.77010556
2025-10-21T01:00:00,165680000.0,165709000.0,164891000.0,164956000.0,76.87261443
2025-10-21T02:00:00,164956000.0,165130000.0,164475000.0,164703000.0,88.776345
2025-10-21T03:00:00,164793000.0,164899000.0,164041000.0,164082000.0,54.23702405
2025-10-21T04:00:00,164079000.0,164127000.0,162387000.0,162660000.0,237.65488576
2025-10-21T05:00:00,162660000.0,163041000.0,162014000.0,162060000.0,163.3607154
2025-10-21T06:00:00,162082000.0,163152000.0,162011000.0,162906000.0,77.60569595
2025-10-21T07:00:00,162905000.0,163350000.0,162660000.0,163201000.0,48.12748965
2025-10-21T08:00:00,163201000.0,163201000.0,162248000.0,162599000.0,62.00310345
2025-10-21T09:00:00,162599000.0,162700000.0,162350000.0,162656000.0,45.17598828
2025-10-21T10:00:00,162612000.0,163749000.0,162179000.0,163429000.0,75.06854489
2025-10-21T11:00:00,163528000.0,163746000.0,163021000.0,163729000.0,35.89082017
2025-10-21T12:00:00,163729000.0,164574000.0,163340000.0,163849000.0,81.04985484
2025-10-21T13:00:00,163881000.0,163952000.0,162834000.0,163498000.0,70.419626
2025-10-21T14:00:00,163500000.0,167733000.0,163446000.0,167719000.0,220.76250041
2025-10-21T15:00:00,167719000.0,168900000.0,167060000.0,168566000.0,291.61408404
2025-10-21T16:00:00,168553000.0,169336000.0,167195000.0,167213000.0,185.48658788
2025-10-21T17:00:00,167213000.0,167951000.0,166564000.0,166564000.0,108.60322253
2025-10-21T18:00:00,166564000.0,166998000.0,165911000.0,166574000.0,51.52309418
2025-10-21T19:00:00,166569000.0,166838000.0,165771000.0,166041000.0,27.13706695
2025-10-21T20:00:00,166040000.0,166198000.0,164800000.0,165187000.0,50.90136312
2025-10-21T21:00:00,165172000.0,165407000.0,164330000.0,165236000.0,52.78243838
2025-10-21T22:00:00,165236000.0,165237000.0,162920000.0,163551000.0,145.55027339
2025-10-21T23:00:00,163521000.0,164050000.0,162936000.0,163400000.0,101.48376225
2025-10-22T00:00:00,163400000.0,163684000.0,162935000.0,163214000.0,105.22406357
2025-10-22T01:00:00,163148000.0,163700000.0,163059000.0,163583000.0,69.98271459
2025-10-22T02:00:00,163581000.0,163838000.0,163205000.0,163285000.0,50.34620677
2025-10-22T03:00:00,163285000.0,163400000.0,162958000.0,163307000.0,55.6890924
2025-10-22T04:00:00,163307000.0,163691000.0,163218000.0,163645000.0,41.65165835
2025-10-22T05:00:00,163576000.0,163645000.0,163000000.0,163485000.0,52.03334324
2025-10-22T06:00:00,163485000.0,163612000.0,163092000.0,163136000.0,40.19065734
2025-10-22T07:00:00,163136000.0,163450000.0,162748000.0,163421000.0,63.4222247
2025-10-22T08:00:00,163419000.0,163450000.0,163087000.0,163204000.0,27.85517224
2025-10-22T09:00:00,163202000.0,163523000.0,163000000.0,163052000.0,39.53180433
2025-10-22T10:00:00,163045000.0,163288000.0,162875000.0,162959000.0,43.73229912
2025-10-22T11:00:00,162953000.0,163771000.0,162500000.0,162799000.0,121.20956463
2025-10-22T12:00:00,162741000.0,163699000.0,162591000.0,163212000.0,36.72145372
2025-10-22T13:00:00,163212000.0,164406000.0,162886000.0,164000000.0,74.28160966
2025-10-22T14:00:00,164000000.0,164383000.0,162930000.0,164313000.0,107.74865874
2025-10-22T15:00:00,164315000.0,164398000.0,162968000.0,163497000.0,70.08396086
2025-10-22T16:00:00,163497000.0,163800000.0,162828000.0,163100000.0,43.35597432
2025-10-22T17:00:00,163100000.0,163249000.0,162700000.0,162901000.0,30.60195929
2025-10-22T18:00:00,162914000.0,163601000.0,162703000.0,163225000.0,14.7017296
2025-10-22T19:00:00,163378000.0,163599000.0,163028000.0,163255000.0,19.01580419
2025-10-22T20:00:00,163343000.0,163597000.0,163000000.0,163221000.0,13.02192264
2025-10-22T21:00:00,163221000.0,163373000.0,162510000.0,163297000.0,84.1269247
2025-10-22T22:00:00,163297000.0,163817000.0,162898000.0,162993000.0,50.74254812
2025-10-22T23:00:00,162993000.0,163650000.0,162992000.0,163153000.0,36.24161002
2025-10-23T00:00:00,163153000.0,163495000.0,163035000.0,163399000.0,39.9226044
2025-10-23T01:00:00,163399000.0,164079000.0,163321000.0,163890000.0,55.78127631
2025-10-23T02:00:00,163890000.0,163900000.0,163695000.0,163830000.0,29.90197901
2025-10-23T03:00:00,163864000.0,164250000.0,163812000.0,163814000.0,44.07297485
2025-10-23T04:00:00,163814000.0,164250000.0,163811000.0,164015000.0,31.57639723
2025-10-23T05:00:00,164014000.0,164088000.0,163579000.0,164000000.0,36.79982374
2025-10-23T06:00:00,164000000.0,165999000.0,163923000.0,165949000.0,142.69993423
2025-10-23T07:00:00,165949000.0,165950000.0,164553000.0,164570000.0,75.72329269
2025-10-23T08:00:00,164570000.0,165346000.0,164540000.0,164900000.0,40.36902049
2025-10-23T09:00:00,164900000.0,164934000.0,164420000.0,164721000.0,29.41443291
2025-10-23T10:00:00,164721000.0,165122000.0,164626000.0,164734000.0,27.24422243
2025-10-23T11:00:00,164730000.0,164843000.0,164195000.0,164238000.0,43.81169199
2025-10-23T12:00:00,164238000.0,164279000.0,163700000.0,164250000.0,54.25545652
2025-10-23T13:00:00,164245000.0,164932000.0,163850000.0,164800000.0,65.15748692
2025-10-23T14:00:00,164862000.0,165202000.0,163816000.0,164900000.0,80.20234766
2025-10-23T15:00:00,164901000.0,165394000.0,164704000.0,165024000.0,49.12678654
2025-10-23T16:00:00,165108000.0,165700000.0,164836000.0,165396000.0,37.22680795
2025-10-23T17:00:00,165397000.0,166385000.0,164641000.0,166357000.0,56.42455273
2025-10-23T18:00:00,166347000.0,166400000.0,165401000.0,165827000.0,39.05586865
2025-10-23T19:00:00,165770000.0,165899000.0,165337000.0,165557000.0,14.52035262
2025-10-23T20:00:00,165465000.0,165543000.0,164412000.0,164688000.0,26.22159405
2025-10-23T21:00:00,164606000.0,165120000.0,164571000.0,165071000.0,21.44489791
2025-10-23T22:00:00,165061000.0,165828000.0,165001000.0,165556000.0,35.57300033
2025-10-23T23:00:00,165526000.0,165574000.0,165330000.0,165546000.0,42.67731852
2025-10-24T00:00:00,165546000.0,166496000.0,165476000.0,166433000.0,75.95401797
2025-10-24T01:00:00,166430000.0,166771000.0,166183000.0,166770000.0,85.88152871
2025-10-24T02:00:00,166730000.0,166840000.0,166400000.0,166597000.0,60.15828134
2025-10-24T03:00:00,166574000.0,166605000.0,166000000.0,166098000.0,55.53911654
2025-10-24T04:00:00,166090000.0,166987000.0,165981000.0,166580000.0,78.69150365
2025-10-24T05:00:00,166558000.0,166677000.0,166250000.0,166543000.0,50.94543027
2025-10-24T06:00:00,166543000.0,166849000.0,166300000.0,166656000.0,78.3765873
2025-10-24T07:00:00,166658000.0,166747000.0,166097000.0,166397000.0,70.28491604
2025-10-24T08:00:00,166341000.0,166501000.0,165960000.0,166416000.0,50.11727299
2025-10-24T09:00:00,166416000.0,166799000.0,166250000.0,166619000.0,40.51513043
2025-10-24T10:00:00,166619000.0,166619000.0,166180000.0,166300000.0,37.98985509
2025-10-24T11:00:00,166279000.0,166300000.0,165750000.0,166242000.0,75.58793921
2025-10-24T12:00:00,166242000.0,167381000.0,165905000.0,166570000.0,186.78474171
2025-10-24T13:00:00,166542000.0,166696000.0,165444000.0,165803000.0,132.70129788
2025-10-24T14:00:00,165777000.0,165803000.0,164420000.0,165084000.0,155.56672417
2025-10-24T15:00:00,165084000.0,165753000.0,164826000.0,165184000.0,42.09480117
2025-10-24T16:00:00,165125000.0,165184000.0,164800000.0,165130000.0,26.85058135
2025-10-24T17:00:00,165146000.0,165614000.0,165130000.0,165311000.0,18.39754486
2025-10-24T18:00:00,165311000.0,165619000.0,165199000.0,165547000.0,11.51732051
2025-10-24T19:00:00,165547000.0,165699000.0,165153000.0,165278000.0,13.78830849
2025-10-24T20:00:00,165278000.0,165750000.0,165150000.0,165511000.0,17.06315861
2025-10-24T21:00:00,165469000.0,165775000.0,165235000.0,165753000.0,22.00420048
2025-10-24T22:00:00,165753000.0,165838000.0,165654000.0,165782000.0,20.32148324
2025-10-24T23:00:00,165782000.0,165849000.0,165681000.0,165703000.0,32.96313112
2025-10-25T00:00:00,165703000.0,165822000.0,165331000.0,165530000.0,37.9896545
2025-10-25T01:00:00,165530000.0,166100000.0,165518000.0,166097000.0,37.00779208
2025-10-25T02:00:00,166097000.0,166175000.0,165792000.0,165793000.0,32.02603793
2025-10-25T03:00:00,165793000.0,166150000.0,165792000.0,166108000.0,26.98491736
2025-10-25T04:00:00,166108000.0,166400000.0,166000000.0,166140000.0,23.86082144
2025-10-25T05:00:00,166141000.0,166241000.0,165935000.0,166208000.0,25.97729814
2025-10-25T06:00:00,166208000.0,166305000.0,165990000.0,166176000.0,16.98486169
2025-10-25T07:00:00,166176000.0,166631000.0,166098000.0,166357000.0,46.55939105
2025-10-25T08:00:00,166358000.0,166720000.0,166357000.0,166712000.0,25.38353442
2025-10-25T09:00:00,166707000.0,166830000.0,166501000.0,166502000.0,29.17020406
2025-10-25T10:00:00,166502000.0,166725000.0,166396000.0,166667000.0,28.7582247
2025-10-25T11:00:00,166667000.0,166700000.0,166417000.0,166474000.0,28.58078314
2025-10-25T12:00:00,166474000.0,166780000.0,166424000.0,166780000.0,28.13626097
2025-10-25T13:00:00,166781000.0,166849000.0,166410000.0,166430000.0,40.00792408
2025-10-25T14:00:00,166479000.0,166650000.0,166226000.0,166383000.0,34.22358684
2025-10-25T15:00:00,166382000.0,166382000.0,166000000.0,166001000.0,25.52327208
2025-10-25T16:00:00,166001000.0,166250000.0,165850000.0,166246000.0,22.50660178
2025-10-25T17:00:00,166246000.0,166248000.0,166152000.0,166248000.0,0.00431072
2025-10-25T23:00:00,166248000.0,166330000.0,166095000.0,166310000.0,5.60436575
2025-10-26T00:00:00,166330000.0,166770000.0,166297000.0,166691000.0,44.26901129
2025-10-26T01:00:00,166691000.0,166727000.0,166550000.0,166678000.0,25.94696596
2025-10-26T02:00:00,166678000.0,166678000.0,166339000.0,166339000.0,21.92409846
2025-10-26T03:00:00,166339000.0,166567000.0,166214000.0,166214000.0,22.34189521
2025-10-26T04:00:00,166215000.0,166400000.0,166104000.0,166334000.0,18.73220389
2025-10-26T05:00:00,166334000.0,166512000.0,166262000.0,166429000.0,14.63506528
2025-10-26T06:00:00,166405000.0,166476000.0,166293000.0,166324000.0,14.53240319
2025-10-26T07:00:00,166324000.0,166447000.0,166320000.0,166367000.0,9.22050167
2025-10-26T08:00:00,166368000.0,166505000.0,166367000.0,166422000.0,17.27635047
2025-10-26T09:00:00,166422000.0,167603000.0,166366000.0,167229000.0,133.26787062
2025-10-26T10:00:00,167232000.0,167283000.0,167000000.0,167282000.0,46.37204426
2025-10-26T11:00:00,167283000.0,168550000.0,167282000.0,168388000.0,145.66778241
2025-10-26T12:00:00,168395000.0,169050000.0,168388000.0,168789000.0,185.24904075
2025-10-26T13:00:00,168788000.0,168957000.0,168250000.0,168640000.0,91.3877129
2025-10-26T14:00:00,168639000.0,168800000.0,168222000.0,168295000.0,55.06448226
2025-10-26T15:00:00,168295000.0,168616000.0,168000000.0,168616000.0,37.57204847
2025-10-26T16:00:00,168600000.0,168800000.0,168203000.0,168500000.0,32.27317037
2025-10-26T17:00:00,168500000.0,168780000.0,168397000.0,168525000.0,10.09085051
2025-10-26T18:00:00,168555000.0,168744000.0,168470000.0,168601000.0,6.08026172
2025-10-26T19:00:00,168602000.0,168728000.0,168473000.0,168477000.0,11.80997293
2025-10-26T20:00:00,168477000.0,168508000.0,168243000.0,168260000.0,19.45375164
2025-10-26T21:00:00,168260000.0,168329000.0,167800000.0,168261000.0,45.27354331
2025-10-26T22:00:00,168261000.0,170000000.0,168260000.0,169758000.0,186.40808529
2025-10-26T23:00:00,169706000.0,169958000.0,169457000.0,169514000.0,103.07487655
2025-10-27T00:00:00,169514000.0,170460000.0,169507000.0,170029000.0,179.71143022
2025-10-27T01:00:00,170029000.0,170750000.0,170000000.0,170716000.0,70.89058998
2025-10-27T02:00:00,170716000.0,170865000.0,170028000.0,170159000.0,103.26161351
2025-10-27T03:00:00,170158000.0,170400000.0,169827000.0,169831000.0,76.76336615
2025-10-27T04:00:00,169828000.0,170390000.0,169824000.0,170333000.0,47.68513461
2025-10-27T05:00:00,170333000.0,170629000.0,170333000.0,170501000.0,48.10389336
2025-10-27T06:00:00,170500000.0,171168000.0,170370000.0,171168000.0,81.41728931
2025-10-27T07:00:00,171167000.0,171500000.0,170545000.0,170584000.0,97.63628281
2025-10-27T08:00:00,170590000.0,170730000.0,169542000.0,169673000.0,109.42579232
2025-10-27T09:00:00,169673000.0,170271000.0,169100000.0,170090000.0,113.28015648
2025-10-27T10:00:00,170080000.0,170854000.0,169999000.0,170716000.0,54.7961226
2025-10-27T11:00:00,170711000.0,170784000.0,170333000.0,170474000.0,45.18889902
2025-10-27T12:00:00,170474000.0,170500000.0,169700000.0,169704000.0,64.44214369
2025-10-27T13:00:00,169704000.0,170331000.0,169401000.0,170254000.0,82.62644823
2025-10-27T14:00:00,170247000.0,170292000.0,169490000.0,169566000.0,53.29315606
2025-10-27T15:00:00,169566000.0,170036000.0,169506000.0,169809000.0,35.40786511
2025-10-27T16:00:00,169795000.0,170400000.0,169600000.0,170273000.0,27.58248117
2025-10-27T17:00:00,170273000.0,170476000.0,170083000.0,170368000.0,15.77273691
2025-10-27T18:00:00,170368000.0,170499000.0,169932000.0,169960000.0,11.25499912
2025-10-27T19:00:00,169960000.0,169971000.0,169462000.0,169588000.0,33.60841755
2025-10-27T20:00:00,169571000.0,169800000.0,169431000.0,169492000.0,20.05952123
2025-10-27T21:00:00,169477000.0,169635000.0,169193000.0,169375000.0,45.63803393
2025-10-27T22:00:00,169375000.0,169696000.0,169186000.0,169254000.0,41.42705595
2025-10-27T23:00:00,169254000.0,169312000.0,168793000.0,168980000.0,80.40082472
2025-10-28T00:00:00,168980000.0,168996000.0,168485000.0,168744000.0,92.4811341
2025-10-28T01:00:00,168741000.0,169700000.0,168679000.0,169657000.0,49.92226053
2025-10-28T02:00:00,169676000.0,169691000.0,168782000.0,169128000.0,51.75120471
2025-10-28T03:00:00,169128000.0,169253000.0,168763000.0,168949000.0,35.2968506
2025-10-28T04:00:00,168949000.0,168997000.0,168697000.0,168840000.0,26.55731232
2025-10-28T05:00:00,168837000.0,168840000.0,168168000.0,168269000.0,59.35580521
2025-10-28T06:00:00,168268000.0,168953000.0,168214000.0,168774000.0,37.94717615
2025-10-28T07:00:00,168774000.0,169108000.0,168751000.0,168912000.0,80.76460551
2025-10-28T08:00:00,168912000.0,169320000.0,168850000.0,169182000.0,40.83495866
2025-10-28T09:00:00,169200000.0,169320000.0,168980000.0,169184000.0,20.56139074
2025-10-28T10:00:00,169184000.0,169320000.0,169093000.0,169319000.0,15.76487186
2025-10-28T11:00:00,169320000.0,169400000.0,169123000.0,169143000.0,29.48513598
2025-10-28T12:00:00,169190000.0,169352000.0,169000000.0,169222000.0,34.7642895
2025-10-28T13:00:00,169222000.0,170100000.0,169201000.0,170100000.0,97.79084008
2025-10-28T14:00:00,170100000.0,170859000.0,169424000.0,170129000.0,136.12841599
2025-10-28T15:00:00,170129000.0,170500000.0,169500000.0,169653000.0,38.86925268
2025-10-28T16:00:00,169656000.0,170543000.0,169500000.0,170400000.0,19.08553646
2025-10-28T17:00:00,170400000.0,170542000.0,170070000.0,170070000.0,18.07642724
2025-10-28T18:00:00,170070000.0,170251000.0,169442000.0,169877000.0,19.0161948
2025-10-28T19:00:00,169955000.0,169995000.0,168509000.0,168744000.0,51.58159379
2025-10-28T20:00:00,168730000.0,168836000.0,167600000.0,168250000.0,121.9250797
2025-10-28T21:00:00,168250000.0,169049000.0,167550000.0,168821000.0,100.97254889
2025-10-28T22:00:00,168770000.0,168962000.0,168540000.0,168742000.0,42.82241884
2025-10-28T23:00:00,168740000.0,168742000.0,168209000.0,168263000.0,46.76359687
2025-10-29T00:00:00,168263000.0,168299000.0,167935000.0,167935000.0,75.26687334
2025-10-29T01:00:00,167935000.0,168260000.0,167500000.0,167900000.0,109.80374943
2025-10-29T02:00:00,167979000.0,168090000.0,167786000.0,167953000.0,49.75241992
2025-10-29T03:00:00,167900000.0,168100000.0,167700000.0,167967000.0,31.41963325
2025-10-29T04:00:00,167950000.0,168119000.0,167848000.0,167909000.0,37.69727766
2025-10-29T05:00:00,167909000.0,168337000.0,167880000.0,167930000.0,43.23105954
2025-10-29T06:00:00,167930000.0,168248000.0,167795000.0,168130000.0,46.92927864
2025-10-29T07:00:00,168130000.0,168281000.0,168022000.0,168278000.0,26.85278698
2025-10-29T08:00:00,168274000.0,168401000.0,167922000.0,167945000.0,48.6373948
2025-10-29T09:00:00,167945000.0,168150000.0,167700000.0,167809000.0,36.2996324
2025-10-29T10:00:00,167808000.0,167945000.0,167020000.0,167120000.0,103.87719065
2025-10-29T11:00:00,167060000.0,167891000.0,167014000.0,167615000.0,57.35675044
2025-10-29T12:00:00,167615000.0,167799000.0,167232000.0,167255000.0,57.55884563
2025-10-29T13:00:00,167254000.0,167961000.0,167060000.0,167200000.0,80.38920828
2025-10-29T14:00:00,167202000.0,167266000.0,166462000.0,166554000.0,132.21689891
2025-10-29T15:00:00,166555000.0,166882000.0,165844000.0,165923000.0,135.72207071
2025-10-29T16:00:00,166013000.0,166018000.0,165235000.0,165567000.0,103.78365284
2025-10-29T17:00:00,165526000.0,166298000.0,165238000.0,166085000.0,66.46577433
2025-10-29T18:00:00,166012000.0,166326000.0,164053000.0,165421000.0,218.87363228
2025-10-29T19:00:00,165421000.0,166495000.0,164695000.0,165600000.0,108.45558074
2025-10-29T20:00:00,165600000.0,166549000.0,165506000.0,166460000.0,56.62153525
2025-10-29T21:00:00,166411000.0,166664000.0,166290000.0,166355000.0,36.55403991
2025-10-29T22:00:00,166355000.0,166355000.0,165357000.0,165365000.0,64.47584869
2025-10-29T23:00:00,165365000.0,165388000.0,164000000.0,164617000.0,218.99029788
2025-10-30T00:00:00,164597000.0,165450000.0,164010000.0,165330000.0,147.84241325
2025-10-30T01:00:00,165330000.0,165450000.0,164915000.0,165106000.0,68.07400902
2025-10-30T02:00:00,165106000.0,165700000.0,164932000.0,165363000.0,74.60774111
2025-10-30T03:00:00,165408000.0,165452000.0,165000000.0,165205000.0,57.77951421
2025-10-30T04:00:00,165205000.0,165205000.0,162300000.0,163145000.0,464.03542879
2025-10-30T05:00:00,163147000.0,164867000.0,163000000.0,164663000.0,120.04370181
2025-10-30T06:00:00,164663000.0,165378000.0,164300000.0,165314000.0,65.9738777
2025-10-30T07:00:00,165314000.0,166201000.0,165100000.0,165903000.0,68.26958596
2025-10-30T08:00:00,165904000.0,166000000.0,164894000.0,165076000.0,44.24110772
2025-10-30T09:00:00,165076000.0,165167000.0,164385000.0,164611000.0,38.54113558
2025-10-30T10:00:00,164611000.0,164611000.0,164188000.0,164188000.0,34.91552538
2025-10-30T11:00:00,164190000.0,164705000.0,164021000.0,164400000.0,48.7237082
2025-10-30T12:00:00,164401000.0,164427000.0,163000000.0,163126000.0,119.50557487
2025-10-30T13:00:00,163125000.0,163506000.0,162000000.0,162622000.0,249.20399061
2025-10-30T14:00:00,162622000.0,163464000.0,162587000.0,163363000.0,78.24938508
2025-10-30T15:00:00,163363000.0,163394000.0,162314000.0,162889000.0,64.71986401
2025-10-30T16:00:00,162932000.0,163446000.0,162700000.0,163191000.0,20.64567148
2025-10-30T17:00:00,163191000.0,163200000.0,162060000.0,162658000.0,62.71097333
2025-10-30T18:00:00,162658000.0,162958000.0,162140000.0,162184000.0,29.03025791
2025-10-30T19:00:00,162184000.0,162649000.0,162000000.0,162237000.0,80.8218358
2025-10-30T20:00:00,162237000.0,163012000.0,162000000.0,163012000.0,47.61804001
2025-10-30T21:00:00,163012000.0,163900000.0,162912000.0,163774000.0,55.17835784
2025-10-30T22:00:00,163783000.0,164021000.0,163366000.0,164019000.0,50.16313296
2025-10-30T23:00:00,164019000.0,164400000.0,163597000.0,164258000.0,69.49489599
2025-10-31T00:00:00,164259000.0,165484000.0,164172000.0,164994000.0,89.64776125
2025-10-31T01:00:00,165062000.0,165940000.0,164901000.0,165346000.0,114.5610621
2025-10-31T02:00:00,165275000.0,165409000.0,163530000.0,163900000.0,85.28147607
2025-10-31T03:00:00,163901000.0,164597000.0,163601000.0,164344000.0,53.96603329
2025-10-31T04:00:00,164344000.0,165300000.0,164000000.0,165125000.0,60.20198584
2025-10-31T05:00:00,165072000.0,165125000.0,164359000.0,164580000.0,32.87474832
2025-10-31T06:00:00,164580000.0,164730000.0,164100000.0,164160000.0,31.36175399
2025-10-31T07:00:00,164160000.0,164401000.0,163800000.0,164027000.0,37.91594291
2025-10-31T08:00:00,164064000.0,164997000.0,163838000.0,164972000.0,39.14461807
2025-10-31T09:00:00,164980000.0,165295000.0,164593000.0,164600000.0,37.12815579
2025-10-31T10:00:00,164600000.0,164812000.0,164312000.0,164451000.0,23.80134217
2025-10-31T11:00:00,164458000.0,165200000.0,163860000.0,164998000.0,56.43638293
2025-10-31T12:00:00,164998000.0,165298000.0,164200000.0,164276000.0,54.0978849
2025-10-31T13:00:00,164271000.0,164948000.0,164051000.0,164947000.0,40.35724525
2025-10-31T14:00:00,164944000.0,165850000.0,164259000.0,165507000.0,70.85871859
2025-10-31T15:00:00,165500000.0,166000000.0,164607000.0,164715000.0,55.82090244
2025-10-31T16:00:00,164715000.0,164964000.0,163300000.0,163374000.0,59.69185265
2025-10-31T17:00:00,163386000.0,164300000.0,163255000.0,164232000.0,43.78234164
2025-10-31T18:00:00,164188000.0,164675000.0,163718000.0,164238000.0,12.45542825
2025-10-31T19:00:00,164225000.0,164929000.0,163894000.0,164276000.0,11.55632524
2025-10-31T20:00:00,164178000.0,164350000.0,163900000.0,164012000.0,14.54978421
2025-10-31T21:00:00,163948000.0,164685000.0,163930000.0,164465000.0,24.14646397
2025-10-31T22:00:00,164411000.0,164650000.0,164281000.0,164559000.0,21.96508104
2025-10-31T23:00:00,164444000.0,164582000.0,164274000.0,164275000.0,14.36031237
2025-11-01T00:00:00,164275000.0,164499000.0,164053000.0,164380000.0,19.59828973
2025-11-01T01:00:00,164362000.0,164600000.0,164249000.0,164254000.0,20.49414973
2025-11-01T02:00:00,164253000.0,164263000.0,163899000.0,164075000.0,26.70944128
2025-11-01T03:00:00,164074000.0,164397000.0,164065000.0,164387000.0,21.04302407
2025-11-01T04:00:00,164290000.0,164692000.0,164274000.0,164513000.0,21.62528889
2025-11-01T05:00:00,164500000.0,164573000.0,164249000.0,164250000.0,19.58403253
2025-11-01T06:00:00,164249000.0,164364000.0,164101000.0,164103000.0,12.43252586
2025-11-01T07:00:00,164103000.0,164418000.0,164101000.0,164250000.0,13.00977127
2025-11-01T08:00:00,164200000.0,164498000.0,164200000.0,164437000.0,11.42272083
2025-11-01T09:00:00,164433000.0,164496000.0,164105000.0,164146000.0,14.58527412
2025-11-01T10:00:00,164146000.0,164273000.0,164000000.0,164191000.0,22.14849965
2025-11-01T11:00:00,164190000.0,164343000.0,164068000.0,164121000.0,10.53051861
2025-11-01T12:00:00,164112000.0,164138000.0,163860000.0,163865000.0,23.14054968
2025-11-01T13:00:00,163860000.0,163865000.0,163410000.0,163664000.0,47.76670374
2025-11-01T14:00:00,163659000.0,164000000.0,163582000.0,164000000.0,15.79391367
2025-11-01T15:00:00,164000000.0,164425000.0,163964000.0,164271000.0,24.4147262
2025-11-01T16:00:00,164271000.0,164490000.0,164094000.0,164263000.0,13.11068393
2025-11-01T17:00:00,164263000.0,164389000.0,164096000.0,164212000.0,12.50973635
2025-11-01T18:00:00,164211000.0,164374000.0,164104000.0,164346000.0,2.97301219
2025-11-01T19:00:00,164346000.0,164350000.0,164175000.0,164315000.0,2.54334424
2025-11-01T20:00:00,164315000.0,164350000.0,164206000.0,164235000.0,7.7960174
2025-11-01T21:00:00,164236000.0,164374000.0,163840000.0,163840000.0,12.33533779
2025-11-01T22:00:00,163856000.0,164226000.0,163830000.0,164101000.0,8.7191472
2025-11-01T23:00:00,164101000.0,164104000.0,163970000.0,164000000.0,10.64826713
2025-11-02T00:00:00,164001000.0,164148000.0,163889000.0,164000000.0,19.60275037
2025-11-02T01:00:00,164000000.0,164000000.0,163853000.0,163900000.0,16.61950359
2025-11-02T02:00:00,163899000.0,164004000.0,163742000.0,163938000.0,23.71261075
2025-11-02T03:00:00,163938000.0,163950000.0,163701000.0,163702000.0,15.73103795
2025-11-02T04:00:00,163701000.0,164506000.0,163695000.0,164356000.0,24.28446724
2025-11-02T05:00:00,164356000.0,164469000.0,163990000.0,164169000.0,17.51286655
2025-11-02T06:00:00,164169000.0,164346000.0,163967000.0,164335000.0,19.3585326
2025-11-02T07:00:00,164345000.0,164840000.0,164162000.0,164650000.0,23.64948389
2025-11-02T08:00:00,164650000.0,164700000.0,164180000.0,164700000.0,20.05792092
2025-11-02T09:00:00,164700000.0,164976000.0,164400000.0,164790000.0,27.21959358
2025-11-02T10:00:00,164792000.0,164799000.0,164450000.0,164524000.0,18.75633629
2025-11-02T11:00:00,164523000.0,165139000.0,164519000.0,165114000.0,38.05760523
2025-11-02T12:00:00,165113000.0,165122000.0,164526000.0,164630000.0,31.82469825
2025-11-02T13:00:00,164630000.0,164630000.0,164200000.0,164499000.0,33.87766964
2025-11-02T14:00:00,164575000.0,164575000.0,164142000.0,164290000.0,20.98440542
2025-11-02T15:00:00,164290000.0,164500000.0,164022000.0,164022000.0,11.73574483
2025-11-02T16:00:00,164101000.0,164162000.0,163712000.0,163996000.0,28.43736851
2025-11-02T17:00:00,164088000.0,164255000.0,163895000.0,163987000.0,13.93997761
2025-11-02T18:00:00,164009000.0,164260000.0,163993000.0,164251000.0,3.97084333
2025-11-02T19:00:00,164259000.0,164360000.0,163987000.0,164178000.0,11.95844745
2025-11-02T20:00:00,164100000.0,164178000.0,163921000.0,164042000.0,6.51921471
2025-11-02T21:00:00,164040000.0,164042000.0,163800000.0,163818000.0,10.21093875
2025-11-02T22:00:00,163815000.0,163897000.0,163300000.0,163614000.0,62.71254445
2025-11-02T23:00:00,163575000.0,164150000.0,163575000.0,164129000.0,37.60715297
2025-11-03T00:00:00,164074000.0,164133000.0,163173000.0,163173000.0,56.80872397
2025-11-03T01:00:00,163173000.0,163400000.0,163000000.0,163096000.0,94.59528597
2025-11-03T02:00:00,163098000.0,163102000.0,162085000.0,162498000.0,153.91573352
2025-11-03T03:00:00,162498000.0,162620000.0,161260000.0,161340000.0,291.62836806
2025-11-03T04:00:00,161340000.0,161488000.0,160600000.0,161361000.0,242.77722284
2025-11-03T05:00:00,161360000.0,161381000.0,160601000.0,160739000.0,107.14562954
2025-11-03T06:00:00,160716000.0,160857000.0,160000000.0,160489000.0,312.56472001
2025-11-03T07:00:00,160488000.0,161050000.0,160213000.0,160770000.0,92.5997738
2025-11-03T08:00:00,160775000.0,160834000.0,159700000.0,160620000.0,213.27703351
2025-11-03T09:00:00,160620000.0,160870000.0,159900000.0,159972000.0,85.33593105
2025-11-03T10:00:00,159971000.0,160725000.0,159797000.0,159815000.0,73.5133503
2025-11-03T11:00:00,159880000.0,161051000.0,159810000.0,160991000.0,84.8472358
2025-11-03T12:00:00,160991000.0,161761000.0,160785000.0,160786000.0,76.39453751
2025-11-03T13:00:00,160786000.0,161147000.0,160501000.0,160959000.0,61.23357888
2025-11-03T14:00:00,160958000.0,161307000.0,160039000.0,160745000.0,63.03653161
2025-11-03T15:00:00,160745000.0,160813000.0,158762000.0,158881000.0,394.42202775
2025-11-03T16:00:00,158881000.0,159700000.0,158234000.0,159647000.0,162.96684046
2025-11-03T17:00:00,159647000.0,160899000.0,159528000.0,160782000.0,59.0237344
2025-11-03T18:00:00,160782000.0,160802000.0,159907000.0,160168000.0,48.41547353
2025-11-03T19:00:00,160149000.0,160749000.0,159526000.0,160445000.0,35.29414736
2025-11-03T20:00:00,160445000.0,160589000.0,159177000.0,159775000.0,85.01971595
2025-11-03T21:00:00,159775000.0,160371000.0,159002000.0,159683000.0,99.50577764
2025-11-03T22:00:00,159684000.0,159684000.0,158000000.0,158500000.0,289.55202669
2025-11-03T23:00:00,158593000.0,158791000.0,158000000.0,158587000.0,186.74276013
2025-11-04T00:00:00,158589000.0,159750000.0,158049000.0,159248000.0,207.23481273
2025-11-04T01:00:00,159248000.0,161128000.0,159246000.0,160700000.0,155.62282184
2025-11-04T02:00:00,160642000.0,160755000.0,159350000.0,159396000.0,75.38070372
2025-11-04T03:00:00,159360000.0,160500000.0,158941000.0,160425000.0,74.16891949
2025-11-04T04:00:00,160421000.0,160495000.0,159856000.0,159860000.0,49.48343618
2025-11-04T05:00:00,159860000.0,159900000.0,155833000.0,155949000.0,448.16824448
2025-11-04T06:00:00,155920000.0,156842000.0,155501000.0,155850000.0,388.57458165
2025-11-04T07:00:00,155850000.0,156224000.0,154600000.0,154681000.0,399.4551662
2025-11-04T08:00:00,154681000.0,154889000.0,153183000.0,153904000.0,490.34508051
2025-11-04T09:00:00,153904000.0,154000000.0,153183000.0,153851000.0,203.45234366
2025-11-04T10:00:00,153881000.0,154587000.0,153640000.0,153957000.0,135.33062822
2025-11-04T11:00:00,153957000.0,155687000.0,153833000.0,155684000.0,157.39328618
2025-11-04T12:00:00,155684000.0,155776000.0,154000000.0,154199000.0,163.61552285
2025-11-04T13:00:00,154199000.0,154497000.0,153653000.0,154029000.0,120.07195901
2025-11-04T14:00:00,154029000.0,155558000.0,153025000.0,155311000.0,258.50496497
2025-11-04T15:00:00,155331000.0,155807000.0,153605000.0,153683000.0,184.58438984
2025-11-04T16:00:00,153626000.0,154054000.0,152531000.0,152546000.0,190.39846348
2025-11-04T17:00:00,152543000.0,152546000.0,151011000.0,151148000.0,310.73970187
2025-11-04T18:00:00,151148000.0,151860000.0,150100000.0,151785000.0,405.78889208
2025-11-04T19:00:00,151801000.0,151983000.0,150031000.0,150040000.0,141.33578325
2025-11-04T20:00:00,150032000.0,151187000.0,149575000.0,150956000.0,496.3793148
2025-11-04T21:00:00,150926000.0,151243000.0,147651000.0,149940000.0,849.47735028
2025-11-04T22:00:00,149947000.0,152700000.0,149792000.0,151439000.0,484.84170022
2025-11-04T23:00:00,151591000.0,153190000.0,151437000.0,152873000.0,232.93359914
2025-11-05T00:00:00,152873000.0,153427000.0,149258000.0,149857000.0,505.33597833
2025-11-05T01:00:00,149810000.0,150000000.0,146679000.0,149665000.0,999.81815817
2025-11-05T02:00:00,149825000.0,151500000.0,149649000.0,151289000.0,353.70483513
2025-11-05T03:00:00,151339000.0,153500000.0,151118000.0,152185000.0,417.3456718
2025-11-05T04:00:00,152185000.0,152606000.0,150833000.0,151788000.0,233.78875808
2025-11-05T05:00:00,151797000.0,152510000.0,151473000.0,151685000.0,128.33065939
2025-11-05T06:00:00,151685000.0,152005000.0,151098000.0,151957000.0,104.06062784
2025-11-05T07:00:00,151957000.0,152186000.0,151586000.0,152142000.0,73.76383251
2025-11-05T08:00:00,152142000.0,152173000.0,150521000.0,151310000.0,127.66727475
2025-11-05T09:00:00,151310000.0,152000000.0,151221000.0,151784000.0,52.54621353
2025-11-05T10:00:00,151772000.0,151785000.0,150597000.0,150703000.0,65.94813923
2025-11-05T11:00:00,150703000.0,151774000.0,150600000.0,151771000.0,87.23213865
2025-11-05T12:00:00,151771000.0,153350000.0,151462000.0,153090000.0,156.92232245
2025-11-05T13:00:00,153096000.0,154500000.0,152352000.0,154055000.0,207.81083871
2025-11-05T14:00:00,154055000.0,154450000.0,152790000.0,154230000.0,172.0671821
2025-11-05T15:00:00,154230000.0,155200000.0,153601000.0,155147000.0,156.51200214
2025-11-05T16:00:00,155147000.0,155475000.0,154381000.0,155306000.0,103.78955234
2025-11-05T17:00:00,155306000.0,155348000.0,154650000.0,155221000.0,47.6742816
2025-11-05T18:00:00,155339000.0,155850000.0,155108000.0,155795000.0,81.56027563
2025-11-05T19:00:00,155793000.0,156000000.0,155378000.0,155550000.0,82.48453944
2025-11-05T20:00:00,155550000.0,156324000.0,155219000.0,155406000.0,108.67133448
2025-11-05T21:00:00,155406000.0,155407000.0,154600000.0,155300000.0,89.59910513
2025-11-05T22:00:00,155310000.0,155361000.0,154393000.0,155155000.0,131.77070646
2025-11-05T23:00:00,155202000.0,156320000.0,155000000.0,156008000.0,150.41779624
2025-11-06T00:00:00,156008000.0,156126000.0,154530000.0,155104000.0,155.45801872
2025-11-06T01:00:00,155104000.0,155111000.0,153048000.0,154241000.0,180.37656192
2025-11-06T02:00:00,154241000.0,154391000.0,153460000.0,154300000.0,81.07141106
2025-11-06T03:00:00,154275000.0,155194000.0,154246000.0,154720000.0,72.31621096
2025-11-06T04:00:00,154720000.0,155273000.0,154506000.0,155236000.0,66.53140147
2025-11-06T05:00:00,155242000.0,155299000.0,153815000.0,153847000.0,69.28282045
2025-11-06T06:00:00,153850000.0,154690000.0,153847000.0,154279000.0,52.63075911
2025-11-06T07:00:00,154279000.0,154573000.0,153845000.0,154335000.0,41.95378745
2025-11-06T08:00:00,154330000.0,154500000.0,154100000.0,154336000.0,30.89810612
2025-11-06T09:00:00,154336000.0,154367000.0,153981000.0,153989000.0,41.71313694
2025-11-06T10:00:00,153990000.0,154500000.0,153550000.0,154434000.0,45.88231303
2025-11-06T11:00:00,154434000.0,154440000.0,153837000.0,154372000.0,35.92493807
2025-11-06T12:00:00,154372000.0,154450000.0,153260000.0,153655000.0,65.91060676
2025-11-06T13:00:00,153687000.0,154850000.0,153645000.0,154500000.0,75.87154172
2025-11-06T14:00:00,154510000.0,154807000.0,153029000.0,153029000.0,93.34230177
2025-11-06T15:00:00,153030000.0,153885000.0,152211000.0,152732000.0,152.61738796
2025-11-06T16:00:00,152614000.0,153219000.0,150500000.0,151089000.0,172.78207635
2025-11-06T17:00:00,151074000.0,152429000.0,150871000.0,152355000.0,76.90630403
2025-11-06T18:00:00,152355000.0,152890000.0,151100000.0,152112000.0,35.10427864
2025-11-06T19:00:00,152112000.0,152656000.0,151583000.0,151753000.0,31.14483746
2025-11-06T20:00:00,151753000.0,152000000.0,150800000.0,151156000.0,57.96521525
2025-11-06T21:00:00,151161000.0,151618000.0,150570000.0,151371000.0,74.95522445
2025-11-06T22:00:00,151371000.0,151971000.0,151355000.0,151950000.0,58.42272605
2025-11-06T23:00:00,151950000.0,151997000.0,151280000.0,151401000.0,59.59414753
2025-11-07T00:00:00,151412000.0,152000000.0,150681000.0,151856000.0,119.43906076
2025-11-07T01:00:00,151898000.0,152448000.0,151232000.0,151998000.0,78.62670898
2025-11-07T02:00:00,151998000.0,152448000.0,151631000.0,152447000.0,43.07480643
2025-11-07T03:00:00,152447000.0,153000000.0,152390000.0,152460000.0,60.02208018
2025-11-07T04:00:00,152460000.0,152750000.0,152000000.0,152500000.0,61.09254393
2025-11-07T05:00:00,152500000.0,153200000.0,152500000.0,153016000.0,68.55636261
2025-11-07T06:00:00,153099000.0,153102000.0,152447000.0,152447000.0,53.43795996
2025-11-07T07:00:00,152447000.0,152612000.0,152080000.0,152500000.0,52.27429207
2025-11-07T08:00:00,152500000.0,152618000.0,151864000.0,151865000.0,63.20370068
2025-11-07T09:00:00,151949000.0,151957000.0,151000000.0,151171000.0,76.36539987
2025-11-07T10:00:00,151171000.0,151613000.0,150472000.0,150789000.0,98.59395521
2025-11-07T11:00:00,150789000.0,150819000.0,149500000.0,150617000.0,281.10361635
2025-11-07T12:00:00,150664000.0,150666000.0,148831000.0,149329000.0,225.0447422
2025-11-07T13:00:00,149321000.0,150590000.0,149138000.0,150343000.0,134.67025661
2025-11-07T14:00:00,150343000.0,151136000.0,149402000.0,151054000.0,122.09560294
2025-11-07T15:00:00,151054000.0,151700000.0,150361000.0,151128000.0,92.67714523
2025-11-07T16:00:00,151117000.0,152200000.0,150631000.0,151513000.0,81.92525894
2025-11-07T17:00:00,151513000.0,153685000.0,151167000.0,153021000.0,125.8956891
2025-11-07T18:00:00,153100000.0,153665000.0,152644000.0,153122000.0,102.07683542
2025-11-07T19:00:00,153238000.0,154107000.0,153000000.0,154073000.0,71.20806032
2025-11-07T20:00:00,154098000.0,154850000.0,153459000.0,154799000.0,95.77511943
2025-11-07T21:00:00,154608000.0,154799000.0,153877000.0,154540000.0,71.26853272
2025-11-07T22:00:00,154520000.0,154961000.0,154205000.0,154215000.0,73.94193487
2025-11-07T23:00:00,154215000.0,154391000.0,153839000.0,153850000.0,90.26194711
2025-11-08T00:00:00,153850000.0,154400000.0,153010000.0,153281000.0,101.44982189
2025-11-08T01:00:00,153281000.0,153922000.0,153156000.0,153641000.0,52.01349126
2025-11-08T02:00:00,153640000.0,154179000.0,153500000.0,153600000.0,51.14829402
2025-11-08T03:00:00,153599000.0,154070000.0,153158000.0,153189000.0,49.23156356
2025-11-08T04:00:00,153189000.0,153406000.0,152882000.0,153060000.0,55.59625608
2025-11-08T05:00:00,153060000.0,153347000.0,152452000.0,152468000.0,56.54198273
2025-11-08T06:00:00,152454000.0,152685000.0,152042000.0,152231000.0,65.30408886
2025-11-08T07:00:00,152231000.0,152723000.0,151917000.0,152537000.0,46.71529615
2025-11-08T08:00:00,152537000.0,153000000.0,152374000.0,152750000.0,46.07930804
2025-11-08T09:00:00,152740000.0,153200000.0,152428000.0,152704000.0,31.86464549
2025-11-08T10:00:00,152677000.0,153205000.0,152636000.0,153026000.0,23.3346898
2025-11-08T11:00:00,152989000.0,153070000.0,152000000.0,152133000.0,50.50802479
2025-11-08T12:00:00,152115000.0,152377000.0,151985000.0,152351000.0,31.25919863
2025-11-08T13:00:00,152350000.0,152415000.0,152000000.0,152039000.0,41.44108539
2025-11-08T14:00:00,152001000.0,152139000.0,151353000.0,151914000.0,57.93550213
2025-11-08T15:00:00,151912000.0,152087000.0,151390000.0,151723000.0,21.67818545
2025-11-08T16:00:00,151722000.0,152116000.0,151611000.0,151863000.0,12.93584479
2025-11-08T17:00:00,151854000.0,152131000.0,151600000.0,152095000.0,7.6636419
2025-11-08T18:00:00,152095000.0,152372000.0,151856000.0,152350000.0,6.98125821
2025-11-08T19:00:00,152330000.0,152373000.0,151601000.0,152148000.0,11.0444358
2025-11-08T20:00:00,152148000.0,152364000.0,152139000.0,152223000.0,7.49602355
2025-11-08T21:00:00,152223000.0,152600000.0,152200000.0,152600000.0,13.84442948
2025-11-08T22:00:00,152600000.0,152900000.0,152397000.0,152884000.0,20.69299536
2025-11-08T23:00:00,152870000.0,152900000.0,152500000.0,152541000.0,16.28170707
2025-11-09T00:00:00,152542000.0,152680000.0,151820000.0,152000000.0,34.2480148
2025-11-09T01:00:00,152000000.0,152300000.0,151851000.0,152230000.0,35.12420195
2025-11-09T02:00:00,152230000.0,152230000.0,151599000.0,151600000.0,39.35548441
2025-11-09T03:00:00,151600000.0,151889000.0,151279000.0,151488000.0,66.43017222
2025-11-09T04:00:00,151488000.0,152138000.0,151295000.0,151580000.0,32.39371428
2025-11-09T05:00:00,151592000.0,151877000.0,151400000.0,151784000.0,29.05254349
2025-11-09T06:00:00,151784000.0,151900000.0,151580000.0,151603000.0,29.59836528
2025-11-09T07:00:00,151603000.0,151790000.0,151496000.0,151790000.0,18.44503292
2025-11-09T08:00:00,151790000.0,151900000.0,151700000.0,151749000.0,28.47633034
2025-11-09T09:00:00,151755000.0,151998000.0,151356000.0,151378000.0,25.18693981
2025-11-09T10:00:00,151378000.0,151700000.0,151283000.0,151626000.0,26.91371513
2025-11-09T11:00:00,151626000.0,152190000.0,151571000.0,152171000.0,38.29258181
2025-11-09T12:00:00,152174000.0,152384000.0,151920000.0,151920000.0,23.7421493
2025-11-09T13:00:00,151920000.0,153381000.0,151908000.0,153175000.0,83.38742678
2025-11-09T14:00:00,153175000.0,154761000.0,153006000.0,153130000.0,164.32609089
2025-11-09T15:00:00,153131000.0,154763000.0,153032000.0,154358000.0,75.1270216
2025-11-09T16:00:00,154358000.0,154464000.0,153739000.0,154461000.0,23.71252042
2025-11-09T17:00:00,154461000.0,154500000.0,153775000.0,154056000.0,23.4594176
2025-11-09T18:00:00,153953000.0,155189000.0,153951000.0,155189000.0,43.26862368
2025-11-09T19:00:00,155175000.0,155468000.0,154754000.0,155410000.0,44.78986923
2025-11-09T20:00:00,155406000.0,155745000.0,154990000.0,155310000.0,52.41178145
2025-11-09T21:00:00,155285000.0,155502000.0,155026000.0,155275000.0,49.61245316
2025-11-09T22:00:00,155275000.0,155371000.0,154443000.0,155337000.0,78.48833534
2025-11-09T23:00:00,155255000.0,156300000.0,155235000.0,155490000.0,139.12346929
2025-11-10T00:00:00,155490000.0,158272000.0,154922000.0,158009000.0,323.50002892
2025-11-10T01:00:00,158001000.0,158330000.0,157002000.0,157002000.0,172.24003759
2025-11-10T02:00:00,157002000.0,157450000.0,156845000.0,157439000.0,94.00854923
2025-11-10T03:00:00,157444000.0,157875000.0,157227000.0,157411000.0,109.51403642
2025-11-10T04:00:00,157411000.0,157835000.0,157049000.0,157500000.0,71.83854723
2025-11-10T05:00:00,157500000.0,157776000.0,157120000.0,157258000.0,53.50057882
2025-11-10T06:00:00,157259000.0,157449000.0,157122000.0,157420000.0,47.92584695
2025-11-10T07:00:00,157401000.0,157759000.0,157303000.0,157737000.0,41.04823123
2025-11-10T08:00:00,157737000.0,157777000.0,157089000.0,157093000.0,67.47898485
2025-11-10T09:00:00,157093000.0,157726000.0,157000000.0,157659000.0,56.69981576
2025-11-10T10:00:00,157638000.0,157700000.0,157100000.0,157229000.0,55.90032055
2025-11-10T11:00:00,157213000.0,157550000.0,157189000.0,157352000.0,51.39695965
2025-11-10T12:00:00,157333000.0,157352000.0,156850000.0,156903000.0,83.92888516
2025-11-10T13:00:00,156903000.0,157630000.0,156888000.0,157600000.0,70.34234671
2025-11-10T14:00:00,157600000.0,157600000.0,155010000.0,155459000.0,152.54786563
2025-11-10T15:00:00,155510000.0,156548000.0,155165000.0,155731000.0,133.92185159
2025-11-10T16:00:00,155732000.0,156121000.0,155400000.0,155907000.0,43.05222282
2025-11-10T17:00:00,155907000.0,156818000.0,155839000.0,156756000.0,17.72414073
2025-11-10T18:00:00,156756000.0,156999000.0,156260000.0,156301000.0,11.95323077
2025-11-10T19:00:00,156260000.0,156880000.0,156142000.0,156573000.0,14.4037255
2025-11-10T20:00:00,156573000.0,157230000.0,156534000.0,156805000.0,24.99345742
2025-11-10T21:00:00,156805000.0,156849000.0,156049000.0,156471000.0,29.38428313
2025-11-10T22:00:00,156438000.0,156940000.0,156180000.0,156910000.0,39.50820724
2025-11-10T23:00:00,156910000.0,157286000.0,156797000.0,156797000.0,58.58996156
2025-11-11T00:00:00,156802000.0,157219000.0,156500000.0,157180000.0,69.1122414
2025-11-11T01:00:00,157180000.0,159150000.0,157146000.0,157813000.0,204.20859126
2025-11-11T02:00:00,157813000.0,158732000.0,157200000.0,158376000.0,78.44476654
2025-11-11T03:00:00,158375000.0,158870000.0,158000000.0,158127000.0,67.06810027
2025-11-11T04:00:00,158200000.0,158248000.0,157172000.0,157356000.0,64.17789309
2025-11-11T05:00:00,157356000.0,157400000.0,156353000.0,156353000.0,97.50734046
2025-11-11T06:00:00,156377000.0,156574000.0,155770000.0,156573000.0,81.0865473
2025-11-11T07:00:00,156574000.0,156695000.0,155964000.0,155964000.0,54.73599547
2025-11-11T08:00:00,155971000.0,156600000.0,155964000.0,156317000.0,35.42926591
2025-11-11T09:00:00,156351000.0,156700000.0,156111000.0,156118000.0,30.72493421
2025-11-11T10:00:00,156118000.0,156514000.0,156118000.0,156400000.0,24.11608109
2025-11-11T11:00:00,156401000.0,157050000.0,156400000.0,156830000.0,38.1609966
2025-11-11T12:00:00,156830000.0,157201000.0,155631000.0,155810000.0,71.49561784
2025-11-11T13:00:00,155810000.0,156060000.0,155300000.0,155566000.0,67.23496088
2025-11-11T14:00:00,155567000.0,155900000.0,154761000.0,155674000.0,86.06403355
2025-11-11T15:00:00,155759000.0,155759000.0,154000000.0,154406000.0,85.80593494
2025-11-11T16:00:00,154327000.0,154557000.0,154000000.0,154141000.0,35.54198451
2025-11-11T17:00:00,154001000.0,154402000.0,153567000.0,154225000.0,54.29070058
2025-11-11T18:00:00,154225000.0,154500000.0,153900000.0,154279000.0,18.71925228
2025-11-11T19:00:00,154279000.0,154300000.0,153557000.0,154000000.0,22.82017016
2025-11-11T20:00:00,154083000.0,154151000.0,153600000.0,153682000.0,35.12890381
2025-11-11T21:00:00,153682000.0,153920000.0,153267000.0,153570000.0,57.34660955
2025-11-11T22:00:00,153570000.0,154495000.0,153290000.0,154293000.0,65.59880997
2025-11-11T23:00:00,154293000.0,154503000.0,153995000.0,154302000.0,44.2341739
2025-11-12T00:00:00,154302000.0,154755000.0,153971000.0,154004000.0,59.87604362
2025-11-12T01:00:00,154004000.0,154345000.0,153600000.0,154069000.0,50.37740413
2025-11-12T02:00:00,154069000.0,154471000.0,154010000.0,154317000.0,35.11995087
2025-11-12T03:00:00,154315000.0,154745000.0,154313000.0,154547000.0,27.39347976
2025-11-12T04:00:00,154635000.0,154700000.0,154230000.0,154482000.0,22.78090615
2025-11-12T05:00:00,154509000.0,154690000.0,154468000.0,154646000.0,20.47484906
2025-11-12T06:00:00,154646000.0,154951000.0,154643000.0,154700000.0,31.97595147
2025-11-12T07:00:00,154700000.0,154900000.0,154456000.0,154461000.0,26.01436607
2025-11-12T08:00:00,154461000.0,156090000.0,154461000.0,156028000.0,75.07657301
2025-11-12T09:00:00,156028000.0,157200000.0,156028000.0,156437000.0,97.00547611
2025-11-12T10:00:00,156437000.0,157093000.0,156349000.0,156889000.0,35.67301059
2025-11-12T11:00:00,156889000.0,157100000.0,156340000.0,156898000.0,50.54962436
2025-11-12T12:00:00,156880000.0,157200000.0,156628000.0,156789000.0,45.3894935
2025-11-12T13:00:00,156789000.0,156850000.0,156251000.0,156698000.0,48.76096401
2025-11-12T14:00:00,156699000.0,156699000.0,154948000.0,155166000.0,83.88692421
2025-11-12T15:00:00,155300000.0,155600000.0,152886000.0,153159000.0,197.22581122
2025-11-12T16:00:00,153170000.0,153369000.0,152223000.0,152349000.0,123.42361938
2025-11-12T17:00:00,152349000.0,153369000.0,152291000.0,152782000.0,52.00330262
2025-11-12T18:00:00,152782000.0,152913000.0,152555000.0,152716000.0,35.59395449
2025-11-12T19:00:00,152716000.0,152817000.0,152000000.0,152704000.0,76.12653674
2025-11-12T20:00:00,152609000.0,153355000.0,152500000.0,153228000.0,42.77992757
2025-11-12T21:00:00,153228000.0,153650000.0,153087000.0,153607000.0,36.62771094
2025-11-12T22:00:00,153607000.0,153739000.0,153072000.0,153739000.0,48.20358995
2025-11-12T23:00:00,153742000.0,153836000.0,153125000.0,153300000.0,48.35311948
2025-11-13T00:00:00,153300000.0,154081000.0,153220000.0,153859000.0,61.73451651
2025-11-13T01:00:00,153859000.0,154673000.0,153800000.0,153845000.0,61.44203454
2025-11-13T02:00:00,153845000.0,154300000.0,153500000.0,153531000.0,39.89423711
2025-11-13T03:00:00,153554000.0,153950000.0,152000000.0,153400000.0,145.77828998
2025-11-13T04:00:00,153400000.0,153690000.0,152709000.0,153187000.0,68.93209087
2025-11-13T05:00:00,153186000.0,154554000.0,152687000.0,154186000.0,68.14887186
2025-11-13T06:00:00,154204000.0,154775000.0,153887000.0,154725000.0,68.09137534
2025-11-13T07:00:00,154726000.0,155271000.0,154355000.0,154438000.0,71.49058828
2025-11-13T08:00:00,154438000.0,154900000.0,154195000.0,154806000.0,69.79429895
2025-11-13T09:00:00,154763000.0,154882000.0,153251000.0,153500000.0,87.37881755
2025-11-13T10:00:00,153500000.0,154079000.0,153420000.0,153828000.0,62.02893302
2025-11-13T11:00:00,153829000.0,154000000.0,153622000.0,153790000.0,24.06632074
2025-11-13T12:00:00,153790000.0,154112000.0,153617000.0,153928000.0,32.51853862
2025-11-13T13:00:00,153928000.0,153928000.0,152600000.0,152750000.0,100.69745225
2025-11-13T14:00:00,152752000.0,154405000.0,152350000.0,153764000.0,175.82051212
2025-11-13T15:00:00,153764000.0,153810000.0,151795000.0,152000000.0,131.14542388
2025-11-13T16:00:00,152058000.0,152120000.0,151000000.0,151034000.0,113.088941
2025-11-13T17:00:00,151033000.0,151458000.0,150235000.0,150249000.0,137.93430337
2025-11-13T18:00:00,150249000.0,150595000.0,149000000.0,149353000.0,313.78206098
2025-11-13T19:00:00,149353000.0,150632000.0,149070000.0,149961000.0,141.9982585
2025-11-13T20:00:00,149960000.0,150742000.0,149374000.0,149893000.0,247.15952479
2025-11-13T21:00:00,149893000.0,150918000.0,149761000.0,150848000.0,154.25127018
2025-11-13T22:00:00,150848000.0,152100000.0,150787000.0,151789000.0,132.08513357
2025-11-13T23:00:00,151864000.0,152567000.0,151234000.0,151306000.0,105.92620441
2025-11-14T00:00:00,151314000.0,151619000.0,149289000.0,149628000.0,241.87075911
2025-11-14T01:00:00,149628000.0,150596000.0,149300000.0,150028000.0,124.66856107
2025-11-14T02:00:00,150028000.0,150739000.0,150000000.0,150492000.0,71.23481602
2025-11-14T03:00:00,150492000.0,150550000.0,149520000.0,149701000.0,95.99963375
2025-11-14T04:00:00,149701000.0,149920000.0,148000000.0,148398000.0,439.62608451
2025-11-14T05:00:00,148399000.0,148616000.0,147252000.0,147868000.0,349.22460901
2025-11-14T06:00:00,147868000.0,147875000.0,146138000.0,147680000.0,469.85876627
2025-11-14T07:00:00,147696000.0,148261000.0,147000000.0,147382000.0,244.22550086
2025-11-14T08:00:00,147382000.0,147825000.0,147085000.0,147711000.0,99.92079738
2025-11-14T09:00:00,147711000.0,147918000.0,147000000.0,147002000.0,120.7897933
2025-11-14T10:00:00,147002000.0,147308000.0,146430000.0,146443000.0,125.1942137
2025-11-14T11:00:00,146443000.0,146700000.0,145071000.0,145578000.0,442.09827454
2025-11-14T12:00:00,145578000.0,145586000.0,142950000.0,144151000.0,1036.57437902
2025-11-14T13:00:00,144151000.0,144430000.0,143008000.0,144026000.0,498.08315414
2025-11-14T14:00:00,144001000.0,146337000.0,143801000.0,146002000.0,484.685543
2025-11-14T15:00:00,146010000.0,147306000.0,145024000.0,146700000.0,240.30100289
2025-11-14T16:00:00,146700000.0,147508000.0,145998000.0,147010000.0,135.05832135
2025-11-14T17:00:00,147010000.0,147224000.0,145000000.0,145200000.0,89.7608559
2025-11-14T18:00:00,145200000.0,145955000.0,144100000.0,144103000.0,75.70520936
2025-11-14T19:00:00,144110000.0,145500000.0,143898000.0,145047000.0,105.80276798
2025-11-14T20:00:00,145043000.0,145461000.0,143235000.0,143354000.0,135.09278514
2025-11-14T21:00:00,143354000.0,144462000.0,143263000.0,144368000.0,106.58862226
2025-11-14T22:00:00,144368000.0,144940000.0,143870000.0,144457000.0,118.00111251
2025-11-14T23:00:00,144457000.0,144457000.0,143198000.0,143623000.0,244.70814075
2025-11-15T00:00:00,143623000.0,144904000.0,143489000.0,144360000.0,198.64274834
2025-11-15T01:00:00,144374000.0,145263000.0,143763000.0,145262000.0,132.19611883
2025-11-15T02:00:00,145262000.0,145999000.0,144730000.0,145999000.0,130.03660483
2025-11-15T03:00:00,145999000.0,146306000.0,145431000.0,145738000.0,127.13751911
2025-11-15T04:00:00,145774000.0,145896000.0,145105000.0,145499000.0,58.61657427
2025-11-15T05:00:00,145499000.0,145773000.0,145229000.0,145621000.0,47.93407462
2025-11-15T06:00:00,145621000.0,145856000.0,145000000.0,145208000.0,63.81707887
2025-11-15T07:00:00,145263000.0,145513000.0,145000000.0,145379000.0,49.7560809
2025-11-15T08:00:00,145379000.0,145379000.0,144400000.0,144766000.0,109.35766516
2025-11-15T09:00:00,144766000.0,145000000.0,144365000.0,144520000.0,39.83775846
2025-11-15T10:00:00,144505000.0,144819000.0,144200000.0,144799000.0,45.80841203
2025-11-15T11:00:00,144804000.0,144815000.0,144390000.0,144393000.0,34.558738
2025-11-15T12:00:00,144393000.0,144731000.0,144241000.0,144480000.0,67.43427962
2025-11-15T13:00:00,144480000.0,145300000.0,144344000.0,145266000.0,63.39571177
2025-11-15T14:00:00,145251000.0,145500000.0,144899000.0,145152000.0,41.78582136
2025-11-15T15:00:00,145152000.0,145351000.0,145035000.0,145160000.0,36.39095092
2025-11-15T16:00:00,145160000.0,145251000.0,144569000.0,145164000.0,36.09463704
2025-11-15T17:00:00,145016000.0,145210000.0,144655000.0,145102000.0,31.35609168
2025-11-15T18:00:00,145137000.0,145210000.0,144700000.0,144851000.0,15.42312115
2025-11-15T19:00:00,144875000.0,144936000.0,144615000.0,144772000.0,10.99208698
2025-11-15T20:00:00,144661000.0,144797000.0,143791000.0,143979000.0,72.55868481
2025-11-15T21:00:00,143979000.0,144510000.0,143876000.0,144002000.0,35.10602664
2025-11-15T22:00:00,144002000.0,144500000.0,144000000.0,144330000.0,36.34909951
2025-11-15T23:00:00,144330000.0,144380000.0,144202000.0,144265000.0,30.69985935
2025-11-16T00:00:00,144265000.0,144421000.0,143896000.0,144270000.0,86.84093916
2025-11-16T01:00:00,144270000.0,144300000.0,143250000.0,143666000.0,160.1581849
2025-11-16T02:00:00,143666000.0,144300000.0,143378000.0,144300000.0,69.56330339
2025-11-16T03:00:00,144300000.0,144340000.0,143875000.0,144097000.0,50.33466031
2025-11-16T04:00:00,144097000.0,144180000.0,143865000.0,143916000.0,30.92767138
2025-11-16T05:00:00,143916000.0,144343000.0,143901000.0,144071000.0,32.98295822
2025-11-16T06:00:00,144071000.0,144165000.0,143917000.0,143934000.0,50.78620966
2025-11-16T07:00:00,143934000.0,144190000.0,143902000.0,144179000.0,40.42152331
2025-11-16T08:00:00,144179000.0,144324000.0,143929000.0,144080000.0,55.63182117
2025-11-16T09:00:00,144080000.0,144800000.0,143920000.0,144799000.0,43.93786633
2025-11-16T10:00:00,144799000.0,144888000.0,144556000.0,144792000.0,48.56012872
2025-11-16T11:00:00,144792000.0,144792000.0,143530000.0,143718000.0,117.27677015
2025-11-16T12:00:00,143718000.0,144085000.0,143600000.0,143920000.0,73.73722478
2025-11-16T13:00:00,143920000.0,144080000.0,143099000.0,143293000.0,128.53389644
2025-11-16T14:00:00,143283000.0,143600000.0,143000000.0,143428000.0,131.40844606
2025-11-16T15:00:00,143428000.0,143498000.0,142536000.0,142706000.0,144.16217601
2025-11-16T16:00:00,142712000.0,143108000.0,141616000.0,141974000.0,305.11582051
2025-11-16T17:00:00,141974000.0,142469000.0,141501000.0,142235000.0,95.66579292
2025-11-16T18:00:00,142235000.0,143571000.0,141280000.0,141629000.0,116.23083588
2025-11-16T19:00:00,141629000.0,142278000.0,141079000.0,141082000.0,72.48084419
2025-11-16T20:00:00,141082000.0,141988000.0,141080000.0,141153000.0,66.0516876
2025-11-16T21:00:00,141152000.0,141152000.0,139599000.0,139600000.0,554.2783561
2025-11-16T22:00:00,139604000.0,140727000.0,138663000.0,140305000.0,551.17974958
2025-11-16T23:00:00,140305000.0,140750000.0,138965000.0,140320000.0,280.46408609
2025-11-17T00:00:00,140320000.0,142150000.0,139628000.0,142124000.0,300.56995821
2025-11-17T01:00:00,142124000.0,142500000.0,141374000.0,141399000.0,149.54416722
2025-11-17T02:00:00,141398000.0,142212000.0,141267000.0,141459000.0,104.9199584
2025-11-17T03:00:00,141459000.0,142400000.0,141457000.0,142300000.0,95.84196701
2025-11-17T04:00:00,142301000.0,142342000.0,141501000.0,141754000.0,76.67012762
2025-11-17T05:00:00,141776000.0,141810000.0,141465000.0,141700000.0,60.7798392
2025-11-17T06:00:00,141700000.0,141840000.0,141450000.0,141820000.0,67.18616718
2025-11-17T07:00:00,141820000.0,142500000.0,141726000.0,142361000.0,89.92280485
2025-11-17T08:00:00,142365000.0,142900000.0,142140000.0,142383000.0,62.43071345
2025-11-17T09:00:00,142383000.0,142671000.0,141843000.0,142561000.0,60.30651961
2025-11-17T10:00:00,142568000.0,142750000.0,142419000.0,142500000.0,40.72600296
2025-11-17T11:00:00,142500000.0,142926000.0,142122000.0,142437000.0,56.2703409
2025-11-17T12:00:00,142437000.0,142447000.0,141808000.0,141850000.0,77.89776637
2025-11-17T13:00:00,141850000.0,141960000.0,139326000.0,139987000.0,319.10224469
2025-11-17T14:00:00,139987000.0,142820000.0,139883000.0,141418000.0,269.8477689
2025-11-17T15:00:00,141415000.0,141736000.0,140140000.0,140310000.0,118.83269535
2025-11-17T16:00:00,140310000.0,141000000.0,139285000.0,140798000.0,139.44320636
2025-11-17T17:00:00,140842000.0,140930000.0,138853000.0,138996000.0,107.94071794
2025-11-17T18:00:00,138995000.0,139680000.0,138750000.0,138973000.0,86.35393216
2025-11-17T19:00:00,138973000.0,139141000.0,137893000.0,137900000.0,236.18134975
2025-11-17T20:00:00,137900000.0,138546000.0,137560000.0,138231000.0,232.19083883
2025-11-17T21:00:00,138231000.0,138573000.0,137815000.0,138391000.0,159.40255137
2025-11-17T22:00:00,138390000.0,138720000.0,138219000.0,138509000.0,119.97422887
2025-11-17T23:00:00,138510000.0,138530000.0,137127000.0,137706000.0,370.39320589
2025-11-18T00:00:00,137706000.0,138000000.0,136046000.0,137372000.0,472.53159348
2025-11-18T01:00:00,137372000.0,137400000.0,136334000.0,136561000.0,250.0189789
2025-11-18T02:00:00,136560000.0,136561000.0,135000000.0,135001000.0,572.83550857
2025-11-18T03:00:00,135001000.0,135070000.0,133092000.0,134552000.0,988.03159315
2025-11-18T04:00:00,134550000.0,134568000.0,132438000.0,133348000.0,747.60793452
2025-11-18T05:00:00,133349000.0,133901000.0,132882000.0,133600000.0,302.39238467
2025-11-18T06:00:00,133600000.0,133600000.0,132200000.0,132518000.0,313.43508158
2025-11-18T07:00:00,132561000.0,133901000.0,132200000.0,133834000.0,254.13762613
2025-11-18T08:00:00,133834000.0,135709000.0,133833000.0,135273000.0,334.0580033
2025-11-18T09:00:00,135274000.0,135622000.0,134522000.0,135142000.0,177.74661323
2025-11-18T10:00:00,135142000.0,135492000.0,134938000.0,135356000.0,138.4298336
2025-11-18T11:00:00,135356000.0,135503000.0,134900000.0,135394000.0,108.24949793
2025-11-18T12:00:00,135400000.0,135500000.0,134676000.0,135105000.0,121.60925498
2025-11-18T13:00:00,135105000.0,135339000.0,134034000.0,134935000.0,137.21447096
2025-11-18T14:00:00,134933000.0,136315000.0,134638000.0,135213000.0,213.23074465
2025-11-18T15:00:00,135191000.0,137706000.0,134632000.0,137613000.0,263.37600883
2025-11-18T16:00:00,137613000.0,139184000.0,137137000.0,138418000.0,316.32552141
2025-11-18T17:00:00,138419000.0,138889000.0,137500000.0,138201000.0,105.32959921
2025-11-18T18:00:00,138201000.0,139000000.0,138100000.0,138287000.0,68.57122245
2025-11-18T19:00:00,138287000.0,138700000.0,138028000.0,138176000.0,56.60112616
2025-11-18T20:00:00,138193000.0,138442000.0,137108000.0,137346000.0,64.75445217
2025-11-18T21:00:00,137343000.0,137555000.0,136600000.0,136740000.0,88.07898308
2025-11-18T22:00:00,136740000.0,138500000.0,136640000.0,138120000.0,158.4956204
2025-11-18T23:00:00,138121000.0,138121000.0,137388000.0,137750000.0,89.45859054
2025-11-19T00:00:00,137750000.0,137807000.0,136455000.0,137000000.0,135.45484353
2025-11-19T01:00:00,137031000.0,137293000.0,136300000.0,136865000.0,76.20106388
2025-11-19T02:00:00,136871000.0,137686000.0,136817000.0,137400000.0,84.04190344
2025-11-19T03:00:00,137381000.0,137479000.0,136261000.0,136397000.0,88.03047461
2025-11-19T04:00:00,136397000.0,136520000.0,135257000.0,135393000.0,117.61703772
2025-11-19T05:00:00,135392000.0,135500000.0,133949000.0,134469000.0,284.03255806
2025-11-19T06:00:00,134487000.0,135504000.0,134174000.0,135170000.0,122.55226491
2025-11-19T07:00:00,135170000.0,136642000.0,135092000.0,136533000.0,80.51855922
2025-11-19T08:00:00,136533000.0,136551000.0,135542000.0,135800000.0,68.98676314
2025-11-19T09:00:00,135800000.0,136135000.0,135000000.0,136135000.0,63.32927757
2025-11-19T10:00:00,136101000.0,136448000.0,135740000.0,135930000.0,48.21756591
2025-11-19T11:00:00,135939000.0,136658000.0,135920000.0,136013000.0,58.56682657
2025-11-19T12:00:00,136013000.0,136740000.0,135883000.0,136682000.0,59.18198624
2025-11-19T13:00:00,136649000.0,136786000.0,135848000.0,135899000.0,91.51951219
2025-11-19T14:00:00,135899000.0,136715000.0,135438000.0,136523000.0,98.85140364
2025-11-19T15:00:00,136524000.0,137423000.0,134000000.0,134096000.0,214.30711243
2025-11-19T16:00:00,134096000.0,134607000.0,133540000.0,134197000.0,155.55201543
2025-11-19T17:00:00,134200000.0,134550000.0,132905000.0,133800000.0,176.83084629
2025-11-19T18:00:00,133800000.0,134100000.0,132901000.0,133550000.0,86.19027145
2025-11-19T19:00:00,133602000.0,133760000.0,132502000.0,132758000.0,123.82570489
2025-11-19T20:00:00,132758000.0,133887000.0,132449000.0,133705000.0,146.16759511
2025-11-19T21:00:00,133731000.0,135900000.0,133595000.0,135426000.0,231.89761733
2025-11-19T22:00:00,135381000.0,135381000.0,134430000.0,134836000.0,105.63843637
2025-11-19T23:00:00,134836000.0,136500000.0,134753000.0,136500000.0,145.1233663
2025-11-20T00:00:00,136500000.0,137986000.0,135883000.0,136939000.0,249.35669055
2025-11-20T01:00:00,136939000.0,138350000.0,136920000.0,138229000.0,180.52983882
2025-11-20T02:00:00,138229000.0,138490000.0,137668000.0,138219000.0,168.61443345
2025-11-20T03:00:00,138219000.0,138340000.0,137726000.0,137859000.0,125.22900724
2025-11-20T04:00:00,137859000.0,138240000.0,137100000.0,138216000.0,94.95299386
2025-11-20T05:00:00,138216000.0,138621000.0,137758000.0,137982000.0,118.94042335
2025-11-20T06:00:00,137982000.0,138356000.0,136500000.0,136794000.0,114.18459284
2025-11-20T07:00:00,136900000.0,137600000.0,136733000.0,137377000.0,62.58988798
2025-11-20T08:00:00,137458000.0,137614000.0,136871000.0,136899000.0,48.41758289
2025-11-20T09:00:00,136871000.0,137090000.0,136028000.0,136771000.0,79.39724503
2025-11-20T10:00:00,136771000.0,136933000.0,136136000.0,136515000.0,42.24054488
2025-11-20T11:00:00,136528000.0,136897000.0,135949000.0,136799000.0,62.18217693
2025-11-20T12:00:00,136771000.0,136899000.0,136429000.0,136720000.0,54.22606452
2025-11-20T13:00:00,136767000.0,137529000.0,136338000.0,136400000.0,93.72857572
2025-11-20T14:00:00,136430000.0,136460000.0,134808000.0,135541000.0,261.90252743
2025-11-20T15:00:00,135624000.0,135651000.0,134007000.0,134010000.0,144.0270553
2025-11-20T16:00:00,134010000.0,134010000.0,131625000.0,132035000.0,533.94626679
2025-11-20T17:00:00,132067000.0,132509000.0,130120000.0,131047000.0,418.56239659
2025-11-20T18:00:00,131119000.0,132019000.0,130020000.0,130274000.0,255.8630862
2025-11-20T19:00:00,130266000.0,131350000.0,130000000.0,131163000.0,218.33009578
2025-11-20T20:00:00,131162000.0,131400000.0,130150000.0,130232000.0,155.94063292
2025-11-20T21:00:00,130245000.0,131977000.0,130167000.0,131399000.0,158.00201271
2025-11-20T22:00:00,131398000.0,132499000.0,131330000.0,132191000.0,165.38037278
2025-11-20T23:00:00,132191000.0,132217000.0,129800000.0,129896000.0,497.2878017
2025-11-21T00:00:00,129896000.0,131000000.0,129839000.0,130487000.0,264.46664098
2025-11-21T01:00:00,130487000.0,130800000.0,129978000.0,130196000.0,166.28928624
2025-11-21T02:00:00,130196000.0,130196000.0,127408000.0,127408000.0,633.59683385
2025-11-21T03:00:00,127408000.0,128375000.0,127241000.0,127766000.0,441.04132702
2025-11-21T04:00:00,127766000.0,128301000.0,127317000.0,128172000.0,244.59493665
2025-11-21T05:00:00,128172000.0,128800000.0,128000000.0,128504000.0,154.25453118
2025-11-21T06:00:00,128500000.0,128673000.0,127662000.0,127770000.0,133.00693695
2025-11-21T07:00:00,127770000.0,128060000.0,125368000.0,126200000.0,789.4245032
2025-11-21T08:00:00,126200000.0,126882000.0,125015000.0,125076000.0,539.71895742
2025-11-21T09:00:00,125157000.0,125668000.0,123100000.0,123192000.0,773.55843372
2025-11-21T10:00:00,123192000.0,124370000.0,122450000.0,124324000.0,685.13104982
2025-11-21T11:00:00,124339000.0,125000000.0,123400000.0,123578000.0,387.44194864
2025-11-21T12:00:00,123578000.0,125937000.0,121455000.0,125259000.0,1003.62351848
2025-11-21T13:00:00,125259000.0,127466000.0,125202000.0,126800000.0,664.10919297
2025-11-21T14:00:00,126871000.0,128721000.0,125677000.0,127919000.0,491.93349158
2025-11-21T15:00:00,127970000.0,128254000.0,124293000.0,124894000.0,386.98100398
2025-11-21T16:00:00,124870000.0,127482000.0,124036000.0,127431000.0,209.76464171
2025-11-21T17:00:00,127431000.0,128470000.0,127100000.0,127283000.0,205.71730293
2025-11-21T18:00:00,127283000.0,127700000.0,125167000.0,126999000.0,146.68136006
2025-11-21T19:00:00,126994000.0,127807000.0,126510000.0,126725000.0,66.1046915
2025-11-21T20:00:00,126697000.0,127400000.0,125751000.0,127345000.0,86.34407074
2025-11-21T21:00:00,127345000.0,128695000.0,127093000.0,128297000.0,113.46781712
2025-11-21T22:00:00,128288000.0,128609000.0,127144000.0,127238000.0,125.83802025
2025-11-21T23:00:00,127238000.0,128376000.0,126890000.0,128044000.0,136.02165127
2025-11-22T00:00:00,128044000.0,129000000.0,127570000.0,127743000.0,225.34703699
2025-11-22T01:00:00,127743000.0,128512000.0,127501000.0,128498000.0,140.17054173
2025-11-22T02:00:00,128498000.0,128499000.0,127122000.0,127375000.0,104.07431935
2025-11-22T03:00:00,127376000.0,127456000.0,126550000.0,126979000.0,138.62760492
2025-11-22T04:00:00,126979000.0,127031000.0,126063000.0,126622000.0,132.34425428
2025-11-22T05:00:00,126719000.0,126785000.0,126179000.0,126752000.0,55.28785121
2025-11-22T06:00:00,126705000.0,127400000.0,126501000.0,127102000.0,65.50672352
2025-11-22T07:00:00,127102000.0,127190000.0,126803000.0,127005000.0,39.81946324
2025-11-22T08:00:00,127005000.0,127038000.0,126303000.0,126436000.0,59.0718729
2025-11-22T09:00:00,126435000.0,126985000.0,126238000.0,126240000.0,42.74076812
2025-11-22T10:00:00,126240000.0,126612000.0,125609000.0,125790000.0,99.12425002
2025-11-22T11:00:00,125790000.0,126700000.0,125700000.0,126397000.0,58.95108171
2025-11-22T12:00:00,126358000.0,126446000.0,125735000.0,125978000.0,74.8288026
2025-11-22T13:00:00,126056000.0,126400000.0,125762000.0,126188000.0,54.59464465
2025-11-22T14:00:00,126188000.0,127207000.0,126188000.0,127028000.0,109.51905595
2025-11-22T15:00:00,127031000.0,127103000.0,126440000.0,126798000.0,87.59275031
2025-11-22T16:00:00,126660000.0,127400000.0,126646000.0,127256000.0,38.27182428
2025-11-22T17:00:00,127137000.0,127267000.0,126828000.0,127024000.0,16.51933235
2025-11-22T18:00:00,127026000.0,127208000.0,126879000.0,127036000.0,7.38288538
2025-11-22T19:00:00,127043000.0,127269000.0,126904000.0,127070000.0,19.57417081
2025-11-22T20:00:00,127069000.0,127250000.0,126481000.0,126810000.0,13.95381421
2025-11-22T21:00:00,126879000.0,126949000.0,126524000.0,126861000.0,18.82361724
2025-11-22T22:00:00,126861000.0,127913000.0,126690000.0,127753000.0,54.44492985
2025-11-22T23:00:00,127712000.0,127828000.0,127318000.0,127333000.0,83.02554673
2025-11-23T00:00:00,127373000.0,128249000.0,127327000.0,127540000.0,112.18472169
2025-11-23T01:00:00,127540000.0,129812000.0,127534000.0,129494000.0,287.40241234
2025-11-23T02:00:00,129494000.0,130580000.0,129317000.0,130009000.0,367.24647983
2025-11-23T03:00:00,130001000.0,130213000.0,129268000.0,130142000.0,190.02197986
2025-11-23T04:00:00,130142000.0,131036000.0,130101000.0,130875000.0,241.50514855
2025-11-23T05:00:00,130874000.0,130960000.0,129692000.0,130433000.0,145.60970077
2025-11-23T06:00:00,130433000.0,130700000.0,129265000.0,129265000.0,109.25000551
2025-11-23T07:00:00,129268000.0,129408000.0,128663000.0,129342000.0,130.72597254
2025-11-23T08:00:00,129342000.0,130000000.0,129268000.0,129952000.0,79.86296451
2025-11-23T09:00:00,129968000.0,130485000.0,129850000.0,130296000.0,73.39329383
2025-11-23T10:00:00,130296000.0,130300000.0,129929000.0,130016000.0,69.82960238
2025-11-23T11:00:00,130016000.0,130466000.0,129500000.0,130262000.0,86.5110247
2025-11-23T12:00:00,130280000.0,131414000.0,130261000.0,130485000.0,238.37876962
2025-11-23T13:00:00,130485000.0,131490000.0,130471000.0,131469000.0,129.87940383
2025-11-23T14:00:00,131470000.0,132000000.0,130926000.0,131098000.0,224.37350632
2025-11-23T15:00:00,131098000.0,131880000.0,130810000.0,131691000.0,101.29394525
2025-11-23T16:00:00,131737000.0,132000000.0,131110000.0,131194000.0,81.20934975
2025-11-23T17:00:00,131194000.0,131522000.0,130969000.0,131459000.0,39.8876688
2025-11-23T18:00:00,131458000.0,131974000.0,131210000.0,131772000.0,40.2225248
2025-11-23T19:00:00,131772000.0,132500000.0,131652000.0,132241000.0,71.08578308
2025-11-23T20:00:00,132241000.0,132860000.0,132134000.0,132725000.0,103.70228695
2025-11-23T21:00:00,132726000.0,133784000.0,132200000.0,133782000.0,167.00936055
2025-11-23T22:00:00,133782000.0,133852000.0,132970000.0,133611000.0,297.2461589
2025-11-23T23:00:00,133600000.0,133673000.0,131484000.0,131960000.0,307.83960913
2025-11-24T00:00:00,131998000.0,132497000.0,130000000.0,131424000.0,414.10700046
2025-11-24T01:00:00,131424000.0,131928000.0,131000000.0,131747000.0,112.04733511
2025-11-24T02:00:00,131749000.0,133238000.0,131748000.0,132512000.0,233.72888866
2025-11-24T03:00:00,132452000.0,132900000.0,132001000.0,132314000.0,117.67990135
2025-11-24T04:00:00,132314000.0,132500000.0,131100000.0,131517000.0,120.07227883
2025-11-24T05:00:00,131516000.0,132689000.0,131465000.0,131953000.0,109.73728013
2025-11-24T06:00:00,131953000.0,132049000.0,131353000.0,131498000.0,76.43121218
2025-11-24T07:00:00,131475000.0,132136000.0,131227000.0,131681000.0,62.80904369
2025-11-24T08:00:00,131623000.0,131859000.0,131200000.0,131575000.0,60.53988277
2025-11-24T09:00:00,131514000.0,131571000.0,130000000.0,130001000.0,190.61813135
2025-11-24T10:00:00,130000000.0,130353000.0,129345000.0,130134000.0,151.37929008
2025-11-24T11:00:00,130134000.0,130599000.0,129819000.0,130408000.0,66.04337967
2025-11-24T12:00:00,130408000.0,130408000.0,129662000.0,129876000.0,89.49209947
2025-11-24T13:00:00,129875000.0,130728000.0,129802000.0,130200000.0,92.89845098
2025-11-24T14:00:00,130200000.0,130712000.0,129050000.0,130080000.0,175.90951596
2025-11-24T15:00:00,130083000.0,130960000.0,129900000.0,130608000.0,133.57690793
2025-11-24T16:00:00,130674000.0,131990000.0,130673000.0,131379000.0,101.45039801
2025-11-24T17:00:00,131379000.0,132900000.0,130849000.0,132734000.0,139.94260785
2025-11-24T18:00:00,132738000.0,133000000.0,132355000.0,133000000.0,121.08684207
2025-11-24T19:00:00,132999000.0,133170000.0,132171000.0,132380000.0,114.87415202
2025-11-24T20:00:00,132380000.0,133739000.0,132380000.0,133600000.0,140.48870617
2025-11-24T21:00:00,133589000.0,133678000.0,132999000.0,133281000.0,141.93676821
2025-11-24T22:00:00,133249000.0,133761000.0,132950000.0,133023000.0,163.78874616
2025-11-24T23:00:00,133016000.0,133183000.0,132521000.0,132574000.0,142.90966911
2025-11-25T00:00:00,132574000.0,132747000.0,131802000.0,132370000.0,195.80540306
2025-11-25T01:00:00,132367000.0,132500000.0,131820000.0,131843000.0,88.2209482
2025-11-25T02:00:00,131889000.0,132098000.0,131325000.0,131980000.0,91.58710436
2025-11-25T03:00:00,131980000.0,132154000.0,131577000.0,131950000.0,77.1113815
2025-11-25T04:00:00,131970000.0,132750000.0,131908000.0,132654000.0,67.71774077
2025-11-25T05:00:00,132727000.0,132738000.0,132011000.0,132218000.0,60.36109039
2025-11-25T06:00:00,132303000.0,132321000.0,131892000.0,132170000.0,43.18408323
2025-11-25T07:00:00,132168000.0,132250000.0,131140000.0,131164000.0,70.91886507
2025-11-25T08:00:00,131164000.0,131458000.0,130184000.0,130185000.0,151.3503423
2025-11-25T09:00:00,130185000.0,130750000.0,130000000.0,130729000.0,142.19750708
2025-11-25T10:00:00,130729000.0,130900000.0,130185000.0,130847000.0,61.40142205
2025-11-25T11:00:00,130847000.0,131025000.0,130632000.0,130905000.0,60.38571082
2025-11-25T12:00:00,130905000.0,131530000.0,130898000.0,131369000.0,75.91733921
2025-11-25T13:00:00,131367000.0,131818000.0,130492000.0,130759000.0,129.45834197
2025-11-25T14:00:00,130778000.0,131112000.0,129610000.0,130400000.0,191.80687141
2025-11-25T15:00:00,130385000.0,130890000.0,129800000.0,130431000.0,110.67817724
2025-11-25T16:00:00,130431000.0,131000000.0,130125000.0,130650000.0,44.99367406
2025-11-25T17:00:00,130722000.0,131900000.0,130509000.0,131199000.0,55.73790849
2025-11-25T18:00:00,131200000.0,131512000.0,130426000.0,130444000.0,44.1749646
2025-11-25T19:00:00,130572000.0,130675000.0,129365000.0,130317000.0,84.66040641
2025-11-25T20:00:00,130385000.0,131047000.0,130117000.0,130995000.0,28.22079846
2025-11-25T21:00:00,130980000.0,131000000.0,130331000.0,130374000.0,42.03267747
2025-11-25T22:00:00,130374000.0,131050000.0,129813000.0,130990000.0,124.46427436
2025-11-25T23:00:00,130967000.0,131363000.0,130700000.0,130736000.0,84.0145077
2025-11-26T00:00:00,130779000.0,131299000.0,130700000.0,130900000.0,84.27580658
2025-11-26T01:00:00,130900000.0,131599000.0,130576000.0,131332000.0,108.76057796
2025-11-26T02:00:00,131339000.0,131583000.0,131000000.0,131011000.0,57.81250305
2025-11-26T03:00:00,131011000.0,131410000.0,130291000.0,130292000.0,59.0072177
2025-11-26T04:00:00,130292000.0,130747000.0,130119000.0,130441000.0,72.37821743
2025-11-26T05:00:00,130475000.0,131197000.0,130423000.0,130725000.0,70.70866989
2025-11-26T06:00:00,130720000.0,131370000.0,130628000.0,131280000.0,70.9058322
2025-11-26T07:00:00,131281000.0,131550000.0,131059000.0,131532000.0,44.93714846
2025-11-26T08:00:00,131540000.0,131550000.0,130919000.0,131020000.0,45.41678469
2025-11-26T09:00:00,131020000.0,131139000.0,130265000.0,130288000.0,60.43275849
2025-11-26T10:00:00,130290000.0,130781000.0,130287000.0,130542000.0,64.96061394
2025-11-26T11:00:00,130542000.0,130646000.0,130358000.0,130646000.0,46.59413636
2025-11-26T12:00:00,130645000.0,130736000.0,129600000.0,129999000.0,165.55383144
2025-11-26T13:00:00,130000000.0,130487000.0,129794000.0,130486000.0,98.33748198
2025-11-26T14:00:00,130486000.0,131163000.0,130100000.0,130200000.0,92.87185327
2025-11-26T15:00:00,130197000.0,130820000.0,129954000.0,130304000.0,52.18851308
2025-11-26T16:00:00,130304000.0,131397000.0,130241000.0,131179000.0,48.28476592
2025-11-26T17:00:00,131226000.0,134000000.0,131000000.0,133872000.0,216.31694851
2025-11-26T18:00:00,133942000.0,134676000.0,133647000.0,134353000.0,156.83894106
2025-11-26T19:00:00,134260000.0,134415000.0,133584000.0,133870000.0,66.43085476
2025-11-26T20:00:00,133931000.0,134000000.0,133230000.0,133908000.0,85.64763906
2025-11-26T21:00:00,133843000.0,134611000.0,133739000.0,134399000.0,92.03765325
2025-11-26T22:00:00,134392000.0,134870000.0,134134000.0,134777000.0,136.33796749
2025-11-26T23:00:00,134777000.0,135485000.0,134706000.0,135366000.0,219.68714387
2025-11-27T00:00:00,135366000.0,135500000.0,134608000.0,135250000.0,171.16276715
2025-11-27T01:00:00,135235000.0,136214000.0,135106000.0,136210000.0,158.33807152
2025-11-27T02:00:00,136212000.0,138400000.0,136077000.0,137088000.0,550.05218758
2025-11-27T03:00:00,137087000.0,137639000.0,136349000.0,136349000.0,219.3807284
2025-11-27T04:00:00,136348000.0,137300000.0,136305000.0,136801000.0,138.24070845
2025-11-27T05:00:00,136828000.0,136988000.0,135874000.0,136077000.0,109.18750717
2025-11-27T06:00:00,136076000.0,136656000.0,135892000.0,136301000.0,66.49152886
2025-11-27T07:00:00,136301000.0,136732000.0,136187000.0,136641000.0,51.21206191
2025-11-27T08:00:00,136693000.0,136942000.0,136312000.0,136926000.0,59.52790396
2025-11-27T09:00:00,136926000.0,137900000.0,136920000.0,137270000.0,182.30411057
2025-11-27T10:00:00,137260000.0,137533000.0,137000000.0,137499000.0,58.41463198
2025-11-27T11:00:00,137498000.0,137498000.0,137002000.0,137296000.0,66.82338055
2025-11-27T12:00:00,137296000.0,137425000.0,136100000.0,136258000.0,109.51938044
2025-11-27T13:00:00,136258000.0,136641000.0,135223000.0,136226000.0,161.29873866
2025-11-27T14:00:00,136200000.0,136502000.0,135963000.0,136120000.0,48.16649833
2025-11-27T15:00:00,136120000.0,136503000.0,136048000.0,136337000.0,40.33617222
2025-11-27T16:00:00,136339000.0,137378000.0,136233000.0,137222000.0,56.27036931
2025-11-27T17:00:00,137222000.0,137380000.0,136929000.0,137101000.0,21.25134
2025-11-27T18:00:00,137198000.0,137514000.0,136795000.0,137432000.0,25.85514046
2025-11-27T19:00:00,137432000.0,137510000.0,137078000.0,137346000.0,15.86836467
2025-11-27T20:00:00,137346000.0,137347000.0,137070000.0,137092000.0,24.35903418
2025-11-27T21:00:00,137092000.0,137258000.0,136848000.0,137100000.0,34.05132581
2025-11-27T22:00:00,137100000.0,137271000.0,136680000.0,136835000.0,47.86111031
2025-11-27T23:00:00,136834000.0,137080000.0,136804000.0,136941000.0,44.73540027
2025-11-28T00:00:00,136989000.0,137188000.0,136446000.0,136702000.0,66.84538308
2025-11-28T01:00:00,136702000.0,136702000.0,136051000.0,136199000.0,80.47406397
2025-11-28T02:00:00,136184000.0,136554000.0,135691000.0,136474000.0,96.51312299
2025-11-28T03:00:00,136474000.0,137074000.0,136296000.0,136701000.0,65.82004735
2025-11-28T04:00:00,136754000.0,136900000.0,136480000.0,136720000.0,38.43888827
2025-11-28T05:00:00,136720000.0,137375000.0,136546000.0,137191000.0,54.90030042
2025-11-28T06:00:00,137191000.0,137375000.0,136500000.0,136750000.0,38.12303082
2025-11-28T07:00:00,136770000.0,137334000.0,136611000.0,136686000.0,48.36944007
2025-11-28T08:00:00,136686000.0,137319000.0,136670000.0,137319000.0,46.25452784
2025-11-28T09:00:00,137319000.0,137585000.0,137107000.0,137578000.0,66.16902015
2025-11-28T10:00:00,137578000.0,138194000.0,137361000.0,138193000.0,74.99816165
2025-11-28T11:00:00,138193000.0,138301000.0,137011000.0,137838000.0,98.82593994
2025-11-28T12:00:00,137838000.0,138000000.0,137600000.0,137778000.0,47.01874518
2025-11-28T13:00:00,137795000.0,139111000.0,137730000.0,139111000.0,128.27349439
2025-11-28T14:00:00,139108000.0,139868000.0,138368000.0,138782000.0,304.82703086
2025-11-28T15:00:00,138782000.0,139217000.0,138349000.0,138415000.0,156.58156774
2025-11-28T16:00:00,138402000.0,138434000.0,136564000.0,136621000.0,177.64924085
2025-11-28T17:00:00,136645000.0,137055000.0,135759000.0,136150000.0,153.39938603
2025-11-28T18:00:00,136150000.0,136838000.0,136046000.0,136629000.0,35.8053795
2025-11-28T19:00:00,136629000.0,137096000.0,136476000.0,136956000.0,25.11559432
2025-11-28T20:00:00,136956000.0,137082000.0,136600000.0,137082000.0,21.61394175
2025-11-28T21:00:00,137082000.0,137087000.0,136588000.0,136590000.0,28.77567471
2025-11-28T22:00:00,136598000.0,136897000.0,136400000.0,136645000.0,32.72410922
2025-11-28T23:00:00,136648000.0,136849000.0,136334000.0,136334000.0,41.34254175
2025-11-29T00:00:00,136334000.0,136622000.0,136191000.0,136391000.0,60.05213681
2025-11-29T01:00:00,136391000.0,136770000.0,136300000.0,136334000.0,36.85099519
2025-11-29T02:00:00,136565000.0,136565000.0,136000000.0,136250000.0,54.73481822
2025-11-29T03:00:00,136250000.0,136410000.0,136020000.0,136021000.0,22.81123361
2025-11-29T04:00:00,136021000.0,136129000.0,135616000.0,136125000.0,79.09119
2025-11-29T05:00:00,136125000.0,136400000.0,136098000.0,136130000.0,29.91026628
2025-11-29T06:00:00,136148000.0,136148000.0,135520000.0,135851000.0,48.40508104
2025-11-29T07:00:00,135851000.0,135852000.0,135300000.0,135690000.0,64.62535159
2025-11-29T08:00:00,135690000.0,135951000.0,135660000.0,135760000.0,22.57699293
2025-11-29T09:00:00,135760000.0,135829000.0,135528000.0,135829000.0,23.53631317
2025-11-29T10:00:00,135829000.0,135848000.0,135501000.0,135701000.0,20.85125247
2025-11-29T11:00:00,135701000.0,135850000.0,135600000.0,135738000.0,28.51729708
2025-11-29T12:00:00,135738000.0,135979000.0,135735000.0,135878000.0,32.96967302
2025-11-29T13:00:00,135883000.0,136200000.0,135834000.0,136170000.0,42.0150102
2025-11-29T14:00:00,136166000.0,136179000.0,135888000.0,135894000.0,23.08193957
2025-11-29T15:00:00,135894000.0,136499000.0,135892000.0,136254000.0,27.97894367
2025-11-29T16:00:00,136320000.0,136615000.0,136000000.0,136322000.0,28.15238522
2025-11-29T17:00:00,136360000.0,136481000.0,135461000.0,135462000.0,35.87993657
2025-11-29T18:00:00,135544000.0,135965000.0,135300000.0,135956000.0,23.64498836
2025-11-29T19:00:00,135957000.0,136242000.0,135875000.0,135904000.0,10.10151228
2025-11-29T20:00:00,136012000.0,136300000.0,135570000.0,136287000.0,15.20537464
2025-11-29T21:00:00,136299000.0,136393000.0,136000000.0,136317000.0,11.08476679
2025-11-29T22:00:00,136317000.0,136317000.0,135978000.0,135998000.0,15.91020189
2025-11-29T23:00:00,135998000.0,136073000.0,135940000.0,136073000.0,11.17991388
2025-11-30T00:00:00,136000000.0,136277000.0,135930000.0,136252000.0,26.38207055
2025-11-30T01:00:00,136252000.0,136390000.0,136180000.0,136238000.0,30.65864296
2025-11-30T02:00:00,136238000.0,136367000.0,135914000.0,135917000.0,21.98526666
2025-11-30T03:00:00,135917000.0,136271000.0,135600000.0,136196000.0,36.02444184
2025-11-30T04:00:00,136196000.0,136284000.0,135997000.0,136056000.0,22.41344608
2025-11-30T05:00:00,136055000.0,136056000.0,135832000.0,135920000.0,14.51591006
2025-11-30T06:00:00,135961000.0,136153000.0,135900000.0,136145000.0,17.87372236
2025-11-30T07:00:00,136145000.0,136192000.0,136112000.0,136130000.0,16.39515856
2025-11-30T08:00:00,136127000.0,136760000.0,136111000.0,136667000.0,59.314901
2025-11-30T09:00:00,136667000.0,137258000.0,136520000.0,137000000.0,55.27423844
2025-11-30T10:00:00,137001000.0,137085000.0,136566000.0,136777000.0,40.20877921
2025-11-30T11:00:00,136777000.0,137069000.0,136555000.0,136579000.0,33.39076633
2025-11-30T12:00:00,136585000.0,137101000.0,136573000.0,137091000.0,37.89800149
2025-11-30T13:00:00,137091000.0,137631000.0,137000000.0,137249000.0,82.98939863
2025-11-30T14:00:00,137249000.0,137330000.0,136720000.0,136991000.0,35.27446035
2025-11-30T15:00:00,136991000.0,137199000.0,136800000.0,136860000.0,16.60495154
2025-11-30T16:00:00,136860000.0,137417000.0,136856000.0,137398000.0,18.74653306
2025-11-30T17:00:00,137309000.0,137405000.0,136654000.0,136849000.0,24.9049851
2025-11-30T18:00:00,136832000.0,136849000.0,136500000.0,136729000.0,17.00596458
2025-11-30T19:00:00,136824000.0,136897000.0,136660000.0,136850000.0,6.8920272
2025-11-30T20:00:00,136850000.0,137000000.0,136500000.0,136778000.0,13.11395438
2025-11-30T21:00:00,136778000.0,136869000.0,136234000.0,136417000.0,30.46899239
2025-11-30T22:00:00,136417000.0,136743000.0,136403000.0,136505000.0,25.28220335
2025-11-30T23:00:00,136500000.0,136519000.0,135700000.0,135744000.0,93.12615406
2025-12-01T00:00:00,135752000.0,135839000.0,130040000.0,130208000.0,1098.96680229
2025-12-01T01:00:00,130208000.0,131741000.0,130041000.0,130888000.0,385.96748192
2025-12-01T02:00:00,130888000.0,131150000.0,129555000.0,129825000.0,403.90641454
2025-12-01T03:00:00,129824000.0,129871000.0,129062000.0,129486000.0,298.48538941
2025-12-01T04:00:00,129486000.0,129486000.0,128156000.0,128268000.0,408.67681953
2025-12-01T05:00:00,128268000.0,129091000.0,128140000.0,129059000.0,232.94817286
2025-12-01T06:00:00,129059000.0,129616000.0,129000000.0,129450000.0,153.1071951
2025-12-01T07:00:00,129450000.0,130000000.0,129050000.0,129999000.0,107.02780211
2025-12-01T08:00:00,130000000.0,130530000.0,129653000.0,130401000.0,105.92947329
2025-12-01T09:00:00,130472000.0,130483000.0,129644000.0,129850000.0,102.28725775
2025-12-01T10:00:00,129849000.0,129973000.0,129367000.0,129628000.0,64.25636806
2025-12-01T11:00:00,129628000.0,129628000.0,128926000.0,128939000.0,100.60697023
2025-12-01T12:00:00,128939000.0,128999000.0,126600000.0,127599000.0,470.42671892
2025-12-01T13:00:00,127615000.0,128900000.0,127492000.0,128669000.0,205.36713701
2025-12-01T14:00:00,128669000.0,129742000.0,128520000.0,128936000.0,155.71966835
2025-12-01T15:00:00,128958000.0,129081000.0,125809000.0,126792000.0,379.58714267
2025-12-01T16:00:00,126805000.0,127764000.0,125825000.0,126617000.0,161.5134265
2025-12-01T17:00:00,126617000.0,127543000.0,126509000.0,127189000.0,68.92879289
2025-12-01T18:00:00,127259000.0,128000000.0,126854000.0,127648000.0,54.51154983
2025-12-01T19:00:00,127623000.0,127700000.0,126710000.0,127295000.0,40.8683378
2025-12-01T20:00:00,127299000.0,128401000.0,127299000.0,128074000.0,64.26035215
2025-12-01T21:00:00,128074000.0,129490000.0,128053000.0,129349000.0,108.33421235
2025-12-01T22:00:00,129398000.0,129945000.0,129218000.0,129688000.0,125.89589073
2025-12-01T23:00:00,129688000.0,129998000.0,129060000.0,129172000.0,86.04303177
2025-12-02T00:00:00,129169000.0,129950000.0,128985000.0,129750000.0,147.82090249
2025-12-02T01:00:00,129750000.0,130889000.0,129350000.0,129472000.0,190.74517208
2025-12-02T02:00:00,129472000.0,129949000.0,129000000.0,129392000.0,66.7752712
2025-12-02T03:00:00,129390000.0,130142000.0,128650000.0,129826000.0,120.71881033
2025-12-02T04:00:00,129858000.0,130375000.0,129777000.0,129978000.0,82.67133218
2025-12-02T05:00:00,129978000.0,130136000.0,129758000.0,130000000.0,47.02281497
2025-12-02T06:00:00,130000000.0,130260000.0,129864000.0,130185000.0,34.60810739
2025-12-02T07:00:00,130111000.0,130184000.0,129828000.0,130033000.0,29.21253248
2025-12-02T08:00:00,130069000.0,130079000.0,129106000.0,129230000.0,67.37526887
2025-12-02T09:00:00,129275000.0,130000000.0,129229000.0,129741000.0,31.73579465
2025-12-02T10:00:00,129740000.0,130780000.0,129621000.0,130490000.0,74.33688937
2025-12-02T11:00:00,130490000.0,131098000.0,130150000.0,130738000.0,115.69436009
2025-12-02T12:00:00,130746000.0,131000000.0,130259000.0,130284000.0,75.32568015
2025-12-02T13:00:00,130284000.0,131195000.0,130123000.0,131083000.0,93.52895711
2025-12-02T14:00:00,130980000.0,133585000.0,130858000.0,133506000.0,377.63777208
2025-12-02T15:00:00,133500000.0,135958000.0,133500000.0,135510000.0,484.90173421
2025-12-02T16:00:00,135510000.0,135996000.0,134376000.0,135047000.0,188.31669991
2025-12-02T17:00:00,135084000.0,136900000.0,135037000.0,136282000.0,159.85706472
2025-12-02T18:00:00,136282000.0,137330000.0,136161000.0,137000000.0,139.76660044
2025-12-02T19:00:00,137000000.0,137320000.0,136686000.0,136806000.0,69.22546862
2025-12-02T20:00:00,136806000.0,136831000.0,135000000.0,135358000.0,111.08695461
2025-12-02T21:00:00,135429000.0,136240000.0,135252000.0,136197000.0,72.42555266
2025-12-02T22:00:00,136197000.0,136900000.0,136056000.0,136870000.0,87.76351812
2025-12-02T23:00:00,136870000.0,136898000.0,135584000.0,135626000.0,112.54036116
2025-12-03T00:00:00,135683000.0,136383000.0,135200000.0,136346000.0,179.49032296
2025-12-03T01:00:00,136346000.0,137820000.0,135930000.0,137530000.0,178.58533762
2025-12-03T02:00:00,137530000.0,138811000.0,137400000.0,138569000.0,298.12618088
2025-12-03T03:00:00,138505000.0,138800000.0,137877000.0,138062000.0,108.46338095
2025-12-03T04:00:00,138061000.0,139000000.0,138028000.0,138999000.0,138.93485706
2025-12-03T05:00:00,138980000.0,139432000.0,138900000.0,139343000.0,178.14629559
2025-12-03T06:00:00,139335000.0,140212000.0,138790000.0,139211000.0,283.65732044
2025-12-03T07:00:00,139211000.0,139275000.0,138065000.0,138394000.0,147.41067168
2025-12-03T08:00:00,138394000.0,138700000.0,137785000.0,137885000.0,125.34371596
2025-12-03T09:00:00,137885000.0,138793000.0,137703000.0,138788000.0,65.63601479
2025-12-03T10:00:00,138788000.0,139049000.0,138195000.0,138337000.0,83.53630898
2025-12-03T11:00:00,138337000.0,138545000.0,138000000.0,138498000.0,52.66418291
2025-12-03T12:00:00,138498000.0,138511000.0,137925000.0,138273000.0,51.88903548
2025-12-03T13:00:00,138273000.0,138876000.0,138272000.0,138722000.0,62.6942981
2025-12-03T14:00:00,138722000.0,139115000.0,136400000.0,137461000.0,395.32539666
2025-12-03T15:00:00,137457000.0,138336000.0,136773000.0,137232000.0,93.15920349
2025-12-03T16:00:00,137342000.0,137758000.0,136511000.0,137030000.0,55.9300719
2025-12-03T17:00:00,137030000.0,138192000.0,137015000.0,138017000.0,33.0667785
2025-12-03T18:00:00,138018000.0,138739000.0,137337000.0,137616000.0,27.35629762
2025-12-03T19:00:00,137673000.0,138300000.0,137500000.0,138175000.0,14.46050547
2025-12-03T20:00:00,138175000.0,138785000.0,137968000.0,138219000.0,26.66919286
2025-12-03T21:00:00,138219000.0,139252000.0,138037000.0,139250000.0,54.79407567
2025-12-03T22:00:00,139250000.0,139666000.0,138791000.0,139451000.0,117.17751524
2025-12-03T23:00:00,139451000.0,139793000.0,138881000.0,138881000.0,119.8995757
2025-12-04T00:00:00,138998000.0,139039000.0,137715000.0,138495000.0,172.96279679
2025-12-04T01:00:00,138496000.0,139254000.0,138408000.0,138631000.0,99.33448523
2025-12-04T02:00:00,138631000.0,139746000.0,138508000.0,139700000.0,111.7592932
2025-12-04T03:00:00,139700000.0,139769000.0,139051000.0,139254000.0,57.73682794
2025-12-04T04:00:00,139254000.0,139388000.0,138778000.0,138888000.0,57.43856894
2025-12-04T05:00:00,138885000.0,138888000.0,138000000.0,138326000.0,84.49674029
2025-12-04T06:00:00,138326000.0,139099000.0,138151000.0,138570000.0,77.04181441
2025-12-04T07:00:00,138570000.0,138992000.0,138151000.0,138937000.0,42.47338019
2025-12-04T08:00:00,138937000.0,139215000.0,138480000.0,138669000.0,51.62175071
2025-12-04T09:00:00,138669000.0,139165000.0,138648000.0,139029000.0,36.66637252
2025-12-04T10:00:00,138967000.0,139159000.0,138637000.0,138638000.0,27.37307333
2025-12-04T11:00:00,138639000.0,138823000.0,138048000.0,138364000.0,58.73086893
2025-12-04T12:00:00,138364000.0,138729000.0,138109000.0,138418000.0,38.81947666
2025-12-04T13:00:00,138417000.0,138491000.0,137715000.0,137800000.0,107.40530498
2025-12-04T14:00:00,137800000.0,138111000.0,136580000.0,136600000.0,122.21813188
2025-12-04T15:00:00,136600000.0,138549000.0,136590000.0,138373000.0,103.52725825
2025-12-04T16:00:00,138373000.0,138545000.0,137296000.0,137669000.0,56.34944478
2025-12-04T17:00:00,137664000.0,137748000.0,136800000.0,137714000.0,37.14100142
2025-12-04T18:00:00,137649000.0,137800000.0,137083000.0,137313000.0,18.89042738
2025-12-04T19:00:00,137363000.0,137554000.0,135909000.0,137456000.0,113.65534595
2025-12-04T20:00:00,137369000.0,137999000.0,136973000.0,137999000.0,38.99539654
2025-12-04T21:00:00,137998000.0,138222000.0,137512000.0,137683000.0,32.05415368
2025-12-04T22:00:00,137683000.0,138000000.0,137570000.0,137932000.0,32.79129586
2025-12-04T23:00:00,137911000.0,137931000.0,137390000.0,137390000.0,45.20976089
2025-12-05T00:00:00,137447000.0,138077000.0,137390000.0,137851000.0,58.46923553
2025-12-05T01:00:00,137852000.0,138237000.0,137798000.0,137908000.0,39.47280178
2025-12-05T02:00:00,137908000.0,138298000.0,137800000.0,138001000.0,44.95538295
2025-12-05T03:00:00,138001000.0,138223000.0,137230000.0,137439000.0,48.4134376
2025-12-05T04:00:00,137413000.0,137748000.0,136620000.0,137108000.0,85.38054868
2025-12-05T05:00:00,137108000.0,137360000.0,136864000.0,136864000.0,39.63610909
2025-12-05T06:00:00,136864000.0,137442000.0,136817000.0,137440000.0,30.85408975
2025-12-05T07:00:00,137440000.0,137866000.0,137400000.0,137404000.0,42.71980703
2025-12-05T08:00:00,137404000.0,137501000.0,137100000.0,137400000.0,24.44450906
2025-12-05T09:00:00,137392000.0,137400000.0,135640000.0,135909000.0,164.56817454
2025-12-05T10:00:00,135909000.0,136558000.0,135821000.0,136199000.0,61.66708123
2025-12-05T11:00:00,136199000.0,136596000.0,135854000.0,136373000.0,48.39952243
2025-12-05T12:00:00,136373000.0,136400000.0,135847000.0,135970000.0,60.30352064
2025-12-05T13:00:00,135970000.0,136073000.0,134547000.0,134965000.0,213.3402735
2025-12-05T14:00:00,134965000.0,135280000.0,134300000.0,134705000.0,159.91098173
2025-12-05T15:00:00,134712000.0,136600000.0,134712000.0,135272000.0,179.0164807
2025-12-05T16:00:00,135272000.0,135274000.0,132000000.0,133119000.0,309.49446229
2025-12-05T17:00:00,133119000.0,133877000.0,132655000.0,133648000.0,65.70393638
2025-12-05T18:00:00,133716000.0,134249000.0,133182000.0,133266000.0,43.70301828
2025-12-05T19:00:00,133266000.0,134431000.0,133000000.0,134197000.0,28.20872529
2025-12-05T20:00:00,134197000.0,134418000.0,133700000.0,133786000.0,25.53308008
2025-12-05T21:00:00,133786000.0,134200000.0,133200000.0,133450000.0,75.61371752
2025-12-05T22:00:00,133428000.0,133867000.0,133003000.0,133728000.0,49.93843627
2025-12-05T23:00:00,133728000.0,133987000.0,133220000.0,133828000.0,44.9050959
2025-12-06T00:00:00,133870000.0,134099000.0,133250000.0,134087000.0,60.59681657
2025-12-06T01:00:00,134059000.0,134094000.0,133611000.0,133914000.0,53.31127013
2025-12-06T02:00:00,133914000.0,133914000.0,133613000.0,133820000.0,26.11814598
2025-12-06T03:00:00,133820000.0,134500000.0,133717000.0,134470000.0,59.3290952
2025-12-06T04:00:00,134470000.0,134474000.0,134148000.0,134423000.0,18.81860925
2025-12-06T05:00:00,134423000.0,134572000.0,134254000.0,134363000.0,20.44275402
2025-12-06T06:00:00,134363000.0,134557000.0,134254000.0,134438000.0,25.87083989
2025-12-06T07:00:00,134438000.0,134438000.0,134064000.0,134090000.0,19.74465422
2025-12-06T08:00:00,134143000.0,134145000.0,133567000.0,133585000.0,44.36039564
2025-12-06T09:00:00,133585000.0,134232000.0,133579000.0,134144000.0,19.823342
2025-12-06T10:00:00,134144000.0,134200000.0,133821000.0,133974000.0,15.54812578
2025-12-06T11:00:00,133974000.0,134321000.0,133913000.0,134231000.0,21.02684735
2025-12-06T12:00:00,134231000.0,134231000.0,133990000.0,134070000.0,12.79075311
2025-12-06T13:00:00,134071000.0,134400000.0,134027000.0,134229000.0,20.67684706
2025-12-06T14:00:00,134261000.0,134940000.0,134214000.0,134700000.0,82.20830038
2025-12-06T15:00:00,134700000.0,134700000.0,134017000.0,134240000.0,25.99916247
2025-12-06T16:00:00,134248000.0,134620000.0,134208000.0,134235000.0,18.06974577
2025-12-06T17:00:00,134305000.0,134427000.0,134064000.0,134212000.0,9.25231955
2025-12-06T18:00:00,134288000.0,134394000.0,134050000.0,134180000.0,7.12349729
2025-12-06T19:00:00,134180000.0,134346000.0,133700000.0,133919000.0,20.92087403
2025-12-06T20:00:00,133919000.0,134163000.0,133790000.0,134096000.0,7.90870943
2025-12-06T21:00:00,134100000.0,134158000.0,133815000.0,133950000.0,17.86204158
2025-12-06T22:00:00,133953000.0,133977000.0,133720000.0,133793000.0,13.36100426
2025-12-06T23:00:00,133793000.0,133854000.0,133200000.0,133598000.0,54.24055137
2025-12-07T00:00:00,133601000.0,133977000.0,133497000.0,133772000.0,29.87476512
2025-12-07T01:00:00,133865000.0,133986000.0,133700000.0,133700000.0,19.60207694
2025-12-07T02:00:00,133712000.0,134163000.0,133700000.0,134099000.0,17.6389605
2025-12-07T03:00:00,134106000.0,134407000.0,133832000.0,134287000.0,30.53810242
2025-12-07T04:00:00,134286000.0,134459000.0,133916000.0,134040000.0,18.03847995
2025-12-07T05:00:00,134039000.0,134058000.0,133841000.0,134042000.0,22.61913028
2025-12-07T06:00:00,134041000.0,134315000.0,133998000.0,134201000.0,14.22652316
2025-12-07T07:00:00,134201000.0,134240000.0,133670000.0,133822000.0,30.29809998
2025-12-07T08:00:00,133821000.0,134056000.0,133594000.0,133725000.0,22.86224684
2025-12-07T09:00:00,133760000.0,133873000.0,133299000.0,133402000.0,32.77952721
2025-12-07T10:00:00,133402000.0,133697000.0,133395000.0,133520000.0,25.96377441
2025-12-07T11:00:00,133520000.0,133597000.0,133425000.0,133467000.0,15.51351242
2025-12-07T12:00:00,133467000.0,133973000.0,133430000.0,133796000.0,31.6709713
2025-12-07T13:00:00,133800000.0,133943000.0,132808000.0,133212000.0,105.18248596
2025-12-07T14:00:00,133212000.0,133230000.0,131333000.0,132130000.0,243.43777043
2025-12-07T15:00:00,132119000.0,134211000.0,132004000.0,134030000.0,77.70688465
2025-12-07T16:00:00,134036000.0,134420000.0,133328000.0,134420000.0,28.75648525
2025-12-07T17:00:00,134420000.0,136411000.0,134069000.0,135798000.0,118.0082641
2025-12-07T18:00:00,135794000.0,136800000.0,135730000.0,136144000.0,61.65715456
2025-12-07T19:00:00,136144000.0,136418000.0,135985000.0,136172000.0,28.61709773
2025-12-07T20:00:00,136210000.0,136455000.0,136112000.0,136341000.0,34.45168236
2025-12-07T21:00:00,136339000.0,136341000.0,134100000.0,134814000.0,84.22640475
2025-12-07T22:00:00,134813000.0,135085000.0,133259000.0,134264000.0,104.93184207
2025-12-07T23:00:00,134222000.0,135392000.0,134051000.0,135195000.0,56.79241353
2025-12-08T00:00:00,135195000.0,135456000.0,134336000.0,135100000.0,63.41495248
2025-12-08T01:00:00,135163000.0,136789000.0,135007000.0,135632000.0,106.32291345
2025-12-08T02:00:00,135633000.0,136381000.0,135555000.0,136381000.0,57.10165019
2025-12-08T03:00:00,136381000.0,136468000.0,135670000.0,135789000.0,40.89948168
2025-12-08T04:00:00,135789000.0,136200000.0,135715000.0,136020000.0,44.98584589
2025-12-08T05:00:00,135973000.0,136206000.0,135722000.0,136008000.0,44.0069389
2025-12-08T06:00:00,136008000.0,136400000.0,135896000.0,136187000.0,39.18284075
2025-12-08T07:00:00,136158000.0,136700000.0,136061000.0,136259000.0,49.57254248
2025-12-08T08:00:00,136260000.0,136718000.0,136200000.0,136718000.0,33.45213863
2025-12-08T09:00:00,136718000.0,137296000.0,136621000.0,136800000.0,86.96925241
2025-12-08T10:00:00,136801000.0,137200000.0,136701000.0,137104000.0,42.1590965
2025-12-08T11:00:00,137143000.0,137175000.0,136618000.0,136741000.0,51.71167008
2025-12-08T12:00:00,136677000.0,136799000.0,136287000.0,136406000.0,50.43394848
2025-12-08T13:00:00,136404000.0,137030000.0,136000000.0,136103000.0,68.82302876
2025-12-08T14:00:00,136103000.0,136550000.0,135253000.0,135385000.0,105.62069754
2025-12-08T15:00:00,135385000.0,135547000.0,133810000.0,134218000.0,214.13952338
2025-12-08T16:00:00,134225000.0,134802000.0,133801000.0,134123000.0,47.53796645
2025-12-08T17:00:00,134175000.0,134665000.0,133800000.0,134474000.0,31.53103272
2025-12-08T18:00:00,134540000.0,134757000.0,133758000.0,134077000.0,24.21911685
2025-12-08T19:00:00,134077000.0,134690000.0,133963000.0,134293000.0,17.53806506
2025-12-08T20:00:00,134420000.0,135473000.0,134303000.0,135259000.0,28.55665948
2025-12-08T21:00:00,135348000.0,136000000.0,135195000.0,135998000.0,46.0737246
2025-12-08T22:00:00,135998000.0,136009000.0,135200000.0,135400000.0,42.73003516
2025-12-08T23:00:00,135365000.0,135500000.0,134800000.0,134986000.0,47.02418448
2025-12-09T00:00:00,134975000.0,135400000.0,134596000.0,134624000.0,53.53049772
2025-12-09T01:00:00,134624000.0,134931000.0,134000000.0,134093000.0,62.06304732
2025-12-09T02:00:00,134093000.0,134500000.0,133936000.0,134111000.0,40.69018423
2025-12-09T03:00:00,134111000.0,134619000.0,133800000.0,134584000.0,48.81133327
2025-12-09T04:00:00,134577000.0,134584000.0,133755000.0,133990000.0,60.68400212
2025-12-09T05:00:00,133997000.0,134371000.0,133300000.0,133777000.0,76.95555685
2025-12-09T06:00:00,133839000.0,134333000.0,133770000.0,134199000.0,35.13220804
2025-12-09T07:00:00,134199000.0,134600000.0,134100000.0,134598000.0,35.85303298
2025-12-09T08:00:00,134598000.0,134622000.0,134365000.0,134594000.0,37.62711033
2025-12-09T09:00:00,134589000.0,134594000.0,134056000.0,134086000.0,22.71641729
2025-12-09T10:00:00,134086000.0,134418000.0,133850000.0,134232000.0,30.6735863
2025-12-09T11:00:00,134389000.0,134455000.0,134085000.0,134449000.0,19.56846699
2025-12-09T12:00:00,134449000.0,134821000.0,134336000.0,134688000.0,35.11533766
2025-12-09T13:00:00,134614000.0,134955000.0,134100000.0,134403000.0,46.88093807
2025-12-09T14:00:00,134493000.0,134722000.0,133900000.0,134399000.0,42.84929676
2025-12-09T15:00:00,134400000.0,137999000.0,134372000.0,137491000.0,245.20256508
2025-12-09T16:00:00,137491000.0,139777000.0,137470000.0,139340000.0,387.51468012
2025-12-09T17:00:00,139213000.0,139858000.0,138107000.0,138699000.0,200.21432128
2025-12-09T18:00:00,138659000.0,139156000.0,138227000.0,138688000.0,62.11661873
2025-12-09T19:00:00,138688000.0,139008000.0,138254000.0,138503000.0,62.98053526
2025-12-09T20:00:00,138366000.0,138506000.0,136834000.0,137437000.0,114.72369673
2025-12-09T21:00:00,137384000.0,137661000.0,136314000.0,136867000.0,91.96107064
2025-12-09T22:00:00,136867000.0,137555000.0,136626000.0,137424000.0,79.56566061
2025-12-09T23:00:00,137372000.0,137591000.0,137000000.0,137200000.0,64.00503818
2025-12-10T00:00:00,137254000.0,137466000.0,136363000.0,136510000.0,95.73652673
2025-12-10T01:00:00,136511000.0,137015000.0,136304000.0,136868000.0,43.95309068
2025-12-10T02:00:00,136871000.0,137166000.0,136403000.0,137065000.0,43.52418461
2025-12-10T03:00:00,137066000.0,137160000.0,136891000.0,137116000.0,37.51038633
2025-12-10T04:00:00,137111000.0,137495000.0,137096000.0,137453000.0,49.45908246
2025-12-10T05:00:00,137453000.0,137670000.0,137337000.0,137440000.0,41.22200162
2025-12-10T06:00:00,137446000.0,137555000.0,137175000.0,137555000.0,24.33304545
2025-12-10T07:00:00,137555000.0,137802000.0,137330000.0,137802000.0,44.01120344
2025-12-10T08:00:00,137775000.0,137865000.0,137506000.0,137706000.0,40.45554325
2025-12-10T09:00:00,137750000.0,138000000.0,137358000.0,137997000.0,47.37202348
2025-12-10T10:00:00,137997000.0,138482000.0,137094000.0,137310000.0,93.07681313
2025-12-10T11:00:00,137339000.0,137528000.0,136500000.0,137009000.0,75.98541829
2025-12-10T12:00:00,137018000.0,137136000.0,136607000.0,136800000.0,57.01330658
2025-12-10T13:00:00,136832000.0,137265000.0,136795000.0,137096000.0,52.39003303
2025-12-10T14:00:00,137096000.0,137096000.0,136326000.0,136595000.0,78.09574357
2025-12-10T15:00:00,136653000.0,137098000.0,136312000.0,136976000.0,52.27830776
2025-12-10T16:00:00,136998000.0,137668000.0,136738000.0,136943000.0,39.75680384
2025-12-10T17:00:00,137000000.0,137500000.0,136872000.0,137417000.0,26.69242147
2025-12-10T18:00:00,137416000.0,138192000.0,136844000.0,137499000.0,52.38870542
2025-12-10T19:00:00,137403000.0,138506000.0,136550000.0,138106000.0,249.24255276
2025-12-10T20:00:00,138106000.0,139789000.0,137000000.0,137357000.0,223.83406781
2025-12-10T21:00:00,137388000.0,137860000.0,136603000.0,137435000.0,111.76763312
2025-12-10T22:00:00,137329000.0,137785000.0,136844000.0,137634000.0,67.79473397
2025-12-10T23:00:00,137634000.0,137634000.0,136700000.0,136700000.0,60.23902998
2025-12-11T00:00:00,136702000.0,136800000.0,135000000.0,135516000.0,188.88901166
2025-12-11T01:00:00,135501000.0,135600000.0,134676000.0,134850000.0,136.62728637
2025-12-11T02:00:00,134850000.0,134850000.0,133900000.0,134175000.0,191.05478192
2025-12-11T03:00:00,134175000.0,134201000.0,133364000.0,134141000.0,140.07687003
2025-12-11T04:00:00,134161000.0,134990000.0,133950000.0,134984000.0,73.80693678
2025-12-11T05:00:00,134984000.0,134985000.0,134544000.0,134674000.0,42.81596206
2025-12-11T06:00:00,134674000.0,134842000.0,134084000.0,134691000.0,60.37457237
2025-12-11T07:00:00,134732000.0,134735000.0,134352000.0,134697000.0,30.1667386
2025-12-11T08:00:00,134706000.0,134717000.0,134248000.0,134594000.0,28.10942306
2025-12-11T09:00:00,134593000.0,135047000.0,134521000.0,134677000.0,30.39518216
2025-12-11T10:00:00,134737000.0,134920000.0,134604000.0,134801000.0,26.56418619
2025-12-11T11:00:00,134801000.0,134940000.0,134620000.0,134700000.0,21.35337697
2025-12-11T12:00:00,134720000.0,134928000.0,134360000.0,134387000.0,59.46105315
2025-12-11T13:00:00,134387000.0,134581000.0,134105000.0,134452000.0,50.24464681
2025-12-11T14:00:00,134458000.0,134879000.0,133427000.0,133664000.0,85.03138383
2025-12-11T15:00:00,133738000.0,135200000.0,133481000.0,134306000.0,78.68184405
2025-12-11T16:00:00,134296000.0,134558000.0,133514000.0,133982000.0,43.91951869
2025-12-11T17:00:00,133982000.0,134659000.0,133832000.0,134295000.0,15.99282343
2025-12-11T18:00:00,134361000.0,135800000.0,134220000.0,135259000.0,34.34996581
2025-12-11T19:00:00,135176000.0,136257000.0,135004000.0,135428000.0,31.33870247
2025-12-11T20:00:00,135435000.0,136600000.0,135351000.0,136587000.0,45.64223554
2025-12-11T21:00:00,136587000.0,138792000.0,136450000.0,137820000.0,221.14717715
2025-12-11T22:00:00,137820000.0,138225000.0,136628000.0,137063000.0,143.37006989
2025-12-11T23:00:00,136999000.0,137757000.0,136999000.0,137332000.0,71.91682015
2025-12-12T00:00:00,137333000.0,137654000.0,135691000.0,135933000.0,90.50229709
2025-12-12T01:00:00,135886000.0,137000000.0,135886000.0,136750000.0,61.6769777
2025-12-12T02:00:00,136801000.0,137687000.0,136500000.0,137570000.0,61.99096728
2025-12-12T03:00:00,137570000.0,137709000.0,136981000.0,137081000.0,38.00633615
2025-12-12T04:00:00,137080000.0,137385000.0,136937000.0,137262000.0,29.45397071
2025-12-12T05:00:00,137262000.0,137410000.0,136881000.0,137307000.0,27.0967786
2025-12-12T06:00:00,137306000.0,137709000.0,137251000.0,137489000.0,61.99732358
2025-12-12T07:00:00,137480000.0,137505000.0,137170000.0,137257000.0,29.60031599
2025-12-12T08:00:00,137273000.0,137330000.0,136980000.0,137297000.0,27.47144115
2025-12-12T09:00:00,137300000.0,137670000.0,137011000.0,137662000.0,24.87631067
2025-12-12T10:00:00,137619000.0,137731000.0,137404000.0,137580000.0,24.62511969
2025-12-12T11:00:00,137580000.0,137654000.0,137300000.0,137480000.0,17.42116316
2025-12-12T12:00:00,137497000.0,137510000.0,137100000.0,137490000.0,24.57530633
2025-12-12T13:00:00,137490000.0,137567000.0,137157000.0,137336000.0,36.21348112
2025-12-12T14:00:00,137336000.0,137700000.0,136810000.0,137571000.0,48.6447711
2025-12-12T15:00:00,137550000.0,137556000.0,134520000.0,134592000.0,248.04413574
2025-12-12T16:00:00,134725000.0,135335000.0,134134000.0,134895000.0,163.73418406
2025-12-12T17:00:00,135001000.0,135600000.0,134550000.0,134890000.0,59.10380673
2025-12-12T18:00:00,134958000.0,135636000.0,134810000.0,135259000.0,38.43561688
2025-12-12T19:00:00,135303000.0,135370000.0,134892000.0,135144000.0,21.40297383
2025-12-12T20:00:00,135144000.0,135291000.0,134642000.0,135133000.0,35.68026245
2025-12-12T21:00:00,135133000.0,135249000.0,134982000.0,135045000.0,27.06122335
2025-12-12T22:00:00,135045000.0,135300000.0,135000000.0,135186000.0,23.0723361
2025-12-12T23:00:00,135158000.0,135195000.0,134902000.0,134902000.0,27.90066798
2025-12-13T00:00:00,134930000.0,135120000.0,134720000.0,134931000.0,40.593445
2025-12-13T01:00:00,134932000.0,134942000.0,134505000.0,134658000.0,36.07052088
2025-12-13T02:00:00,134658000.0,134900000.0,134637000.0,134778000.0,19.92959973
2025-12-13T03:00:00,134778000.0,135107000.0,134770000.0,134988000.0,23.6792537
2025-12-13T04:00:00,134988000.0,135000000.0,134770000.0,134925000.0,16.74964739
2025-12-13T05:00:00,134925000.0,134925000.0,134680000.0,134788000.0,16.76641742
2025-12-13T06:00:00,134788000.0,134829000.0,134659000.0,134799000.0,12.07173177
2025-12-13T07:00:00,134814000.0,134862000.0,134691000.0,134769000.0,11.61262316
2025-12-13T08:00:00,134770000.0,135025000.0,134692000.0,134872000.0,30.97811481
2025-12-13T09:00:00,134872000.0,134966000.0,134804000.0,134822000.0,13.02502412
2025-12-13T10:00:00,134822000.0,135040000.0,134820000.0,135001000.0,27.00057498
2025-12-13T11:00:00,135009000.0,135091000.0,134641000.0,134676000.0,28.54244842
2025-12-13T12:00:00,134676000.0,134919000.0,134674000.0,134773000.0,31.45854097
2025-12-13T13:00:00,134773000.0,134899000.0,134639000.0,134673000.0,28.39734598
2025-12-13T14:00:00,134673000.0,134743000.0,134300000.0,134379000.0,49.67761466
2025-12-13T15:00:00,134379000.0,134598000.0,134363000.0,134458000.0,17.57610381
2025-12-13T16:00:00,134459000.0,134671000.0,134390000.0,134445000.0,10.2270109
2025-12-13T17:00:00,134445000.0,134546000.0,134350000.0,134420000.0,8.89095379
2025-12-13T18:00:00,134420000.0,134631000.0,134383000.0,134593000.0,4.38558011
2025-12-13T19:00:00,134599000.0,134614000.0,134529000.0,134603000.0,3.64327112
2025-12-13T20:00:00,134603000.0,134641000.0,134436000.0,134437000.0,5.63824023
2025-12-13T21:00:00,134437000.0,134641000.0,134150000.0,134641000.0,22.94795533
2025-12-13T22:00:00,134641000.0,134730000.0,134420000.0,134608000.0,15.59731289
2025-12-13T23:00:00,134607000.0,134810000.0,134520000.0,134733000.0,16.59652553
2025-12-14T00:00:00,134733000.0,134987000.0,134550000.0,134882000.0,25.3590684
2025-12-14T01:00:00,134880000.0,135000000.0,134728000.0,134799000.0,15.64864121
2025-12-14T02:00:00,134800000.0,134935000.0,134665000.0,134699000.0,11.32228381
2025-12-14T03:00:00,134699000.0,134735000.0,134600000.0,134600000.0,10.80492184
2025-12-14T04:00:00,134600000.0,134712000.0,134443000.0,134567000.0,19.35027193
2025-12-14T05:00:00,134567000.0,134637000.0,134433000.0,134573000.0,11.40794943
2025-12-14T06:00:00,134579000.0,134700000.0,134490000.0,134500000.0,13.90426757
2025-12-14T07:00:00,134499000.0,134681000.0,134420000.0,134636000.0,25.26330248
2025-12-14T08:00:00,134636000.0,134685000.0,134488000.0,134500000.0,11.13007575
2025-12-14T09:00:00,134503000.0,134596000.0,134248000.0,134250000.0,18.38488866
2025-12-14T10:00:00,134250000.0,134481000.0,134000000.0,134145000.0,48.62331692
2025-12-14T11:00:00,134145000.0,134160000.0,132700000.0,133668000.0,238.39806687
2025-12-14T12:00:00,133667000.0,133950000.0,133274000.0,133659000.0,62.70079751
2025-12-14T13:00:00,133659000.0,133659000.0,133198000.0,133599000.0,44.05252663
2025-12-14T14:00:00,133600000.0,133762000.0,133010000.0,133269000.0,59.26997109
2025-12-14T15:00:00,133215000.0,133358000.0,133032000.0,133153000.0,24.91336398
2025-12-14T16:00:00,133185000.0,133600000.0,132548000.0,132801000.0,64.4070163
2025-12-14T17:00:00,132911000.0,133196000.0,132614000.0,133063000.0,32.86114967
2025-12-14T18:00:00,133063000.0,133400000.0,132771000.0,133269000.0,17.65532357
2025-12-14T19:00:00,133272000.0,133280000.0,132560000.0,132700000.0,28.11294888
2025-12-14T20:00:00,132700000.0,132965000.0,132400000.0,132654000.0,46.80335422
2025-12-14T21:00:00,132654000.0,132916000.0,132330000.0,132429000.0,36.96862185
2025-12-14T22:00:00,132532000.0,132639000.0,131750000.0,132220000.0,148.63962216
2025-12-14T23:00:00,132218000.0,132467000.0,131183000.0,131795000.0,142.61041364
2025-12-15T00:00:00,131797000.0,132353000.0,131590000.0,132134000.0,101.27283813
2025-12-15T01:00:00,132133000.0,133300000.0,132110000.0,133299000.0,86.46493017
2025-12-15T02:00:00,133293000.0,134235000.0,133049000.0,133127000.0,109.64141668
2025-12-15T03:00:00,133192000.0,133674000.0,133000000.0,133040000.0,40.08398004
2025-12-15T04:00:00,133040000.0,133675000.0,133040000.0,133502000.0,31.46317925
2025-12-15T05:00:00,133581000.0,133829000.0,133389000.0,133454000.0,53.7762919
2025-12-15T06:00:00,133454000.0,133857000.0,133308000.0,133633000.0,27.82770605
2025-12-15T07:00:00,133633000.0,133800000.0,133385000.0,133605000.0,23.91195233
2025-12-15T08:00:00,133669000.0,133730000.0,133420000.0,133611000.0,28.28661777
2025-12-15T09:00:00,133637000.0,133770000.0,133500000.0,133685000.0,28.69512882
2025-12-15T10:00:00,133685000.0,133776000.0,133458000.0,133581000.0,33.57647915
2025-12-15T11:00:00,133581000.0,133600000.0,133061000.0,133217000.0,52.16831221
2025-12-15T12:00:00,133217000.0,133300000.0,132842000.0,133209000.0,47.86151859
2025-12-15T13:00:00,133201000.0,133214000.0,132581000.0,132872000.0,50.53141384
2025-12-15T14:00:00,132873000.0,133330000.0,131000000.0,131309000.0,186.1114212
2025-12-15T15:00:00,131267000.0,131477000.0,129500000.0,129940000.0,442.59346712
2025-12-15T16:00:00,129940000.0,130065000.0,128772000.0,129123000.0,199.27448583
2025-12-15T17:00:00,129117000.0,129124000.0,128123000.0,128200000.0,105.4194566
2025-12-15T18:00:00,128265000.0,129075000.0,127602000.0,129020000.0,160.54978931
2025-12-15T19:00:00,129019000.0,129500000.0,128500000.0,128912000.0,76.02415542
2025-12-15T20:00:00,128968000.0,128970000.0,128059000.0,128245000.0,93.76040028
2025-12-15T21:00:00,128296000.0,128859000.0,127892000.0,128845000.0,108.3155024
2025-12-15T22:00:00,128845000.0,128892000.0,128381000.0,128724000.0,72.52712946
2025-12-15T23:00:00,128724000.0,129300000.0,128710000.0,129132000.0,96.09932967
2025-12-16T00:00:00,129132000.0,129138000.0,127690000.0,127793000.0,175.45919359
2025-12-16T01:00:00,127794000.0,128227000.0,127450000.0,127760000.0,196.5868919
2025-12-16T02:00:00,127760000.0,128200000.0,127617000.0,127730000.0,75.93464369
2025-12-16T03:00:00,127730000.0,127781000.0,127125000.0,127691000.0,126.17294488
2025-12-16T04:00:00,127691000.0,127702000.0,127000000.0,127672000.0,104.07975097
2025-12-16T05:00:00,127672000.0,128313000.0,127660000.0,128102000.0,67.34325024
2025-12-16T06:00:00,128102000.0,128864000.0,128100000.0,128864000.0,52.6526048
2025-12-16T07:00:00,128863000.0,129012000.0,127730000.0,128153000.0,82.7124038
2025-12-16T08:00:00,128153000.0,128790000.0,127989000.0,128632000.0,44.7378597
2025-12-16T09:00:00,128635000.0,128740000.0,128425000.0,128517000.0,38.79022435
2025-12-16T10:00:00,128517000.0,129993000.0,128450000.0,129541000.0,138.37355436
2025-12-16T11:00:00,129541000.0,130150000.0,129290000.0,130001000.0,114.58681103
2025-12-16T12:00:00,130001000.0,130150000.0,129650000.0,129867000.0,56.27194661
2025-12-16T13:00:00,129867000.0,130500000.0,128601000.0,128665000.0,129.75785767
2025-12-16T14:00:00,128665000.0,130500000.0,128129000.0,129868000.0,147.87260358
2025-12-16T15:00:00,129891000.0,131100000.0,129500000.0,130870000.0,89.21025747
2025-12-16T16:00:00,130869000.0,130900000.0,130016000.0,130410000.0,43.32257351
2025-12-16T17:00:00,130415000.0,130673000.0,129682000.0,129687000.0,19.77185447
2025-12-16T18:00:00,129688000.0,130880000.0,129600000.0,130606000.0,16.47427685
2025-12-16T19:00:00,130515000.0,130608000.0,129866000.0,130380000.0,17.35423767
2025-12-16T20:00:00,130359000.0,130710000.0,130005000.0,130417000.0,19.64657584
2025-12-16T21:00:00,130461000.0,130783000.0,130152000.0,130663000.0,16.85339372
2025-12-16T22:00:00,130664000.0,130779000.0,130291000.0,130639000.0,28.23452057
2025-12-16T23:00:00,130600000.0,130682000.0,130330000.0,130682000.0,35.47023452
2025-12-17T00:00:00,130682000.0,130682000.0,129950000.0,130232000.0,50.43392373
2025-12-17T01:00:00,130225000.0,130682000.0,130106000.0,130194000.0,34.03105767
2025-12-17T02:00:00,130194000.0,130350000.0,129902000.0,130271000.0,51.4417485
2025-12-17T03:00:00,130250000.0,130425000.0,129919000.0,129990000.0,26.2899267
2025-12-17T04:00:00,129990000.0,130224000.0,129151000.0,129310000.0,68.27996527
2025-12-17T05:00:00,129311000.0,129311000.0,128490000.0,129031000.0,80.9445394
2025-12-17T06:00:00,129067000.0,129595000.0,129030000.0,129250000.0,40.57429837
2025-12-17T07:00:00,129250000.0,129854000.0,129048000.0,129755000.0,37.00015741
2025-12-17T08:00:00,129752000.0,129765000.0,128800000.0,128896000.0,42.31537779
2025-12-17T09:00:00,128898000.0,129282000.0,128711000.0,128903000.0,36.4205315
2025-12-17T10:00:00,128910000.0,129509000.0,128700000.0,129194000.0,53.53460096
2025-12-17T11:00:00,129194000.0,129770000.0,129193000.0,129579000.0,41.13246391
2025-12-17T12:00:00,129579000.0,129900000.0,129321000.0,129670000.0,40.56290864
2025-12-17T13:00:00,129670000.0,130650000.0,129375000.0,130446000.0,81.73392521
2025-12-17T14:00:00,130457000.0,133276000.0,129700000.0,133125000.0,188.05236234
2025-12-17T15:00:00,133158000.0,134100000.0,129857000.0,130075000.0,368.48092982
2025-12-17T16:00:00,130074000.0,130780000.0,128694000.0,129817000.0,134.59904827
2025-12-17T17:00:00,129817000.0,130000000.0,128851000.0,129060000.0,43.09707021
2025-12-17T18:00:00,129060000.0,129593000.0,128123000.0,128207000.0,52.63933825
2025-12-17T19:00:00,128254000.0,128865000.0,127633000.0,128691000.0,89.27596078
2025-12-17T20:00:00,128691000.0,128997000.0,128137000.0,128350000.0,51.71345581
2025-12-17T21:00:00,128331000.0,128618000.0,128089000.0,128424000.0,43.52019631
2025-12-17T22:00:00,128426000.0,129044000.0,128358000.0,128958000.0,48.86614709
2025-12-17T23:00:00,128901000.0,128958000.0,128349000.0,128680000.0,60.67652156
2025-12-18T00:00:00,128680000.0,128740000.0,128404000.0,128700000.0,50.92091361
2025-12-18T01:00:00,128700000.0,128700000.0,128083000.0,128295000.0,77.00091222
2025-12-18T02:00:00,128295000.0,129300000.0,128139000.0,129154000.0,97.89958138
2025-12-18T03:00:00,129183000.0,129184000.0,128565000.0,129000000.0,47.75612311
2025-12-18T04:00:00,128991000.0,129413000.0,128991000.0,129300000.0,51.66155355
2025-12-18T05:00:00,129300000.0,129300000.0,128750000.0,128837000.0,51.25079546
2025-12-18T06:00:00,128837000.0,129128000.0,128735000.0,129080000.0,33.2950309
2025-12-18T07:00:00,129080000.0,129424000.0,129000000.0,129320000.0,68.40433983
2025-12-18T08:00:00,129299000.0,129750000.0,129131000.0,129660000.0,46.96824304
2025-12-18T09:00:00,129670000.0,130112000.0,129331000.0,130000000.0,63.96491213
2025-12-18T10:00:00,130041000.0,130150000.0,129800000.0,129997000.0,43.66874843
2025-12-18T11:00:00,129997000.0,129997000.0,129599000.0,129857000.0,32.94234696
2025-12-18T12:00:00,129857000.0,130002000.0,129678000.0,129760000.0,50.58686209
2025-12-18T13:00:00,129761000.0,132500000.0,129722000.0,132071000.0,350.27463378
2025-12-18T14:00:00,132069000.0,132900000.0,130428000.0,131228000.0,240.90106544
2025-12-18T15:00:00,131229000.0,132645000.0,130712000.0,131475000.0,119.81859753
2025-12-18T16:00:00,131475000.0,131475000.0,130646000.0,130685000.0,45.37015773
2025-12-18T17:00:00,130794000.0,130818000.0,127697000.0,128906000.0,208.07574998
2025-12-18T18:00:00,129010000.0,129465000.0,128079000.0,128472000.0,49.69748968
2025-12-18T19:00:00,128433000.0,128548000.0,126327000.0,126376000.0,227.04159594
2025-12-18T20:00:00,126378000.0,127395000.0,126226000.0,126300000.0,110.72687769
2025-12-18T21:00:00,126300000.0,127829000.0,126240000.0,127680000.0,128.4943957
2025-12-18T22:00:00,127645000.0,127714000.0,127190000.0,127509000.0,65.72305171
2025-12-18T23:00:00,127517000.0,127517000.0,127050000.0,127135000.0,78.23482766
2025-12-19T00:00:00,127233000.0,127400000.0,126833000.0,127306000.0,121.79964268
2025-12-19T01:00:00,127307000.0,127310000.0,126551000.0,126977000.0,123.31508251
2025-12-19T02:00:00,126977000.0,128059000.0,126713000.0,127600000.0,80.45789232
2025-12-19T03:00:00,127600000.0,130875000.0,127571000.0,129417000.0,403.01779004
2025-12-19T04:00:00,129418000.0,130120000.0,129400000.0,129699000.0,104.1019346
2025-12-19T05:00:00,129699000.0,129900000.0,128977000.0,129701000.0,94.33848194
2025-12-19T06:00:00,129732000.0,130286000.0,129328000.0,130286000.0,100.15398946
2025-12-19T07:00:00,130240000.0,131610000.0,130240000.0,131022000.0,175.62827267
2025-12-19T08:00:00,131022000.0,131286000.0,130671000.0,131252000.0,77.02836531
2025-12-19T09:00:00,131218000.0,131259000.0,130874000.0,131109000.0,38.3599669
2025-12-19T10:00:00,131112000.0,131441000.0,130900000.0,131398000.0,48.65673136
2025-12-19T11:00:00,131398000.0,131500000.0,131233000.0,131300000.0,34.39312452
2025-12-19T12:00:00,131302000.0,131352000.0,130782000.0,130811000.0,57.88367588
2025-12-19T13:00:00,130782000.0,131221000.0,130778000.0,130832000.0,51.18623079
2025-12-19T14:00:00,130832000.0,131585000.0,130283000.0,131237000.0,107.15649764
2025-12-19T15:00:00,131228000.0,132770000.0,130554000.0,130941000.0,179.59746486
2025-12-19T16:00:00,130939000.0,132004000.0,130824000.0,131030000.0,65.36573006
2025-12-19T17:00:00,131030000.0,131398000.0,129330000.0,129575000.0,78.502136
2025-12-19T18:00:00,129575000.0,130171000.0,129391000.0,129751000.0,29.66362822
2025-12-19T19:00:00,129830000.0,130999000.0,129751000.0,130608000.0,29.2236532
2025-12-19T20:00:00,130680000.0,131406000.0,130399000.0,131050000.0,34.24884705
2025-12-19T21:00:00,131093000.0,131093000.0,130645000.0,130688000.0,16.59016793
2025-12-19T22:00:00,130720000.0,131464000.0,130688000.0,131464000.0,28.18701728
2025-12-19T23:00:00,131445000.0,131574000.0,131200000.0,131223000.0,43.05486569
2025-12-20T00:00:00,131223000.0,131564000.0,131065000.0,131087000.0,46.67281021
2025-12-20T01:00:00,131087000.0,131488000.0,131058000.0,131329000.0,29.38986386
2025-12-20T02:00:00,131329000.0,131621000.0,131200000.0,131611000.0,21.92352103
2025-12-20T03:00:00,131610000.0,131802000.0,131506000.0,131628000.0,33.11931304
2025-12-20T04:00:00,131635000.0,131914000.0,131506000.0,131800000.0,40.22609646
2025-12-20T05:00:00,131800000.0,132189000.0,131800000.0,131844000.0,46.90764671
2025-12-20T06:00:00,131866000.0,131985000.0,131519000.0,131640000.0,25.37962568
2025-12-20T07:00:00,131640000.0,131700000.0,131417000.0,131641000.0,23.53306918
2025-12-20T08:00:00,131641000.0,131855000.0,131588000.0,131750000.0,22.65653524
2025-12-20T09:00:00,131747000.0,131800000.0,131588000.0,131671000.0,21.1353644
2025-12-20T10:00:00,131671000.0,131700000.0,131314000.0,131398000.0,21.65098553
2025-12-20T11:00:00,131399000.0,131610000.0,131217000.0,131558000.0,27.33344622
2025-12-20T12:00:00,131558000.0,131606000.0,131268000.0,131400000.0,15.99576633
2025-12-20T13:00:00,131401000.0,131507000.0,130767000.0,131459000.0,43.80272134
2025-12-20T14:00:00,131411000.0,131506000.0,131021000.0,131366000.0,17.41256994
2025-12-20T15:00:00,131366000.0,131366000.0,131049000.0,131248000.0,19.5590376
2025-12-20T16:00:00,131248000.0,131335000.0,131119000.0,131148000.0,14.17414709
2025-12-20T17:00:00,131147000.0,131498000.0,131134000.0,131393000.0,9.29815631
2025-12-20T18:00:00,131392000.0,131600000.0,131260000.0,131597000.0,4.30622368
2025-12-20T19:00:00,131458000.0,131599000.0,131351000.0,131455000.0,5.08932237
2025-12-20T20:00:00,131455000.0,131555000.0,131416000.0,131522000.0,2.58532375
2025-12-20T21:00:00,131523000.0,131650000.0,131400000.0,131403000.0,8.90608836
2025-12-20T22:00:00,131418000.0,131626000.0,131368000.0,131598000.0,8.06301791
2025-12-20T23:00:00,131549000.0,131622000.0,131402000.0,131469000.0,24.83200237
2025-12-21T00:00:00,131526000.0,131645000.0,131421000.0,131644000.0,19.76872609
2025-12-21T01:00:00,131645000.0,131648000.0,131130000.0,131150000.0,24.37257773
2025-12-21T02:00:00,131150000.0,131268000.0,130659000.0,130814000.0,37.29183295
2025-12-21T03:00:00,130814000.0,131229000.0,130801000.0,131117000.0,16.19709778
2025-12-21T04:00:00,131117000.0,131125000.0,130990000.0,131125000.0,13.60072404
2025-12-21T05:00:00,131125000.0,131163000.0,131030000.0,131163000.0,9.80662325
2025-12-21T06:00:00,131163000.0,131243000.0,131065000.0,131066000.0,10.84852788
2025-12-21T07:00:00,131066000.0,131236000.0,131066000.0,131236000.0,9.10636076
2025-12-21T08:00:00,131219000.0,131911000.0,131197000.0,131797000.0,38.84514785
2025-12-21T09:00:00,131798000.0,132478000.0,131784000.0,132200000.0,76.19783187
2025-12-21T10:00:00,132196000.0,132320000.0,131887000.0,131918000.0,31.82208288
2025-12-21T11:00:00,131917000.0,132128000.0,131917000.0,132017000.0,23.04403532
2025-12-21T12:00:00,132017000.0,132486000.0,131909000.0,132093000.0,62.48926172
2025-12-21T13:00:00,132093000.0,132197000.0,130399000.0,130584000.0,158.75746872
2025-12-21T14:00:00,130500000.0,131200000.0,130404000.0,131060000.0,44.5591109
2025-12-21T15:00:00,131060000.0,131351000.0,130786000.0,131211000.0,29.92212974
2025-12-21T16:00:00,131211000.0,131495000.0,131075000.0,131495000.0,11.59227981
2025-12-21T17:00:00,131495000.0,131740000.0,131323000.0,131450000.0,11.24628695
2025-12-21T18:00:00,131450000.0,131564000.0,131028000.0,131559000.0,9.20915102
2025-12-21T19:00:00,131559000.0,131746000.0,131293000.0,131708000.0,8.04814852
2025-12-21T20:00:00,131708000.0,131710000.0,131354000.0,131362000.0,5.70022747
2025-12-21T21:00:00,131401000.0,131596000.0,131210000.0,131272000.0,11.84036683
2025-12-21T22:00:00,131272000.0,131710000.0,131191000.0,131597000.0,16.00797372
2025-12-21T23:00:00,131597000.0,132087000.0,131570000.0,131860000.0,52.08280084
2025-12-22T00:00:00,131859000.0,133260000.0,131842000.0,131861000.0,177.53650326
2025-12-22T01:00:00,131900000.0,132701000.0,131772000.0,132007000.0,73.34057791
2025-12-22T02:00:00,132045000.0,132046000.0,131050000.0,131862000.0,73.66636529
2025-12-22T03:00:00,131870000.0,132298000.0,131600000.0,132162000.0,31.50265803
2025-12-22T04:00:00,132170000.0,132510000.0,132150000.0,132358000.0,46.63941113
2025-12-22T05:00:00,132372000.0,132494000.0,132183000.0,132330000.0,29.1006997
2025-12-22T06:00:00,132335000.0,132378000.0,132096000.0,132378000.0,21.00617851
2025-12-22T07:00:00,132378000.0,132720000.0,132347000.0,132670000.0,40.96707662
2025-12-22T08:00:00,132660000.0,133806000.0,132639000.0,133075000.0,145.33426315
2025-12-22T09:00:00,133075000.0,133750000.0,133016000.0,133750000.0,54.55336645
2025-12-22T10:00:00,133750000.0,133800000.0,133556000.0,133737000.0,34.24485808
2025-12-22T11:00:00,133787000.0,134000000.0,133650000.0,133988000.0,90.11299488
2025-12-22T12:00:00,133967000.0,134750000.0,133778000.0,134393000.0,158.37974637
2025-12-22T13:00:00,134400000.0,134418000.0,133620000.0,133890000.0,72.50452879
2025-12-22T14:00:00,133891000.0,134288000.0,133200000.0,134000000.0,103.73628138
2025-12-22T15:00:00,133986000.0,134418000.0,132892000.0,133505000.0,118.81483952
2025-12-22T16:00:00,133505000.0,134100000.0,133304000.0,133370000.0,33.17903462
2025-12-22T17:00:00,133370000.0,133370000.0,132780000.0,132989000.0,22.08181619
2025-12-22T18:00:00,132990000.0,133276000.0,132775000.0,132800000.0,18.38896764
2025-12-22T19:00:00,132800000.0,132800000.0,131300000.0,131446000.0,76.844611
2025-12-22T20:00:00,131445000.0,132050000.0,131273000.0,131965000.0,56.03703301
2025-12-22T21:00:00,131950000.0,132329000.0,131711000.0,131740000.0,44.00135362
2025-12-22T22:00:00,131740000.0,132450000.0,131669000.0,132304000.0,43.24673814
2025-12-22T23:00:00,132304000.0,132398000.0,132087000.0,132200000.0,42.25675322
2025-12-23T00:00:00,132201000.0,132618000.0,132014000.0,132519000.0,44.16650078
2025-12-23T01:00:00,132519000.0,132610000.0,132034000.0,132084000.0,40.63913479
2025-12-23T02:00:00,132084000.0,132328000.0,131536000.0,131630000.0,61.88668205
2025-12-23T03:00:00,131630000.0,131868000.0,131070000.0,131650000.0,62.8132956
2025-12-23T04:00:00,131669000.0,131841000.0,131200000.0,131204000.0,74.08157146
2025-12-23T05:00:00,131204000.0,131263000.0,130700000.0,130895000.0,89.54454762
2025-12-23T06:00:00,130884000.0,130884000.0,129777000.0,130441000.0,188.72391774
2025-12-23T07:00:00,130458000.0,130800000.0,130349000.0,130616000.0,40.57502698
2025-12-23T08:00:00,130616000.0,130863000.0,130491000.0,130501000.0,26.90549753
2025-12-23T09:00:00,130497000.0,130768000.0,130050000.0,130409000.0,50.63967927
2025-12-23T10:00:00,130410000.0,130705000.0,130409000.0,130682000.0,18.78336431
2025-12-23T11:00:00,130682000.0,130984000.0,130590000.0,130952000.0,26.66351835
2025-12-23T12:00:00,130960000.0,131165000.0,130712000.0,130958000.0,28.9834486
2025-12-23T13:00:00,130988000.0,131060000.0,130379000.0,130698000.0,54.90963246
2025-12-23T14:00:00,130698000.0,130929000.0,129380000.0,129679000.0,121.96290541
2025-12-23T15:00:00,129679000.0,130668000.0,129540000.0,130512000.0,75.20387524
2025-12-23T16:00:00,130512000.0,131444000.0,130388000.0,131191000.0,41.8615618
2025-12-23T17:00:00,131259000.0,131460000.0,130120000.0,130172000.0,41.31460831
2025-12-23T18:00:00,130171000.0,131476000.0,130074000.0,131100000.0,28.83856892
2025-12-23T19:00:00,131192000.0,131261000.0,130543000.0,130912000.0,19.73565787
2025-12-23T20:00:00,130912000.0,131600000.0,130617000.0,130827000.0,30.43588602
2025-12-23T21:00:00,130842000.0,131099000.0,130430000.0,130885000.0,26.69057784
2025-12-23T22:00:00,130885000.0,130992000.0,130255000.0,130491000.0,29.87504623
2025-12-23T23:00:00,130432000.0,130628000.0,130172000.0,130451000.0,26.5373065
2025-12-24T00:00:00,130451000.0,130550000.0,129850000.0,130071000.0,132.86081118
2025-12-24T01:00:00,129994000.0,130300000.0,129551000.0,129780000.0,79.1584717
2025-12-24T02:00:00,129780000.0,129780000.0,128993000.0,129235000.0,116.44541365
2025-12-24T03:00:00,129235000.0,129550000.0,128879000.0,129488000.0,61.53892229
2025-12-24T04:00:00,129488000.0,129489000.0,128884000.0,128898000.0,48.60306432
2025-12-24T05:00:00,128898000.0,128980000.0,128352000.0,128564000.0,101.40468416
2025-12-24T06:00:00,128562000.0,128615000.0,128260000.0,128540000.0,77.42559908
2025-12-24T07:00:00,128540000.0,129000000.0,128535000.0,128662000.0,54.90123779
2025-12-24T08:00:00,128662000.0,128891000.0,128510000.0,128522000.0,38.79873545
2025-12-24T09:00:00,128522000.0,128627000.0,128043000.0,128049000.0,72.85831534
2025-12-24T10:00:00,128049000.0,128751000.0,128043000.0,128601000.0,31.55186621
2025-12-24T11:00:00,128600000.0,129020000.0,128590000.0,128890000.0,36.37283109
2025-12-24T12:00:00,128890000.0,129060000.0,128700000.0,129055000.0,27.63150301
2025-12-24T13:00:00,129055000.0,129206000.0,128572000.0,128826000.0,60.26458279
2025-12-24T14:00:00,128826000.0,129165000.0,127900000.0,128560000.0,120.50995372
2025-12-24T15:00:00,128560000.0,128799000.0,128045000.0,128637000.0,49.97340131
2025-12-24T16:00:00,128637000.0,129377000.0,128498000.0,128829000.0,37.05861062
2025-12-24T17:00:00,128902000.0,129219000.0,128787000.0,128879000.0,14.85772032
2025-12-24T18:00:00,128961000.0,129174000.0,128848000.0,129108000.0,8.19005589
2025-12-24T19:00:00,129001000.0,129184000.0,128929000.0,129149000.0,5.78516027
2025-12-24T20:00:00,129125000.0,129341000.0,129120000.0,129120000.0,9.4829077
2025-12-24T21:00:00,129120000.0,129431000.0,129119000.0,129300000.0,9.55068564
2025-12-24T22:00:00,129300000.0,129794000.0,129286000.0,129741000.0,18.65841821
2025-12-24T23:00:00,129741000.0,129776000.0,129227000.0,129236000.0,19.74669832
2025-12-25T00:00:00,129236000.0,129550000.0,129110000.0,129221000.0,40.65105834
2025-12-25T01:00:00,129221000.0,129530000.0,129144000.0,129432000.0,22.67259352
2025-12-25T02:00:00,129432000.0,129781000.0,129264000.0,129687000.0,28.05264279
2025-12-25T03:00:00,129688000.0,129784000.0,129511000.0,129600000.0,19.96682787
2025-12-25T04:00:00,129600000.0,129600000.0,129457000.0,129500000.0,11.26836935
2025-12-25T05:00:00,129500000.0,129500000.0,129111000.0,129240000.0,23.78135005
2025-12-25T06:00:00,129365000.0,129365000.0,129199000.0,129273000.0,20.60013237
2025-12-25T07:00:00,129273000.0,129298000.0,129194000.0,129280000.0,17.47367115
2025-12-25T08:00:00,129280000.0,129370000.0,128700000.0,128932000.0,37.54354358
2025-12-25T09:00:00,128932000.0,128995000.0,128800000.0,128951000.0,14.54627026
2025-12-25T10:00:00,128980000.0,128995000.0,128550000.0,128688000.0,29.03806408
2025-12-25T11:00:00,128688000.0,128989000.0,128685000.0,128854000.0,24.45392661
2025-12-25T12:00:00,128854000.0,128979000.0,128815000.0,128977000.0,20.49068912
2025-12-25T13:00:00,128977000.0,129200000.0,128698000.0,129192000.0,39.9745536
2025-12-25T14:00:00,129172000.0,129263000.0,128888000.0,129044000.0,30.73235476
2025-12-25T15:00:00,129044000.0,130200000.0,129043000.0,129959000.0,76.31530722
2025-12-25T16:00:00,129959000.0,130092000.0,129262000.0,129506000.0,49.40309541
2025-12-25T17:00:00,129506000.0,129682000.0,129349000.0,129503000.0,9.61935545
2025-12-25T18:00:00,129503000.0,129715000.0,129502000.0,129611000.0,13.86458547
2025-12-25T19:00:00,129677000.0,129688000.0,129277000.0,129390000.0,10.03433325
2025-12-25T20:00:00,129390000.0,129422000.0,128844000.0,129105000.0,16.59167285
2025-12-25T21:00:00,129105000.0,129199000.0,128966000.0,129179000.0,5.34117173
2025-12-25T22:00:00,129179000.0,129179000.0,128546000.0,128830000.0,32.93776417
2025-12-25T23:00:00,128858000.0,129000000.0,128100000.0,128498000.0,78.41171077
2025-12-26T00:00:00,128497000.0,128650000.0,128112000.0,128264000.0,60.60050624
2025-12-26T01:00:00,128264000.0,128641000.0,128263000.0,128527000.0,44.04693191
2025-12-26T02:00:00,128580000.0,130800000.0,128488000.0,129755000.0,229.74546744
2025-12-26T03:00:00,129755000.0,129957000.0,129183000.0,129405000.0,47.26894995
2025-12-26T04:00:00,129405000.0,129833000.0,128986000.0,129651000.0,38.89474582
2025-12-26T05:00:00,129723000.0,130000000.0,129502000.0,129999000.0,35.80348327
2025-12-26T06:00:00,129999000.0,130350000.0,129951000.0,130235000.0,66.33330803
2025-12-26T07:00:00,130235000.0,130655000.0,129154000.0,129220000.0,93.75271148
2025-12-26T08:00:00,129261000.0,130000000.0,129219000.0,129746000.0,76.72891687
2025-12-26T09:00:00,129746000.0,129910000.0,129583000.0,129875000.0,25.81247534
2025-12-26T10:00:00,129875000.0,129936000.0,129599000.0,129709000.0,21.53107401
2025-12-26T11:00:00,129752000.0,129752000.0,129379000.0,129409000.0,18.68075462
2025-12-26T12:00:00,129411000.0,129664000.0,129403000.0,129633000.0,21.47766228
2025-12-26T13:00:00,129634000.0,130100000.0,129518000.0,130000000.0,34.66967948
2025-12-26T14:00:00,130000000.0,130049000.0,128192000.0,128253000.0,139.0099052
2025-12-26T15:00:00,128253000.0,128278000.0,127439000.0,127978000.0,252.17266404
2025-12-26T16:00:00,127978000.0,128123000.0,127501000.0,127541000.0,60.84915434
2025-12-26T17:00:00,127541000.0,128299000.0,127501000.0,128137000.0,36.3754503
2025-12-26T18:00:00,128178000.0,128221000.0,127855000.0,128096000.0,20.16853619
2025-12-26T19:00:00,128096000.0,128413000.0,128012000.0,128315000.0,14.59606409
2025-12-26T20:00:00,128315000.0,128620000.0,128115000.0,128407000.0,19.40146932
2025-12-26T21:00:00,128415000.0,128583000.0,128132000.0,128238000.0,16.39499605
2025-12-26T22:00:00,128293000.0,128438000.0,128142000.0,128351000.0,18.70254391
2025-12-26T23:00:00,128351000.0,128400000.0,128142000.0,128152000.0,23.91148273
2025-12-27T00:00:00,128149000.0,128305000.0,128050000.0,128300000.0,29.22331936
2025-12-27T01:00:00,128304000.0,128341000.0,128208000.0,128283000.0,16.90352486
2025-12-27T02:00:00,128283000.0,128356000.0,128116000.0,128176000.0,17.7101977
2025-12-27T03:00:00,128177000.0,128238000.0,128062000.0,128205000.0,14.69658399
2025-12-27T04:00:00,128205000.0,128295000.0,128160000.0,128208000.0,9.70225929
2025-12-27T05:00:00,128208000.0,128209000.0,128150000.0,128174000.0,7.92403845
2025-12-27T06:00:00,128174000.0,128189000.0,128142000.0,128150000.0,10.08852268
2025-12-27T07:00:00,128150000.0,128301000.0,128148000.0,128151000.0,17.97472835
2025-12-27T08:00:00,128151000.0,128287000.0,128135000.0,128276000.0,13.35960484
2025-12-27T09:00:00,128276000.0,128278000.0,128178000.0,128197000.0,9.31475128
2025-12-27T10:00:00,128195000.0,128278000.0,128050000.0,128087000.0,18.75816146
2025-12-27T11:00:00,128087000.0,128110000.0,128000000.0,128047000.0,28.40497326
2025-12-27T12:00:00,128034000.0,128089000.0,127987000.0,127987000.0,18.95483468
2025-12-27T13:00:00,127987000.0,127987000.0,127713000.0,127897000.0,48.43976087
2025-12-27T14:00:00,127886000.0,127981000.0,127802000.0,127980000.0,13.4246973
2025-12-27T15:00:00,127980000.0,128000000.0,127870000.0,128000000.0,11.27563976
2025-12-27T16:00:00,128000000.0,128070000.0,127999000.0,128002000.0,5.72556474
2025-12-27T17:00:00,128003000.0,128091000.0,128001000.0,128088000.0,3.70060171
2025-12-27T18:00:00,128088000.0,128098000.0,128001000.0,128008000.0,3.38196396
2025-12-27T19:00:00,128010000.0,128070000.0,127999000.0,128056000.0,3.69047239
2025-12-27T20:00:00,128056000.0,128152000.0,128002000.0,128061000.0,6.10353759
2025-12-27T21:00:00,128061000.0,128152000.0,128011000.0,128137000.0,9.64845986
2025-12-27T22:00:00,128137000.0,128396000.0,127800000.0,128032000.0,42.30609383
2025-12-27T23:00:00,128032000.0,128396000.0,128030000.0,128298000.0,21.55627693
2025-12-28T00:00:00,128298000.0,128385000.0,128100000.0,128345000.0,19.51994258
2025-12-28T01:00:00,128345000.0,128382000.0,128182000.0,128283000.0,17.67657674
2025-12-28T02:00:00,128283000.0,128308000.0,128168000.0,128305000.0,10.52599691
2025-12-28T03:00:00,128305000.0,128362000.0,128204000.0,128204000.0,13.07552487
2025-12-28T04:00:00,128204000.0,128213000.0,128100000.0,128130000.0,9.63603793
2025-12-28T05:00:00,128139000.0,128140000.0,128018000.0,128074000.0,13.15502202
2025-12-28T06:00:00,128032000.0,128150000.0,128023000.0,128091000.0,10.19919558
2025-12-28T07:00:00,128101000.0,128101000.0,128029000.0,128041000.0,12.74143456
2025-12-28T08:00:00,128041000.0,128332000.0,128031000.0,128130000.0,18.32434573
2025-12-28T09:00:00,128130000.0,128218000.0,128002000.0,128080000.0,13.74739085
2025-12-28T10:00:00,128073000.0,128294000.0,128056000.0,128175000.0,12.16181855
2025-12-28T11:00:00,128178000.0,128200000.0,128164000.0,128177000.0,12.06745068
2025-12-28T12:00:00,128185000.0,128185000.0,128030000.0,128091000.0,15.20154186
2025-12-28T13:00:00,128091000.0,128161000.0,128000000.0,128147000.0,20.35740254
2025-12-28T14:00:00,128147000.0,128260000.0,128082000.0,128123000.0,20.15906658
2025-12-28T15:00:00,128123000.0,128245000.0,128070000.0,128097000.0,10.57560283
2025-12-28T16:00:00,128097000.0,128097000.0,127873000.0,127999000.0,32.3206106
2025-12-28T17:00:00,128000000.0,128131000.0,127890000.0,127925000.0,12.03507011
2025-12-28T18:00:00,127928000.0,127968000.0,127601000.0,127835000.0,22.47157397
2025-12-28T19:00:00,127835000.0,127918000.0,127591000.0,127689000.0,12.22667903
2025-12-28T20:00:00,127697000.0,127847000.0,127608000.0,127714000.0,14.34375255
2025-12-28T21:00:00,127720000.0,127752000.0,127543000.0,127570000.0,25.13761885
2025-12-28T22:00:00,127570000.0,128124000.0,127522000.0,128000000.0,27.9796281
2025-12-28T23:00:00,128000000.0,128124000.0,127685000.0,127914000.0,39.25266295
2025-12-29T00:00:00,127914000.0,128296000.0,127809000.0,128180000.0,57.17628858
2025-12-29T01:00:00,128181000.0,128189000.0,127541000.0,128185000.0,57.3485686
2025-12-29T02:00:00,128185000.0,129500000.0,128180000.0,129092000.0,157.0487771
2025-12-29T03:00:00,129085000.0,130350000.0,129015000.0,130349000.0,146.61139451
2025-12-29T04:00:00,130349000.0,130575000.0,130000000.0,130378000.0,105.56497414
2025-12-29T05:00:00,130356000.0,130400000.0,130075000.0,130120000.0,67.73487116
2025-12-29T06:00:00,130120000.0,130191000.0,129700000.0,129700000.0,69.2220946
2025-12-29T07:00:00,129700000.0,129780000.0,129333000.0,129524000.0,66.79570793
2025-12-29T08:00:00,129524000.0,129808000.0,129356000.0,129498000.0,36.36371134
2025-12-29T09:00:00,129452000.0,129543000.0,127618000.0,127988000.0,163.12520297
2025-12-29T10:00:00,128004000.0,128200000.0,127522000.0,127658000.0,99.77095601
2025-12-29T11:00:00,127658000.0,127878000.0,127489000.0,127489000.0,105.41399095
2025-12-29T12:00:00,127488000.0,127534000.0,126500000.0,127320000.0,235.76319683
2025-12-29T13:00:00,127320000.0,127478000.0,126880000.0,127111000.0,74.00597902
2025-12-29T14:00:00,127127000.0,128100000.0,126960000.0,127124000.0,87.07058066
2025-12-29T15:00:00,127124000.0,127750000.0,126916000.0,127542000.0,42.8206328
2025-12-29T16:00:00,127558000.0,127700000.0,127261000.0,127419000.0,15.18199
2025-12-29T17:00:00,127468000.0,127639000.0,127188000.0,127638000.0,12.67229122
2025-12-29T18:00:00,127633000.0,127860000.0,127200000.0,127299000.0,18.01595888
2025-12-29T19:00:00,127299000.0,127560000.0,127144000.0,127182000.0,16.22721923
2025-12-29T20:00:00,127180000.0,127499000.0,126909000.0,127210000.0,23.15024605
2025-12-29T21:00:00,127152000.0,127350000.0,126999000.0,127248000.0,13.17506918
2025-12-29T22:00:00,127245000.0,127299000.0,126998000.0,127277000.0,21.68658252
2025-12-29T23:00:00,127276000.0,127400000.0,127040000.0,127161000.0,24.21679361
2025-12-30T00:00:00,127161000.0,127165000.0,126563000.0,126790000.0,80.71246153
2025-12-30T01:00:00,126803000.0,126936000.0,126625000.0,126849000.0,54.06938442
2025-12-30T02:00:00,126849000.0,126944000.0,126563000.0,126649000.0,49.21663717
2025-12-30T03:00:00,126649000.0,127000000.0,126356000.0,126998000.0,84.44176204
2025-12-30T04:00:00,126998000.0,127021000.0,126700000.0,126820000.0,32.61314097
2025-12-30T05:00:00,126821000.0,126840000.0,126650000.0,126698000.0,26.51170029
2025-12-30T06:00:00,126698000.0,127368000.0,126655000.0,127317000.0,39.39315618
2025-12-30T07:00:00,127318000.0,127580000.0,127289000.0,127511000.0,34.42648227
2025-12-30T08:00:00,127511000.0,128301000.0,127509000.0,127890000.0,85.0174551
2025-12-30T09:00:00,127900000.0,128300000.0,127820000.0,128256000.0,42.24905626
2025-12-30T10:00:00,128202000.0,128484000.0,127830000.0,127864000.0,62.66624316
2025-12-30T11:00:00,127860000.0,128000000.0,127620000.0,127746000.0,36.04902937
2025-12-30T12:00:00,127746000.0,128152000.0,127746000.0,128001000.0,34.44818208
2025-12-30T13:00:00,128035000.0,128236000.0,127950000.0,128208000.0,41.70148889
2025-12-30T14:00:00,128207000.0,129201000.0,127960000.0,129096000.0,104.66629137
2025-12-30T15:00:00,129002000.0,129300000.0,128102000.0,129159000.0,88.52067534
2025-12-30T16:00:00,129159000.0,129602000.0,128587000.0,128776000.0,59.16142469
2025-12-30T17:00:00,128782000.0,128995000.0,128000000.0,128235000.0,30.76801597
2025-12-30T18:00:00,128235000.0,128389000.0,128040000.0,128284000.0,13.3918726
2025-12-30T19:00:00,128284000.0,128346000.0,127800000.0,128172000.0,13.64103552
2025-12-30T20:00:00,128172000.0,128172000.0,127670000.0,127717000.0,15.94220551
2025-12-30T21:00:00,127748000.0,128266000.0,127692000.0,128236000.0,16.90087789
2025-12-30T22:00:00,128236000.0,128500000.0,128229000.0,128379000.0,21.27352974
2025-12-30T23:00:00,128380000.0,128650000.0,128375000.0,128570000.0,25.81877004
2025-12-31T00:00:00,128570000.0,128570000.0,128240000.0,128247000.0,40.64904134
2025-12-31T01:00:00,128247000.0,128800000.0,128160000.0,128628000.0,42.09414487
2025-12-31T02:00:00,128628000.0,128790000.0,128526000.0,128750000.0,31.82472298
2025-12-31T03:00:00,128757000.0,128820000.0,128199000.0,128408000.0,40.24261907
2025-12-31T04:00:00,128408000.0,128568000.0,128239000.0,128251000.0,25.23755605
2025-12-31T05:00:00,128251000.0,128570000.0,128239000.0,128428000.0,22.51579414
2025-12-31T06:00:00,128501000.0,128733000.0,128428000.0,128588000.0,19.53402058
2025-12-31T07:00:00,128588000.0,128660000.0,128480000.0,128561000.0,28.08122595
2025-12-31T08:00:00,128560000.0,128806000.0,128460000.0,128521000.0,33.08915566
2025-12-31T09:00:00,128521000.0,128800000.0,128470000.0,128763000.0,33.66344634
2025-12-31T10:00:00,128789000.0,128977000.0,128764000.0,128977000.0,38.44180916
2025-12-31T11:00:00,128976000.0,129211000.0,128950000.0,129167000.0,43.24830868
2025-12-31T12:00:00,129167000.0,129190000.0,128742000.0,128799000.0,37.14289955
2025-12-31T13:00:00,128799000.0,129005000.0,128670000.0,129000000.0,52.72731902
2025-12-31T14:00:00,129000000.0,129129000.0,128160000.0,128336000.0,80.06586638
2025-12-31T15:00:00,128336000.0,128349000.0,127746000.0,128061000.0,76.61106379
2025-12-31T16:00:00,128061000.0,128262000.0,127501000.0,127868000.0,63.67939083
2025-12-31T17:00:00,127889000.0,127889000.0,127884000.0,127884000.0,0.00019547
2025-12-31T21:00:00,127884000.0,127973000.0,127868000.0,127973000.0,2.94645193
2025-12-31T22:00:00,127973000.0,128230000.0,127946000.0,128040000.0,23.00910784
2025-12-31T23:00:00,128040000.0,128125000.0,127983000.0,128067000.0,32.13488719
2026-01-01T00:00:00,128000000.0,128250000.0,127997000.0,128250000.0,32.67298117
2026-01-01T01:00:00,128250000.0,128500000.0,128100000.0,128480000.0,36.58132643
2026-01-01T02:00:00,128480000.0,128568000.0,128397000.0,128397000.0,21.89918228
2026-01-01T03:00:00,128397000.0,128536000.0,128354000.0,128355000.0,19.12379211
2026-01-01T04:00:00,128356000.0,128390000.0,127958000.0,127959000.0,36.50155792
2026-01-01T05:00:00,127959000.0,128141000.0,127928000.0,127992000.0,20.65150649
2026-01-01T06:00:00,128014000.0,128014000.0,127926000.0,127934000.0,21.91720359
2026-01-01T07:00:00,127934000.0,128036000.0,127864000.0,127904000.0,19.79679756
2026-01-01T08:00:00,127904000.0,128132000.0,127902000.0,128076000.0,12.90611226
2026-01-01T09:00:00,128076000.0,128256000.0,127988000.0,128143000.0,10.09318598
2026-01-01T10:00:00,128143000.0,128144000.0,127997000.0,128003000.0,12.08470048
2026-01-01T11:00:00,128003000.0,128143000.0,128002000.0,128139000.0,13.19501294
2026-01-01T12:00:00,128139000.0,128143000.0,128076000.0,128076000.0,16.3946547
2026-01-01T13:00:00,128076000.0,128089000.0,127929000.0,127991000.0,22.52088636
2026-01-01T14:00:00,127991000.0,128054000.0,127887000.0,127992000.0,22.53541703
2026-01-01T15:00:00,127993000.0,128126000.0,127991000.0,128032000.0,9.82797527
2026-01-01T16:00:00,128032000.0,128132000.0,127913000.0,128090000.0,14.93252733
2026-01-01T17:00:00,128123000.0,128625000.0,128001000.0,128329000.0,25.82285324
2026-01-01T18:00:00,128329000.0,128445000.0,128089000.0,128170000.0,4.94247428
2026-01-01T19:00:00,128243000.0,128492000.0,128082000.0,128365000.0,6.54206913
2026-01-01T20:00:00,128365000.0,128383000.0,128221000.0,128288000.0,4.75618542
2026-01-01T21:00:00,128340000.0,128496000.0,128191000.0,128385000.0,8.18264012
2026-01-01T22:00:00,128387000.0,128700000.0,128351000.0,128680000.0,34.7279887
2026-01-01T23:00:00,128645000.0,128943000.0,128500000.0,128830000.0,54.65867434
2026-01-02T00:00:00,128830000.0,128858000.0,128501000.0,128699000.0,41.99674667
2026-01-02T01:00:00,128774000.0,128831000.0,128480000.0,128594000.0,43.20026867
2026-01-02T02:00:00,128590000.0,128597000.0,128321000.0,128568000.0,28.75500418
2026-01-02T03:00:00,128569000.0,129166000.0,128435000.0,128966000.0,77.60253132
2026-01-02T04:00:00,129001000.0,129001000.0,128645000.0,128743000.0,38.64904408
2026-01-02T05:00:00,128743000.0,128893000.0,128636000.0,128889000.0,26.991642
2026-01-02T06:00:00,128889000.0,129199000.0,128848000.0,129167000.0,40.99185129
2026-01-02T07:00:00,129174000.0,129200000.0,128801000.0,128911000.0,44.45940926
2026-01-02T08:00:00,128911000.0,129461000.0,128909000.0,129393000.0,52.54520105
2026-01-02T09:00:00,129393000.0,129800000.0,129380000.0,129776000.0,65.04335013
2026-01-02T10:00:00,129776000.0,130446000.0,129776000.0,130100000.0,140.43407639
2026-01-02T11:00:00,130100000.0,130100000.0,129580000.0,129893000.0,53.22179004
2026-01-02T12:00:00,129893000.0,130000000.0,129765000.0,129863000.0,41.47786488
2026-01-02T13:00:00,129863000.0,130060000.0,129614000.0,129648000.0,35.4836853
2026-01-02T14:00:00,129648000.0,130550000.0,128550000.0,129899000.0,190.41097755
2026-01-02T15:00:00,129899000.0,130186000.0,128900000.0,129457000.0,111.90214324
2026-01-02T16:00:00,129493000.0,131201000.0,129222000.0,130697000.0,154.90251873
2026-01-02T17:00:00,130798000.0,131400000.0,130500000.0,130665000.0,75.94328985
2026-01-02T18:00:00,130665000.0,130900000.0,129660000.0,129894000.0,39.26854671
2026-01-02T19:00:00,129961000.0,130413000.0,129785000.0,129972000.0,26.13152706
2026-01-02T20:00:00,129987000.0,130200000.0,129701000.0,129848000.0,32.28366684
2026-01-02T21:00:00,129893000.0,130387000.0,129798000.0,130262000.0,34.39599464
2026-01-02T22:00:00,130262000.0,130600000.0,130175000.0,130286000.0,60.25695422
2026-01-02T23:00:00,130362000.0,130443000.0,130001000.0,130150000.0,46.89166881
2026-01-03T00:00:00,130151000.0,130764000.0,130072000.0,130610000.0,65.97089807
2026-01-03T01:00:00,130610000.0,130894000.0,130564000.0,130873000.0,49.15087539
2026-01-03T02:00:00,130873000.0,130995000.0,130700000.0,130957000.0,42.77997787
2026-01-03T03:00:00,130958000.0,130958000.0,130710000.0,130842000.0,24.48265891
2026-01-03T04:00:00,130842000.0,130956000.0,130562000.0,130640000.0,36.08009514
2026-01-03T05:00:00,130640000.0,130640000.0,130172000.0,130397000.0,32.6778105
2026-01-03T06:00:00,130397000.0,130518000.0,130030000.0,130070000.0,40.03744498
2026-01-03T07:00:00,130068000.0,130151000.0,129290000.0,129488000.0,106.95760802
2026-01-03T08:00:00,129488000.0,130055000.0,129430000.0,129873000.0,53.53446434
2026-01-03T09:00:00,129870000.0,130199000.0,129707000.0,130007000.0,24.59603984
2026-01-03T10:00:00,130004000.0,130100000.0,129830000.0,130035000.0,14.99241265
2026-01-03T11:00:00,130044000.0,130044000.0,129830000.0,129907000.0,14.38855236
2026-01-03T12:00:00,129907000.0,130291000.0,129841000.0,130291000.0,20.84306372
2026-01-03T13:00:00,130288000.0,130399000.0,130232000.0,130398000.0,25.70873447
2026-01-03T14:00:00,130393000.0,130700000.0,130253000.0,130403000.0,38.76927588
2026-01-03T15:00:00,130419000.0,130480000.0,130144000.0,130291000.0,21.04351509
2026-01-03T16:00:00,130290000.0,130605000.0,130144000.0,130398000.0,27.36882065
2026-01-03T17:00:00,130506000.0,130510000.0,130373000.0,130454000.0,4.82462042
2026-01-03T18:00:00,130454000.0,130511000.0,130372000.0,130436000.0,3.09986438
2026-01-03T19:00:00,130499000.0,130510000.0,130361000.0,130425000.0,6.10179157
2026-01-03T20:00:00,130425000.0,130660000.0,130331000.0,130660000.0,13.00037793
2026-01-03T21:00:00,130660000.0,131088000.0,130600000.0,130906000.0,51.78882311
2026-01-03T22:00:00,130906000.0,131050000.0,130736000.0,131005000.0,24.44045054
2026-01-03T23:00:00,131004000.0,131103000.0,130887000.0,131077000.0,35.232524
2026-01-04T00:00:00,131077000.0,132200000.0,131060000.0,131912000.0,154.61223472
2026-01-04T01:00:00,131913000.0,132244000.0,131738000.0,132001000.0,64.15550597
2026-01-04T02:00:00,132003000.0,132086000.0,131802000.0,131808000.0,40.16945176
2026-01-04T03:00:00,131808000.0,132111000.0,131800000.0,132050000.0,38.27105093
2026-01-04T04:00:00,132074000.0,132498000.0,132002000.0,132289000.0,75.52445491
2026-01-04T05:00:00,132289000.0,132461000.0,132170000.0,132415000.0,31.01667053
2026-01-04T06:00:00,132415000.0,132880000.0,132232000.0,132250000.0,109.78375593
2026-01-04T07:00:00,132249000.0,132459000.0,132100000.0,132452000.0,35.51708606
2026-01-04T08:00:00,132450000.0,132452000.0,132100000.0,132165000.0,37.57027706
2026-01-04T09:00:00,132199000.0,132300000.0,132133000.0,132287000.0,20.35676951
2026-01-04T10:00:00,132300000.0,132630000.0,132288000.0,132628000.0,33.08084592
2026-01-04T11:00:00,132628000.0,132630000.0,132099000.0,132105000.0,37.90072364
2026-01-04T12:00:00,132105000.0,132250000.0,131753000.0,131918000.0,62.13137434
2026-01-04T13:00:00,131918000.0,132099000.0,131819000.0,132002000.0,34.77872477
2026-01-04T14:00:00,132002000.0,132253000.0,131873000.0,132101000.0,34.52410601
2026-01-04T15:00:00,132101000.0,132101000.0,131838000.0,132095000.0,20.85896827
2026-01-04T16:00:00,132095000.0,132200000.0,131900000.0,132120000.0,13.9201671
2026-01-04T17:00:00,132121000.0,132250000.0,132051000.0,132210000.0,11.13457176
2026-01-04T18:00:00,132214000.0,132240000.0,131754000.0,131846000.0,15.76987891
2026-01-04T19:00:00,131970000.0,131974000.0,131621000.0,131961000.0,11.94331881
2026-01-04T20:00:00,131965000.0,132164000.0,131882000.0,132077000.0,9.66822949
2026-01-04T21:00:00,132156000.0,132250000.0,132000000.0,132003000.0,14.73176333
2026-01-04T22:00:00,132004000.0,132125000.0,131884000.0,131901000.0,19.35259893
2026-01-04T23:00:00,131950000.0,132386000.0,131911000.0,132386000.0,36.96654021
2026-01-05T00:00:00,132386000.0,133998000.0,132364000.0,133921000.0,179.38760227
2026-01-05T01:00:00,133920000.0,135000000.0,133800000.0,134688000.0,289.72007166
2026-01-05T02:00:00,134688000.0,134981000.0,134567000.0,134980000.0,106.60192476
2026-01-05T03:00:00,134981000.0,135166000.0,134758000.0,134882000.0,90.65743793
2026-01-05T04:00:00,134882000.0,134899000.0,134156000.0,134583000.0,92.37657709
2026-01-05T05:00:00,134592000.0,134600000.0,134093000.0,134094000.0,36.76378042
2026-01-05T06:00:00,134093000.0,134247000.0,133700000.0,134218000.0,75.53761902
2026-01-05T07:00:00,134218000.0,134387000.0,134217000.0,134260000.0,30.51872671
2026-01-05T08:00:00,134266000.0,134638000.0,134248000.0,134395000.0,50.53503737
2026-01-05T09:00:00,134395000.0,134868000.0,134240000.0,134797000.0,42.20845546
2026-01-05T10:00:00,134751000.0,135486000.0,134745000.0,135438000.0,78.16627709
2026-01-05T11:00:00,135436000.0,135600000.0,135075000.0,135592000.0,78.88921829
2026-01-05T12:00:00,135592000.0,135742000.0,134973000.0,135132000.0,105.66042159
2026-01-05T13:00:00,135132000.0,135393000.0,134735000.0,135066000.0,70.64309899
2026-01-05T14:00:00,135066000.0,136110000.0,134702000.0,135859000.0,139.51212406
2026-01-05T15:00:00,135859000.0,136498000.0,135631000.0,136497000.0,108.27014399
2026-01-05T16:00:00,136497000.0,136620000.0,136100000.0,136294000.0,74.74180394
2026-01-05T17:00:00,136147000.0,136918000.0,135694000.0,136904000.0,64.04784244
2026-01-05T18:00:00,136879000.0,136930000.0,136199000.0,136898000.0,45.71226926
2026-01-05T19:00:00,136889000.0,136898000.0,136453000.0,136604000.0,32.18119631
2026-01-05T20:00:00,136604000.0,136950000.0,136005000.0,136158000.0,71.4431967
2026-01-05T21:00:00,136258000.0,136363000.0,135762000.0,136264000.0,68.59010235
2026-01-05T22:00:00,136262000.0,136700000.0,136112000.0,136400000.0,64.15847201
2026-01-05T23:00:00,136400000.0,136405000.0,136062000.0,136074000.0,69.95106367
2026-01-06T00:00:00,136074000.0,136354000.0,135200000.0,135800000.0,180.93484598
2026-01-06T01:00:00,135800000.0,136405000.0,135750000.0,135893000.0,99.23952199
2026-01-06T02:00:00,135894000.0,135997000.0,135500000.0,135711000.0,57.69981395
2026-01-06T03:00:00,135711000.0,135950000.0,135569000.0,135702000.0,43.27358695
2026-01-06T04:00:00,135702000.0,136000000.0,135673000.0,135801000.0,46.34656962
2026-01-06T05:00:00,135801000.0,135801000.0,135500000.0,135503000.0,34.85225038
2026-01-06T06:00:00,135503000.0,136001000.0,135502000.0,135874000.0,40.3365022
2026-01-06T07:00:00,135878000.0,135878000.0,134762000.0,135001000.0,138.35450915
2026-01-06T08:00:00,135002000.0,135270000.0,134885000.0,135031000.0,50.14901707
2026-01-06T09:00:00,135031000.0,135670000.0,134980000.0,135542000.0,35.84024221
2026-01-06T10:00:00,135543000.0,135786000.0,135456000.0,135672000.0,28.47177035
2026-01-06T11:00:00,135700000.0,136212000.0,135672000.0,136174000.0,50.83612935
2026-01-06T12:00:00,136150000.0,136481000.0,136000000.0,136055000.0,64.35002885
2026-01-06T13:00:00,136075000.0,136134000.0,135723000.0,135869000.0,41.12121213
2026-01-06T14:00:00,135875000.0,136800000.0,135735000.0,136078000.0,117.88436622
2026-01-06T15:00:00,136119000.0,136668000.0,135600000.0,135876000.0,83.78300962
2026-01-06T16:00:00,135896000.0,136100000.0,134501000.0,134904000.0,129.86929855
2026-01-06T17:00:00,134986000.0,135078000.0,133500000.0,133539000.0,120.24803342
2026-01-06T18:00:00,133539000.0,134400000.0,133182000.0,134160000.0,69.46991093
2026-01-06T19:00:00,134160000.0,134400000.0,133979000.0,134270000.0,40.70752907
2026-01-06T20:00:00,134269000.0,134800000.0,134201000.0,134539000.0,36.59549754
2026-01-06T21:00:00,134552000.0,136100000.0,134348000.0,135276000.0,84.77489928
2026-01-06T22:00:00,135296000.0,135600000.0,134913000.0,135500000.0,41.09814669
2026-01-06T23:00:00,135519000.0,136300000.0,135451000.0,136299000.0,64.37106101
2026-01-07T00:00:00,136299000.0,136299000.0,134700000.0,134717000.0,95.25546224
2026-01-07T01:00:00,134718000.0,135125000.0,134226000.0,134351000.0,127.34383574
2026-01-07T02:00:00,134351000.0,135167000.0,134119000.0,135163000.0,57.77218633
2026-01-07T03:00:00,135167000.0,135172000.0,134710000.0,134732000.0,34.5372899
2026-01-07T04:00:00,134732000.0,134821000.0,134400000.0,134460000.0,38.39973612
2026-01-07T05:00:00,134520000.0,134713000.0,134354000.0,134401000.0,26.75763542
2026-01-07T06:00:00,134414000.0,134821000.0,134374000.0,134551000.0,25.75181885
2026-01-07T07:00:00,134585000.0,134900000.0,134550000.0,134847000.0,22.1252187
2026-01-07T08:00:00,134900000.0,135064000.0,134612000.0,134721000.0,28.06608537
2026-01-07T09:00:00,134722000.0,134727000.0,133600000.0,133949000.0,119.34469131
2026-01-07T10:00:00,133949000.0,134077000.0,133690000.0,133999000.0,46.46458577
2026-01-07T11:00:00,134016000.0,134445000.0,133999000.0,134206000.0,33.83163882
2026-01-07T12:00:00,134209000.0,134300000.0,134001000.0,134072000.0,24.38290041
2026-01-07T13:00:00,134072000.0,134239000.0,133800000.0,134108000.0,63.00709083
2026-01-07T14:00:00,134108000.0,134140000.0,133375000.0,133959000.0,100.46665169
2026-01-07T15:00:00,134000000.0,134000000.0,132899000.0,133134000.0,146.83521227
2026-01-07T16:00:00,133134000.0,133599000.0,132940000.0,133049000.0,38.02340357
2026-01-07T17:00:00,133049000.0,133588000.0,132800000.0,133190000.0,29.4541641
2026-01-07T18:00:00,133126000.0,133477000.0,132627000.0,132852000.0,36.16679637
2026-01-07T19:00:00,132748000.0,133072000.0,132500000.0,132928000.0,47.54059458
2026-01-07T20:00:00,132928000.0,133038000.0,132500000.0,132907000.0,25.04620122
2026-01-07T21:00:00,132904000.0,133113000.0,132861000.0,132962000.0,30.21224887
2026-01-07T22:00:00,132903000.0,133149000.0,132650000.0,133090000.0,52.45415146
2026-01-07T23:00:00,133090000.0,133151000.0,132771000.0,132939000.0,54.52253326
2026-01-08T00:00:00,132939000.0,133139000.0,132364000.0,132935000.0,95.69962743
2026-01-08T01:00:00,132935000.0,133515000.0,132831000.0,133420000.0,67.0654325
2026-01-08T02:00:00,133420000.0,133437000.0,132600000.0,132760000.0,46.2539343
2026-01-08T03:00:00,132760000.0,132994000.0,132300000.0,132322000.0,44.60302386
2026-01-08T04:00:00,132329000.0,132836000.0,132300000.0,132704000.0,43.68106349
2026-01-08T05:00:00,132703000.0,132978000.0,132451000.0,132564000.0,47.98644239
2026-01-08T06:00:00,132564000.0,132564000.0,131255000.0,131256000.0,165.15476805
2026-01-08T07:00:00,131310000.0,132307000.0,131072000.0,132215000.0,82.38187951
2026-01-08T08:00:00,132139000.0,132436000.0,131699000.0,131763000.0,51.04410954
2026-01-08T09:00:00,131763000.0,131996000.0,131435000.0,131469000.0,35.42807398
2026-01-08T10:00:00,131451000.0,132059000.0,131110000.0,131921000.0,47.23409565
2026-01-08T11:00:00,131922000.0,132044000.0,131499000.0,131781000.0,26.45536701
2026-01-08T12:00:00,131780000.0,131781000.0,131117000.0,131281000.0,56.42070366
2026-01-08T13:00:00,131281000.0,131584000.0,131250000.0,131557000.0,34.20340614
2026-01-08T14:00:00,131549000.0,131635000.0,130777000.0,131550000.0,90.51374142
2026-01-08T15:00:00,131550000.0,132755000.0,131357000.0,132755000.0,63.96454148
2026-01-08T16:00:00,132755000.0,132850000.0,132000000.0,132738000.0,28.53989642
2026-01-08T17:00:00,132738000.0,133407000.0,132686000.0,133330000.0,36.57346343
2026-01-08T18:00:00,133317000.0,133390000.0,132700000.0,132902000.0,21.92079208
2026-01-08T19:00:00,132902000.0,133257000.0,132713000.0,132739000.0,13.48188083
2026-01-08T20:00:00,132860000.0,133148000.0,132521000.0,133091000.0,15.45443962
2026-01-08T21:00:00,133091000.0,133515000.0,133025000.0,133512000.0,30.04048851
2026-01-08T22:00:00,133512000.0,133750000.0,133201000.0,133422000.0,36.30096289
2026-01-08T23:00:00,133422000.0,133597000.0,133129000.0,133174000.0,34.68886832
2026-01-09T00:00:00,133200000.0,133560000.0,133071000.0,133559000.0,38.99528815
2026-01-09T01:00:00,133559000.0,133896000.0,132800000.0,133002000.0,63.27907388
2026-01-09T02:00:00,133002000.0,133580000.0,132945000.0,133154000.0,30.75730419
2026-01-09T03:00:00,133154000.0,133457000.0,132998000.0,133368000.0,19.7379054
2026-01-09T04:00:00,133368000.0,133378000.0,133051000.0,133228000.0,17.85026734
2026-01-09T05:00:00,133228000.0,133330000.0,133100000.0,133205000.0,18.55895701
2026-01-09T06:00:00,133226000.0,133334000.0,133204000.0,133334000.0,15.00797146
2026-01-09T07:00:00,133334000.0,133346000.0,133000000.0,133000000.0,16.33742133
2026-01-09T08:00:00,133000000.0,133064000.0,131770000.0,132201000.0,79.31992128
2026-01-09T09:00:00,132220000.0,132607000.0,132084000.0,132563000.0,23.37576094
2026-01-09T10:00:00,132563000.0,132900000.0,132449000.0,132779000.0,21.66895979
2026-01-09T11:00:00,132779000.0,132918000.0,132640000.0,132660000.0,21.92433544
2026-01-09T12:00:00,132660000.0,132918000.0,132392000.0,132747000.0,29.66901768
2026-01-09T13:00:00,132799000.0,133300000.0,132746000.0,133115000.0,37.53673088
2026-01-09T14:00:00,133115000.0,133115000.0,132229000.0,132549000.0,36.1153766
2026-01-09T15:00:00,132631000.0,134809000.0,132173000.0,133876000.0,178.59926597
2026-01-09T16:00:00,133899000.0,134469000.0,133794000.0,134374000.0,51.27718243
2026-01-09T17:00:00,134375000.0,134408000.0,133650000.0,134301000.0,25.64367303
2026-01-09T18:00:00,134312000.0,134377000.0,133000000.0,133543000.0,36.99905324
2026-01-09T19:00:00,133606000.0,133680000.0,132938000.0,133176000.0,22.01077519
2026-01-09T20:00:00,133176000.0,133500000.0,133017000.0,133112000.0,14.8976066
2026-01-09T21:00:00,133112000.0,133472000.0,132932000.0,133399000.0,9.29908356
2026-01-09T22:00:00,133399000.0,133499000.0,133151000.0,133483000.0,17.56835575
2026-01-09T23:00:00,133483000.0,133577000.0,133353000.0,133451000.0,13.20471808
2026-01-10T00:00:00,133449000.0,133574000.0,133261000.0,133402000.0,23.60023229
2026-01-10T01:00:00,133405000.0,133628000.0,133347000.0,133603000.0,14.42848465
2026-01-10T02:00:00,133603000.0,133671000.0,133450000.0,133499000.0,14.77787278
2026-01-10T03:00:00,133499000.0,133565000.0,133406000.0,133497000.0,17.89790632
2026-01-10T04:00:00,133498000.0,133500000.0,133309000.0,133339000.0,12.4278569
2026-01-10T05:00:00,133339000.0,133430000.0,133200000.0,133427000.0,12.12905381
2026-01-10T06:00:00,133427000.0,133500000.0,133350000.0,133393000.0,9.14155649
2026-01-10T07:00:00,133393000.0,133530000.0,133389000.0,133529000.0,11.30103956
2026-01-10T08:00:00,133529000.0,133667000.0,133518000.0,133620000.0,17.36992415
2026-01-10T09:00:00,133667000.0,133783000.0,133595000.0,133783000.0,13.9460308
2026-01-10T10:00:00,133783000.0,133895000.0,133740000.0,133874000.0,15.47236096
2026-01-10T11:00:00,133878000.0,133878000.0,133691000.0,133699000.0,14.07292209
2026-01-10T12:00:00,133699000.0,133754000.0,133647000.0,133739000.0,11.0027304
2026-01-10T13:00:00,133739000.0,133790000.0,133650000.0,133690000.0,14.89825425
2026-01-10T14:00:00,133690000.0,133690000.0,133499000.0,133511000.0,15.40737678
2026-01-10T15:00:00,133524000.0,133620000.0,133505000.0,133609000.0,7.46969154
2026-01-10T16:00:00,133609000.0,133697000.0,133604000.0,133643000.0,4.40538723
2026-01-10T17:00:00,133643000.0,133657000.0,133547000.0,133547000.0,6.51671451
2026-01-10T18:00:00,133547000.0,133599000.0,133516000.0,133599000.0,3.35643252
2026-01-10T19:00:00,133563000.0,133634000.0,133443000.0,133500000.0,8.63495288
2026-01-10T20:00:00,133490000.0,133633000.0,133409000.0,133500000.0,3.37496741
2026-01-10T21:00:00,133452000.0,133500000.0,133400000.0,133459000.0,4.95104847
2026-01-10T22:00:00,133446000.0,133564000.0,133300000.0,133449000.0,16.79736216
2026-01-10T23:00:00,133400000.0,133560000.0,133329000.0,133503000.0,11.04233916
2026-01-11T00:00:00,133503000.0,133700000.0,133350000.0,133694000.0,16.11897085
2026-01-11T01:00:00,133694000.0,133700000.0,133600000.0,133657000.0,11.66515379
2026-01-11T02:00:00,133657000.0,133797000.0,133611000.0,133711000.0,15.44139697
2026-01-11T03:00:00,133711000.0,133711000.0,133610000.0,133628000.0,12.27297201
2026-01-11T04:00:00,133628000.0,133701000.0,133602000.0,133701000.0,13.59908878
2026-01-11T05:00:00,133701000.0,133844000.0,133700000.0,133716000.0,16.93010037
2026-01-11T06:00:00,133716000.0,133717000.0,133537000.0,133621000.0,14.22800552
2026-01-11T07:00:00,133620000.0,133660000.0,133564000.0,133577000.0,11.8862482
2026-01-11T08:00:00,133577000.0,133760000.0,133545000.0,133699000.0,16.29434192
2026-01-11T09:00:00,133700000.0,133743000.0,133540000.0,133587000.0,11.65807405
2026-01-11T10:00:00,133588000.0,133662000.0,133491000.0,133496000.0,11.54806425
2026-01-11T11:00:00,133496000.0,133496000.0,133369000.0,133399000.0,19.59661207
2026-01-11T12:00:00,133399000.0,133699000.0,133365000.0,133689000.0,25.49031598
2026-01-11T13:00:00,133690000.0,133700000.0,133548000.0,133635000.0,16.53310052
2026-01-11T14:00:00,133637000.0,133900000.0,133630000.0,133899000.0,25.82010716
2026-01-11T15:00:00,133900000.0,133900000.0,133537000.0,133679000.0,17.02099783
2026-01-11T16:00:00,133679000.0,134250000.0,133626000.0,133980000.0,35.94086507
2026-01-11T17:00:00,133990000.0,134091000.0,133800000.0,133867000.0,8.01313742
2026-01-11T18:00:00,133867000.0,133868000.0,133505000.0,133629000.0,12.38166928
2026-01-11T19:00:00,133630000.0,133650000.0,133500000.0,133509000.0,5.21481529
2026-01-11T20:00:00,133515000.0,133756000.0,133300000.0,133745000.0,18.43344902
2026-01-11T21:00:00,133744000.0,133809000.0,133479000.0,133791000.0,14.23630323
2026-01-11T22:00:00,133791000.0,133791000.0,133385000.0,133444000.0,17.4332466
2026-01-11T23:00:00,133446000.0,134122000.0,133106000.0,133702000.0,53.73978834
2026-01-12T00:00:00,133751000.0,134225000.0,133560000.0,134200000.0,75.91851889
2026-01-12T01:00:00,134200000.0,134970000.0,133952000.0,134565000.0,115.2241217
2026-01-12T02:00:00,134500000.0,135800000.0,134500000.0,135596000.0,123.00421254
2026-01-12T03:00:00,135596000.0,136000000.0,135152000.0,135249000.0,110.3103756
2026-01-12T04:00:00,135249000.0,135909000.0,135150000.0,135816000.0,50.46095287
2026-01-12T05:00:00,135816000.0,135895000.0,135523000.0,135662000.0,57.8907397
2026-01-12T06:00:00,135653000.0,135753000.0,135150000.0,135198000.0,46.2669668
2026-01-12T07:00:00,135199000.0,135387000.0,134644000.0,134646000.0,72.62014889
2026-01-12T08:00:00,134646000.0,135002000.0,133567000.0,134042000.0,143.07059117
2026-01-12T09:00:00,134028000.0,134152000.0,133748000.0,133846000.0,38.43890001
2026-01-12T10:00:00,133847000.0,133981000.0,133370000.0,133373000.0,44.17265808
2026-01-12T11:00:00,133380000.0,133990000.0,133286000.0,133929000.0,34.21033357
2026-01-12T12:00:00,133900000.0,134103000.0,133758000.0,133993000.0,27.56933269
2026-01-12T13:00:00,133992000.0,134000000.0,133704000.0,133799000.0,26.87371305
2026-01-12T14:00:00,133802000.0,134299000.0,133200000.0,134019000.0,85.18303909
2026-01-12T15:00:00,134033000.0,134845000.0,133750000.0,134826000.0,45.60558903
2026-01-12T16:00:00,134826000.0,135642000.0,134754000.0,135408000.0,71.11130857
2026-01-12T17:00:00,135449000.0,135638000.0,134100000.0,134711000.0,44.65393378
2026-01-12T18:00:00,134821000.0,135250000.0,134615000.0,134972000.0,15.16188388
2026-01-12T19:00:00,134982000.0,135187000.0,134661000.0,135117000.0,8.64505023
2026-01-12T20:00:00,135183000.0,135400000.0,134600000.0,134700000.0,15.40197644
2026-01-12T21:00:00,134700000.0,134762000.0,134110000.0,134253000.0,20.17376574
2026-01-12T22:00:00,134378000.0,134812000.0,134234000.0,134545000.0,23.09326701
2026-01-12T23:00:00,134544000.0,134649000.0,134400000.0,134602000.0,19.96961983
2026-01-13T00:00:00,134602000.0,135000000.0,134580000.0,134977000.0,52.46721901
2026-01-13T01:00:00,134977000.0,135061000.0,134321000.0,134578000.0,50.19439343
2026-01-13T02:00:00,134578000.0,134730000.0,134471000.0,134532000.0,29.42941847
2026-01-13T03:00:00,134532000.0,134855000.0,134500000.0,134853000.0,30.56847456
2026-01-13T04:00:00,134851000.0,135251000.0,134800000.0,135000000.0,36.26083068
2026-01-13T05:00:00,135000000.0,135904000.0,134944000.0,135552000.0,109.92337465
2026-01-13T06:00:00,135552000.0,135948000.0,135332000.0,135920000.0,60.82222013
2026-01-13T07:00:00,135920000.0,135921000.0,135492000.0,135580000.0,42.01889691
2026-01-13T08:00:00,135580000.0,135870000.0,135521000.0,135783000.0,32.7465162
2026-01-13T09:00:00,135783000.0,136450000.0,135543000.0,135898000.0,112.22529764
2026-01-13T10:00:00,135898000.0,136000000.0,135600000.0,135704000.0,32.4525523
2026-01-13T11:00:00,135704000.0,135951000.0,135517000.0,135541000.0,30.66939533
2026-01-13T12:00:00,135539000.0,135840000.0,135518000.0,135777000.0,21.99429641
2026-01-13T13:00:00,135777000.0,136339000.0,135668000.0,135765000.0,82.64083894
2026-01-13T14:00:00,135765000.0,136616000.0,135400000.0,136030000.0,132.43750688
2026-01-13T15:00:00,136025000.0,137342000.0,135775000.0,137342000.0,140.56983697
2026-01-13T16:00:00,137337000.0,137736000.0,136900000.0,137299000.0,123.14858248
2026-01-13T17:00:00,137302000.0,137456000.0,137000000.0,137087000.0,32.06066002
2026-01-13T18:00:00,137087000.0,137736000.0,137000000.0,137508000.0,34.41715262
2026-01-13T19:00:00,137580000.0,138205000.0,137403000.0,138204000.0,57.05947637
2026-01-13T20:00:00,138204000.0,138662000.0,138096000.0,138643000.0,89.44508167
2026-01-13T21:00:00,138643000.0,138700000.0,138100000.0,138226000.0,60.96981017
2026-01-13T22:00:00,138227000.0,140470000.0,138070000.0,140302000.0,354.3261519
2026-01-13T23:00:00,140302000.0,140670000.0,139290000.0,139968000.0,211.2810684
2026-01-14T00:00:00,139946000.0,140500000.0,139600000.0,139694000.0,168.3397042
2026-01-14T01:00:00,139695000.0,140291000.0,139500000.0,139859000.0,111.75099383
2026-01-14T02:00:00,139856000.0,140327000.0,139822000.0,140081000.0,62.42626854
2026-01-14T03:00:00,140081000.0,140493000.0,140080000.0,140493000.0,44.95490826
2026-01-14T04:00:00,140490000.0,140500000.0,140039000.0,140044000.0,54.31695895
2026-01-14T05:00:00,140043000.0,140044000.0,139613000.0,139614000.0,89.98944308
2026-01-14T06:00:00,139614000.0,139614000.0,138800000.0,139485000.0,121.56082101
2026-01-14T07:00:00,139572000.0,139690000.0,139235000.0,139679000.0,56.0301251
2026-01-14T08:00:00,139680000.0,139909000.0,139289000.0,139308000.0,32.55825712
2026-01-14T09:00:00,139309000.0,139690000.0,139280000.0,139425000.0,24.09695604
2026-01-14T10:00:00,139425000.0,139900000.0,139286000.0,139685000.0,58.59646204
2026-01-14T11:00:00,139685000.0,139900000.0,139000000.0,139003000.0,55.53384463
2026-01-14T12:00:00,139003000.0,139649000.0,138900000.0,139544000.0,66.90806045
2026-01-14T13:00:00,139546000.0,139944000.0,139392000.0,139542000.0,42.87177809
2026-01-14T14:00:00,139569000.0,141651000.0,139495000.0,141234000.0,211.8676034
2026-01-14T15:00:00,141234000.0,142000000.0,140983000.0,141603000.0,194.83387315
2026-01-14T16:00:00,141601000.0,142633000.0,141588000.0,142250000.0,138.01583821
2026-01-14T17:00:00,142250000.0,142856000.0,141726000.0,141926000.0,81.30005112
2026-01-14T18:00:00,141926000.0,142092000.0,141150000.0,141850000.0,43.86901828
2026-01-14T19:00:00,141851000.0,142750000.0,141600000.0,142300000.0,36.38845718
2026-01-14T20:00:00,142332000.0,143050000.0,142300000.0,142961000.0,80.87043851
2026-01-14T21:00:00,142961000.0,143001000.0,142700000.0,142952000.0,58.36746146
2026-01-14T22:00:00,142952000.0,142952000.0,142000000.0,142044000.0,83.73151937
2026-01-14T23:00:00,142044000.0,142615000.0,142002000.0,142160000.0,61.69826551
2026-01-15T00:00:00,142160000.0,142160000.0,141300000.0,141496000.0,93.68878743
2026-01-15T01:00:00,141496000.0,141999000.0,141280000.0,141422000.0,87.22696557
2026-01-15T02:00:00,141423000.0,141727000.0,141260000.0,141453000.0,58.41573587
2026-01-15T03:00:00,141446000.0,141550000.0,140730000.0,140939000.0,102.54834943
2026-01-15T04:00:00,140939000.0,141459000.0,140898000.0,141376000.0,54.18997573
2026-01-15T05:00:00,141376000.0,141672000.0,141302000.0,141614000.0,46.39406227
2026-01-15T06:00:00,141614000.0,141837000.0,141348000.0,141442000.0,33.40996592
2026-01-15T07:00:00,141443000.0,141997000.0,141357000.0,141826000.0,28.73198517
2026-01-15T08:00:00,141826000.0,141950000.0,141502000.0,141917000.0,34.73694991
2026-01-15T09:00:00,141918000.0,142815000.0,141738000.0,142669000.0,102.01187841
2026-01-15T10:00:00,142668000.0,142674000.0,142139000.0,142237000.0,56.17325946
2026-01-15T11:00:00,142237000.0,142298000.0,141653000.0,141774000.0,57.50751647
2026-01-15T12:00:00,141726000.0,142500000.0,141726000.0,142478000.0,40.36713967
2026-01-15T13:00:00,142478000.0,142507000.0,142010000.0,142262000.0,69.5072613
2026-01-15T14:00:00,142262000.0,142500000.0,140700000.0,141358000.0,151.04673962
2026-01-15T15:00:00,141316000.0,142366000.0,140600000.0,142366000.0,109.55255758
2026-01-15T16:00:00,142366000.0,142500000.0,141698000.0,142148000.0,52.62577986
2026-01-15T17:00:00,142262000.0,142578000.0,141799000.0,142065000.0,39.16366075
2026-01-15T18:00:00,141980000.0,142125000.0,141010000.0,141332000.0,40.25009057
2026-01-15T19:00:00,141330000.0,141493000.0,140500000.0,140809000.0,50.46777207
2026-01-15T20:00:00,140807000.0,141055000.0,140400000.0,140440000.0,39.71511051
2026-01-15T21:00:00,140536000.0,141062000.0,140443000.0,140999000.0,30.9985989
2026-01-15T22:00:00,141000000.0,141400000.0,140858000.0,140858000.0,29.22044007
2026-01-15T23:00:00,140878000.0,141071000.0,140749000.0,140907000.0,31.19136496
2026-01-16T00:00:00,140907000.0,141346000.0,140888000.0,141145000.0,48.53868407
2026-01-16T01:00:00,141147000.0,141148000.0,140588000.0,141044000.0,60.70303759
2026-01-16T02:00:00,141006000.0,141051000.0,140500000.0,140753000.0,44.68340655
2026-01-16T03:00:00,140753000.0,140826000.0,140436000.0,140438000.0,41.6905266
2026-01-16T04:00:00,140437000.0,140698000.0,140175000.0,140300000.0,74.71676434
2026-01-16T05:00:00,140300000.0,140900000.0,140164000.0,140897000.0,42.21200001
2026-01-16T06:00:00,140898000.0,141107000.0,140760000.0,141100000.0,49.01830231
2026-01-16T07:00:00,141107000.0,141155000.0,140735000.0,141031000.0,37.25971245
2026-01-16T08:00:00,141031000.0,141322000.0,140907000.0,141205000.0,31.42578187
2026-01-16T09:00:00,141205000.0,141281000.0,141053000.0,141091000.0,26.51848545
2026-01-16T10:00:00,141053000.0,141091000.0,140596000.0,140599000.0,28.61733254
2026-01-16T11:00:00,140599000.0,140873000.0,140522000.0,140804000.0,28.15970874
2026-01-16T12:00:00,140801000.0,140971000.0,140742000.0,140857000.0,17.92685517
2026-01-16T13:00:00,140855000.0,141100000.0,140690000.0,140938000.0,24.12062014
2026-01-16T14:00:00,140934000.0,141313000.0,140627000.0,140701000.0,46.57163691
2026-01-16T15:00:00,140651000.0,141297000.0,139800000.0,140111000.0,158.69888027
2026-01-16T16:00:00,140197000.0,140512000.0,140000000.0,140399000.0,24.96872628
2026-01-16T17:00:00,140396000.0,140575000.0,139960000.0,140487000.0,14.2716032
2026-01-16T18:00:00,140487000.0,140691000.0,140405000.0,140462000.0,8.7463146
2026-01-16T19:00:00,140462000.0,140515000.0,140280000.0,140358000.0,5.17638841
2026-01-16T20:00:00,140314000.0,140951000.0,140012000.0,140951000.0,24.10510709
2026-01-16T21:00:00,140952000.0,141000000.0,140700000.0,140885000.0,20.95690056
2026-01-16T22:00:00,140885000.0,140989000.0,140700000.0,140975000.0,16.70539676
2026-01-16T23:00:00,140974000.0,141100000.0,140948000.0,141083000.0,20.87159771
2026-01-17T00:00:00,141087000.0,141250000.0,140991000.0,141149000.0,36.93852045
2026-01-17T01:00:00,141149000.0,141220000.0,141000000.0,141049000.0,22.20146617
2026-01-17T02:00:00,141049000.0,141049000.0,140800000.0,140921000.0,26.17605094
2026-01-17T03:00:00,140921000.0,140993000.0,140780000.0,140905000.0,16.34277526
2026-01-17T04:00:00,140905000.0,140982000.0,140773000.0,140774000.0,18.13641046
2026-01-17T05:00:00,140774000.0,140861000.0,140774000.0,140797000.0,14.40187811
2026-01-17T06:00:00,140797000.0,140801000.0,140645000.0,140701000.0,17.41933975
2026-01-17T07:00:00,140701000.0,140750000.0,140478000.0,140481000.0,19.25464254
2026-01-17T08:00:00,140479000.0,140700000.0,140409000.0,140685000.0,20.17562762
2026-01-17T09:00:00,140681000.0,140693000.0,140501000.0,140618000.0,11.22562525
2026-01-17T10:00:00,140617000.0,140676000.0,140494000.0,140494000.0,15.17343684
2026-01-17T11:00:00,140494000.0,140749000.0,140427000.0,140744000.0,16.44945227
2026-01-17T12:00:00,140744000.0,140845000.0,140575000.0,140640000.0,20.11891538
2026-01-17T13:00:00,140640000.0,140845000.0,140595000.0,140763000.0,24.76281944
2026-01-17T14:00:00,140763000.0,140982000.0,140661000.0,140915000.0,27.55460823
2026-01-17T15:00:00,140915000.0,141115000.0,140800000.0,141100000.0,31.99765575
2026-01-17T16:00:00,141105000.0,141115000.0,140650000.0,140670000.0,20.58250964
2026-01-17T17:00:00,140721000.0,140924000.0,140650000.0,140744000.0,8.75981624
2026-01-17T18:00:00,140747000.0,140915000.0,140744000.0,140817000.0,3.70169767
2026-01-17T19:00:00,140817000.0,140845000.0,140650000.0,140704000.0,5.98161542
2026-01-17T20:00:00,140719000.0,140838000.0,140699000.0,140837000.0,4.91518089
2026-01-17T21:00:00,140837000.0,140845000.0,140739000.0,140739000.0,6.76729237
2026-01-17T22:00:00,140739000.0,140829000.0,140460000.0,140710000.0,25.7320395
2026-01-17T23:00:00,140701000.0,140750000.0,140522000.0,140527000.0,14.30300049
2026-01-18T00:00:00,140526000.0,140621000.0,140460000.0,140487000.0,21.50284022
2026-01-18T01:00:00,140487000.0,140556000.0,140250000.0,140375000.0,38.62614481
2026-01-18T02:00:00,140375000.0,140670000.0,140374000.0,140510000.0,16.98898763
2026-01-18T03:00:00,140512000.0,140825000.0,140510000.0,140799000.0,12.95654047
2026-01-18T04:00:00,140754000.0,140800000.0,140616000.0,140679000.0,14.572259
2026-01-18T05:00:00,140679000.0,140800000.0,140624000.0,140783000.0,11.91577522
2026-01-18T06:00:00,140783000.0,140901000.0,140782000.0,140835000.0,12.35898303
2026-01-18T07:00:00,140835000.0,140851000.0,140595000.0,140641000.0,15.36553328
2026-01-18T08:00:00,140641000.0,140700000.0,140600000.0,140698000.0,12.34052192
2026-01-18T09:00:00,140699000.0,140894000.0,140695000.0,140856000.0,14.83031538
2026-01-18T10:00:00,140856000.0,140871000.0,140705000.0,140719000.0,15.25275872
2026-01-18T11:00:00,140720000.0,140789000.0,140660000.0,140788000.0,16.17538877
2026-01-18T12:00:00,140787000.0,140788000.0,140690000.0,140743000.0,17.31287051
2026-01-18T13:00:00,140744000.0,140773000.0,140370000.0,140700000.0,56.07454519
2026-01-18T14:00:00,140697000.0,140968000.0,140580000.0,140580000.0,33.37927094
2026-01-18T15:00:00,140580000.0,140735000.0,140570000.0,140684000.0,10.73896492
2026-01-18T16:00:00,140684000.0,140800000.0,140634000.0,140750000.0,7.46505915
2026-01-18T17:00:00,140771000.0,140860000.0,140750000.0,140858000.0,6.06253336
2026-01-18T18:00:00,140858000.0,141000000.0,140809000.0,140998000.0,9.65970483
2026-01-18T19:00:00,140998000.0,141100000.0,140900000.0,141008000.0,10.79444381
2026-01-18T20:00:00,141030000.0,141059000.0,140892000.0,140904000.0,5.71608934
2026-01-18T21:00:00,140904000.0,141080000.0,140866000.0,141016000.0,10.89540937
2026-01-18T22:00:00,141016000.0,141200000.0,141014000.0,141154000.0,17.30981469
2026-01-18T23:00:00,141134000.0,141165000.0,138894000.0,138940000.0,253.94226456
2026-01-19T00:00:00,138944000.0,138993000.0,137050000.0,137735000.0,491.01422927
2026-01-19T01:00:00,137735000.0,137974000.0,137000000.0,137271000.0,158.26498674
2026-01-19T02:00:00,137271000.0,137400000.0,137170000.0,137397000.0,65.36116286
2026-01-19T03:00:00,137396000.0,137830000.0,137396000.0,137750000.0,50.90927884
2026-01-19T04:00:00,137784000.0,137800000.0,137468000.0,137673000.0,56.46425493
2026-01-19T05:00:00,137665000.0,137730000.0,137401000.0,137407000.0,44.40465512
2026-01-19T06:00:00,137407000.0,137542000.0,137205000.0,137368000.0,44.10166482
2026-01-19T07:00:00,137368000.0,137604000.0,137213000.0,137603000.0,32.04169192
2026-01-19T08:00:00,137603000.0,138550000.0,137474000.0,138521000.0,63.32655435
2026-01-19T09:00:00,138500000.0,138504000.0,137969000.0,138020000.0,25.41030686
2026-01-19T10:00:00,138020000.0,138236000.0,137810000.0,138210000.0,25.17943664
2026-01-19T11:00:00,138210000.0,138360000.0,138000000.0,138299000.0,32.05854976
2026-01-19T12:00:00,138299000.0,138299000.0,138050000.0,138052000.0,33.91097517
2026-01-19T13:00:00,138075000.0,138075000.0,137652000.0,137971000.0,49.10084224
2026-01-19T14:00:00,137971000.0,137995000.0,137251000.0,137369000.0,56.03116015
2026-01-19T15:00:00,137368000.0,137780000.0,137335000.0,137753000.0,19.23060831
2026-01-19T16:00:00,137753000.0,138113000.0,137600000.0,138076000.0,16.49468714
2026-01-19T17:00:00,138093000.0,138131000.0,137723000.0,138014000.0,8.62088266
2026-01-19T18:00:00,138014000.0,138015000.0,137600000.0,137627000.0,5.29156109
2026-01-19T19:00:00,137725000.0,138048000.0,137630000.0,137952000.0,16.81864343
2026-01-19T20:00:00,137892000.0,138245000.0,137890000.0,138017000.0,20.39801224
2026-01-19T21:00:00,138017000.0,138200000.0,137718000.0,137718000.0,11.65727963
2026-01-19T22:00:00,137718000.0,137726000.0,137297000.0,137297000.0,33.22263725
2026-01-19T23:00:00,137317000.0,137448000.0,136590000.0,137010000.0,115.48052074
2026-01-20T00:00:00,137010000.0,137409000.0,136729000.0,137067000.0,82.60860407
2026-01-20T01:00:00,137080000.0,137650000.0,137000000.0,137466000.0,43.54479323
2026-01-20T02:00:00,137466000.0,137506000.0,137050000.0,137263000.0,39.99870988
2026-01-20T03:00:00,137352000.0,137376000.0,137009000.0,137192000.0,36.43940371
2026-01-20T04:00:00,137193000.0,137242000.0,136537000.0,136541000.0,61.63147835
2026-01-20T05:00:00,136541000.0,136541000.0,135600000.0,135928000.0,178.09665797
2026-01-20T06:00:00,135959000.0,135959000.0,134682000.0,134860000.0,206.21823525
2026-01-20T07:00:00,134890000.0,135386000.0,134856000.0,135129000.0,96.88513391
2026-01-20T08:00:00,135273000.0,135285000.0,134500000.0,135098000.0,133.26931743
2026-01-20T09:00:00,135098000.0,135099000.0,134590000.0,134799000.0,67.29588146
2026-01-20T10:00:00,134799000.0,135099000.0,134710000.0,135091000.0,53.85462961
2026-01-20T11:00:00,135091000.0,135491000.0,135090000.0,135181000.0,52.50957489
2026-01-20T12:00:00,135181000.0,135300000.0,134900000.0,135060000.0,57.28463763
2026-01-20T13:00:00,135075000.0,135100000.0,134533000.0,134750000.0,71.98990717
2026-01-20T14:00:00,134750000.0,135424000.0,134100000.0,134531000.0,108.68567745
2026-01-20T15:00:00,134477000.0,135064000.0,133783000.0,134880000.0,156.82304356
2026-01-20T16:00:00,134880000.0,135099000.0,134091000.0,134267000.0,40.19295917
2026-01-20T17:00:00,134267000.0,134670000.0,133278000.0,133683000.0,122.15172764
2026-01-20T18:00:00,133680000.0,133910000.0,133188000.0,133293000.0,43.72525092
2026-01-20T19:00:00,133220000.0,133632000.0,133000000.0,133520000.0,46.68207205
2026-01-20T20:00:00,133517000.0,133800000.0,133154000.0,133600000.0,37.81136847
2026-01-20T21:00:00,133600000.0,133800000.0,133100000.0,133235000.0,53.09379014
2026-01-20T22:00:00,133220000.0,133336000.0,131558000.0,131828000.0,272.44562358
2026-01-20T23:00:00,131828000.0,131853000.0,131118000.0,131849000.0,187.14291747
2026-01-21T00:00:00,131849000.0,132857000.0,131602000.0,132843000.0,172.78245493
2026-01-21T01:00:00,132843000.0,133100000.0,132100000.0,132308000.0,138.94974947
2026-01-21T02:00:00,132300000.0,132751000.0,132129000.0,132349000.0,68.27245658
2026-01-21T03:00:00,132349000.0,132995000.0,132340000.0,132741000.0,59.42051467
2026-01-21T04:00:00,132741000.0,132991000.0,132641000.0,132910000.0,47.7486743
2026-01-21T05:00:00,132901000.0,133765000.0,132815000.0,133567000.0,71.49828647
2026-01-21T06:00:00,133567000.0,133579000.0,133000000.0,133090000.0,65.22524091
2026-01-21T07:00:00,133090000.0,133310000.0,132201000.0,132304000.0,71.07114656
2026-01-21T08:00:00,132387000.0,132792000.0,132196000.0,132500000.0,55.19016556
2026-01-21T09:00:00,132500000.0,132988000.0,132341000.0,132410000.0,32.06845568
2026-01-21T10:00:00,132410000.0,132800000.0,132401000.0,132623000.0,19.98019034
2026-01-21T11:00:00,132623000.0,132759000.0,131770000.0,131770000.0,57.98551812
2026-01-21T12:00:00,131771000.0,131955000.0,131020000.0,131761000.0,150.4614936
2026-01-21T13:00:00,131761000.0,132111000.0,131276000.0,131613000.0,87.80905609
2026-01-21T14:00:00,131612000.0,133647000.0,131480000.0,133356000.0,215.29380366
2026-01-21T15:00:00,133286000.0,134345000.0,133256000.0,133803000.0,135.02855711
2026-01-21T16:00:00,133803000.0,133910000.0,130300000.0,130356000.0,167.23283034
2026-01-21T17:00:00,130356000.0,131200000.0,130000000.0,130984000.0,123.05436105
2026-01-21T18:00:00,130856000.0,131737000.0,130396000.0,131573000.0,43.47349392
2026-01-21T19:00:00,131582000.0,133998000.0,131257000.0,133888000.0,55.67908597
2026-01-21T20:00:00,133977000.0,134000000.0,132645000.0,133433000.0,49.98591482
2026-01-21T21:00:00,133499000.0,133804000.0,133200000.0,133731000.0,44.88845268
2026-01-21T22:00:00,133733000.0,133900000.0,133019000.0,133019000.0,50.14695768
2026-01-21T23:00:00,133112000.0,133739000.0,132211000.0,132505000.0,81.53516175
2026-01-22T00:00:00,132505000.0,133302000.0,132381000.0,133210000.0,63.77827967
2026-01-22T01:00:00,133247000.0,133563000.0,133094000.0,133454000.0,64.68983959
2026-01-22T02:00:00,133453000.0,133730000.0,133100000.0,133254000.0,46.56005393
2026-01-22T03:00:00,133254000.0,133500000.0,132923000.0,133195000.0,37.80323281
2026-01-22T04:00:00,133195000.0,133496000.0,133125000.0,133360000.0,20.43699152
2026-01-22T05:00:00,133360000.0,133425000.0,133250000.0,133275000.0,30.07471246
2026-01-22T06:00:00,133322000.0,133700000.0,133250000.0,133663000.0,26.91754652
2026-01-22T07:00:00,133663000.0,133680000.0,133112000.0,133180000.0,32.2581015
2026-01-22T08:00:00,133180000.0,133445000.0,133113000.0,133388000.0,21.34558241
2026-01-22T09:00:00,133400000.0,133780000.0,133368000.0,133677000.0,23.9106537
2026-01-22T10:00:00,133677000.0,133870000.0,133562000.0,133798000.0,21.0537446
2026-01-22T11:00:00,133795000.0,133899000.0,133573000.0,133651000.0,30.34106499
2026-01-22T12:00:00,133651000.0,133882000.0,133600000.0,133696000.0,23.06166121
2026-01-22T13:00:00,133696000.0,134069000.0,133000000.0,133113000.0,67.79645917
2026-01-22T14:00:00,133113000.0,133291000.0,132444000.0,132470000.0,97.49306777
2026-01-22T15:00:00,132470000.0,132900000.0,131786000.0,132304000.0,88.62473604
2026-01-22T16:00:00,132327000.0,132555000.0,131820000.0,132113000.0,32.38042301
2026-01-22T17:00:00,132200000.0,132900000.0,132119000.0,132900000.0,16.54252585
2026-01-22T18:00:00,132900000.0,133202000.0,132646000.0,132646000.0,25.15110887
2026-01-22T19:00:00,132699000.0,133360000.0,132300000.0,133269000.0,10.86737722
2026-01-22T20:00:00,133272000.0,133452000.0,132774000.0,132814000.0,13.44926433
2026-01-22T21:00:00,132814000.0,133066000.0,132384000.0,132384000.0,17.75406785
2026-01-22T22:00:00,132460000.0,132901000.0,132301000.0,132700000.0,30.04013229
2026-01-22T23:00:00,132695000.0,133000000.0,132422000.0,132864000.0,29.0547875
2026-01-23T00:00:00,132864000.0,133195000.0,132721000.0,132781000.0,44.69034912
2026-01-23T01:00:00,132781000.0,133300000.0,132780000.0,133285000.0,32.36547154
2026-01-23T02:00:00,133285000.0,133307000.0,132841000.0,132851000.0,32.57994387
2026-01-23T03:00:00,132851000.0,133250000.0,132845000.0,133227000.0,24.42893664
2026-01-23T04:00:00,133227000.0,133546000.0,133201000.0,133392000.0,34.80238004
2026-01-23T05:00:00,133399000.0,133400000.0,132700000.0,132878000.0,43.27946211
2026-01-23T06:00:00,132878000.0,133197000.0,132629000.0,132839000.0,33.38552394
2026-01-23T07:00:00,132839000.0,132980000.0,132693000.0,132871000.0,22.48160087
2026-01-23T08:00:00,132871000.0,132943000.0,132341000.0,132520000.0,35.33911257
2026-01-23T09:00:00,132507000.0,132723000.0,132000000.0,132108000.0,47.20811229
2026-01-23T10:00:00,132108000.0,132427000.0,132033000.0,132270000.0,23.58375311
2026-01-23T11:00:00,132310000.0,132562000.0,132225000.0,132441000.0,17.01290724
2026-01-23T12:00:00,132442000.0,132720000.0,132300000.0,132630000.0,22.85754164
2026-01-23T13:00:00,132630000.0,132882000.0,132574000.0,132740000.0,24.48589743
2026-01-23T14:00:00,132748000.0,133249000.0,132020000.0,132404000.0,52.40712197
2026-01-23T15:00:00,132404000.0,133490000.0,131801000.0,133254000.0,77.76838373
2026-01-23T16:00:00,133254000.0,134000000.0,132834000.0,133620000.0,62.37281117
2026-01-23T17:00:00,133645000.0,134741000.0,133399000.0,133770000.0,97.3388915
2026-01-23T18:00:00,133717000.0,134381000.0,133236000.0,133238000.0,71.60040698
2026-01-23T19:00:00,133236000.0,133238000.0,131978000.0,132366000.0,61.64552401
2026-01-23T20:00:00,132360000.0,132684000.0,131568000.0,131871000.0,50.6173644
2026-01-23T21:00:00,131851000.0,132153000.0,131635000.0,131637000.0,21.2055044
2026-01-23T22:00:00,131637000.0,132211000.0,131636000.0,131980000.0,26.86972072
2026-01-23T23:00:00,131970000.0,132097000.0,131850000.0,131961000.0,31.25884831
2026-01-24T00:00:00,131906000.0,132056000.0,131800000.0,131898000.0,30.54500539
2026-01-24T01:00:00,131870000.0,132080000.0,131850000.0,131993000.0,24.15455083
2026-01-24T02:00:00,131993000.0,132285000.0,131989000.0,132256000.0,20.75304295
2026-01-24T03:00:00,132255000.0,132440000.0,132223000.0,132232000.0,19.28980493
2026-01-24T04:00:00,132223000.0,132373000.0,132215000.0,132362000.0,20.09335021
2026-01-24T05:00:00,132361000.0,132363000.0,132118000.0,132238000.0,14.01317039
2026-01-24T06:00:00,132188000.0,132238000.0,132000000.0,132101000.0,16.27840611
2026-01-24T07:00:00,132093000.0,132227000.0,132052000.0,132140000.0,8.62792662
2026-01-24T08:00:00,132139000.0,132238000.0,132104000.0,132184000.0,7.58050207
2026-01-24T09:00:00,132180000.0,132188000.0,132057000.0,132060000.0,12.75022075
2026-01-24T10:00:00,132060000.0,132238000.0,132059000.0,132192000.0,13.79801677
2026-01-24T11:00:00,132192000.0,132238000.0,132090000.0,132091000.0,10.60909431
2026-01-24T12:00:00,132090000.0,132099000.0,132000000.0,132088000.0,14.07502994
2026-01-24T13:00:00,132052000.0,132129000.0,131910000.0,131929000.0,22.63660725
2026-01-24T14:00:00,131910000.0,132000000.0,131700000.0,131975000.0,24.47261724
2026-01-24T15:00:00,131975000.0,132000000.0,131849000.0,131850000.0,12.98074229
2026-01-24T16:00:00,131849000.0,131957000.0,131700000.0,131907000.0,13.57895917
2026-01-24T17:00:00,131850000.0,132000000.0,131850000.0,131905000.0,5.72710302
2026-01-24T18:00:00,131969000.0,132100000.0,131900000.0,131900000.0,7.91600611
2026-01-24T19:00:00,131957000.0,132003000.0,131800000.0,131930000.0,3.74011832
2026-01-24T20:00:00,131931000.0,132000000.0,131839000.0,131999000.0,3.32643668
2026-01-24T21:00:00,131999000.0,132000000.0,131744000.0,131899000.0,10.1880055
2026-01-24T22:00:00,131897000.0,132036000.0,131700000.0,131888000.0,19.47478574
2026-01-24T23:00:00,131890000.0,131968000.0,131643000.0,131644000.0,33.68009219
2026-01-25T00:00:00,131644000.0,131830000.0,131634000.0,131830000.0,30.17976216
2026-01-25T01:00:00,131830000.0,131880000.0,131640000.0,131707000.0,24.14713351
2026-01-25T02:00:00,131707000.0,131850000.0,131640000.0,131643000.0,16.02680887
2026-01-25T03:00:00,131643000.0,131688000.0,131193000.0,131350000.0,54.4643959
2026-01-25T04:00:00,131350000.0,131544000.0,131300000.0,131402000.0,24.59276432
2026-01-25T05:00:00,131401000.0,131402000.0,131226000.0,131311000.0,19.17101713
2026-01-25T06:00:00,131311000.0,131311000.0,131000000.0,131094000.0,56.94481772
2026-01-25T07:00:00,131091000.0,131094000.0,130619000.0,130684000.0,71.26206305
2026-01-25T08:00:00,130684000.0,130919000.0,130101000.0,130287000.0,74.43905979
2026-01-25T09:00:00,130314000.0,130450000.0,130121000.0,130240000.0,71.55536372
2026-01-25T10:00:00,130240000.0,130749000.0,130212000.0,130696000.0,35.74959744
2026-01-25T11:00:00,130699000.0,130699000.0,130401000.0,130409000.0,23.55355878
2026-01-25T12:00:00,130408000.0,130800000.0,130300000.0,130757000.0,33.84053661
2026-01-25T13:00:00,130757000.0,131132000.0,130721000.0,131093000.0,38.99958017
2026-01-25T14:00:00,131093000.0,131128000.0,130709000.0,130874000.0,31.63604889
2026-01-25T15:00:00,130875000.0,131061000.0,130500000.0,130594000.0,19.76097628
2026-01-25T16:00:00,130502000.0,130596000.0,129911000.0,130350000.0,139.96151419
2026-01-25T17:00:00,130349000.0,130450000.0,129999000.0,130083000.0,28.78235796
2026-01-25T18:00:00,130082000.0,130260000.0,129017000.0,129664000.0,86.85559812
2026-01-25T19:00:00,129663000.0,129839000.0,128335000.0,128800000.0,164.96995786
2026-01-25T20:00:00,128800000.0,128950000.0,128333000.0,128800000.0,91.27568361
2026-01-25T21:00:00,128800000.0,129394000.0,128350000.0,128585000.0,91.60835537
2026-01-25T22:00:00,128578000.0,128673000.0,128000000.0,128448000.0,160.88580109
2026-01-25T23:00:00,128448000.0,128600000.0,128000000.0,128500000.0,154.29221718
2026-01-26T00:00:00,128500000.0,129227000.0,128033000.0,128336000.0,152.95163953
2026-01-26T01:00:00,128335000.0,129430000.0,128318000.0,129201000.0,128.33424766
2026-01-26T02:00:00,129173000.0,129326000.0,128797000.0,128799000.0,66.05344323
2026-01-26T03:00:00,128798000.0,128919000.0,128049000.0,128147000.0,69.44753145
2026-01-26T04:00:00,128146000.0,128833000.0,128131000.0,128449000.0,82.37097959
2026-01-26T05:00:00,128448000.0,128690000.0,128362000.0,128585000.0,42.13751964
2026-01-26T06:00:00,128570000.0,128785000.0,128500000.0,128700000.0,56.20839259
2026-01-26T07:00:00,128728000.0,128848000.0,128479000.0,128820000.0,47.66540835
2026-01-26T08:00:00,128763000.0,129200000.0,128574000.0,128651000.0,56.57356322
2026-01-26T09:00:00,128651000.0,128745000.0,128052000.0,128087000.0,63.48262624
2026-01-26T10:00:00,128087000.0,128596000.0,128067000.0,128505000.0,35.15271043
2026-01-26T11:00:00,128505000.0,128600000.0,128401000.0,128442000.0,46.11420006
2026-01-26T12:00:00,128442000.0,128480000.0,128350000.0,128467000.0,50.54298842
2026-01-26T13:00:00,128468000.0,129000000.0,128464000.0,128847000.0,58.50296832
2026-01-26T14:00:00,128848000.0,129420000.0,128221000.0,129055000.0,87.18965639
2026-01-26T15:00:00,129055000.0,129900000.0,128013000.0,128335000.0,117.08283308
2026-01-26T16:00:00,128394000.0,128920000.0,128000000.0,128386000.0,81.98342442
2026-01-26T17:00:00,128386000.0,128559000.0,127800000.0,128558000.0,74.80264237
2026-01-26T18:00:00,128558000.0,129450000.0,128489000.0,129415000.0,23.69131485
2026-01-26T19:00:00,129415000.0,129643000.0,128866000.0,128867000.0,18.67949681
2026-01-26T20:00:00,128867000.0,129129000.0,128300000.0,128303000.0,14.75583939
2026-01-26T21:00:00,128354000.0,129110000.0,128314000.0,128897000.0,25.68329738
2026-01-26T22:00:00,128896000.0,129206000.0,128850000.0,129114000.0,39.49646721
2026-01-26T23:00:00,129115000.0,129794000.0,128950000.0,129474000.0,70.34363686
2026-01-27T00:00:00,129474000.0,129884000.0,129340000.0,129625000.0,59.02594704
2026-01-27T01:00:00,129698000.0,130068000.0,129323000.0,129901000.0,63.44858879
2026-01-27T02:00:00,129903000.0,130256000.0,129899000.0,130032000.0,45.28645882
2026-01-27T03:00:00,130095000.0,130200000.0,129681000.0,129865000.0,38.10649802
2026-01-27T04:00:00,129900000.0,130120000.0,129588000.0,129591000.0,36.87379047
2026-01-27T05:00:00,129591000.0,129595000.0,129390000.0,129403000.0,40.58671675
2026-01-27T06:00:00,129402000.0,129446000.0,129084000.0,129136000.0,40.68922252
2026-01-27T07:00:00,129136000.0,129476000.0,129111000.0,129171000.0,29.54392586
2026-01-27T08:00:00,129183000.0,129313000.0,128886000.0,128916000.0,31.27718507
2026-01-27T09:00:00,128916000.0,128916000.0,128585000.0,128585000.0,38.34859941
2026-01-27T10:00:00,128585000.0,128900000.0,128494000.0,128496000.0,42.79351523
2026-01-27T11:00:00,128495000.0,128932000.0,128369000.0,128778000.0,37.63793479
2026-01-27T12:00:00,128778000.0,129000000.0,128700000.0,128700000.0,30.5682933
2026-01-27T13:00:00,128717000.0,128740000.0,128466000.0,128600000.0,41.86739832
2026-01-27T14:00:00,128600000.0,129218000.0,128210000.0,128285000.0,61.92848001
2026-01-27T15:00:00,128285000.0,128890000.0,128041000.0,128539000.0,55.10362497
2026-01-27T16:00:00,128575000.0,129660000.0,128539000.0,129412000.0,60.39025884
2026-01-27T17:00:00,129412000.0,129460000.0,127800000.0,128108000.0,99.96970528
2026-01-27T18:00:00,128109000.0,129236000.0,127975000.0,129014000.0,15.1368218
2026-01-27T19:00:00,129015000.0,129212000.0,128629000.0,128942000.0,23.41100427
2026-01-27T20:00:00,128998000.0,130300000.0,128942000.0,130137000.0,82.53693524
2026-01-27T21:00:00,130135000.0,130349000.0,129491000.0,129504000.0,53.46147853
2026-01-27T22:00:00,129592000.0,130082000.0,129473000.0,129813000.0,40.44892174
2026-01-27T23:00:00,129813000.0,130181000.0,129687000.0,129687000.0,50.86721548
2026-01-28T00:00:00,129690000.0,129837000.0,129391000.0,129830000.0,70.27911681
2026-01-28T01:00:00,129837000.0,129998000.0,129570000.0,129672000.0,47.68109447
2026-01-28T02:00:00,129672000.0,129697000.0,129140000.0,129324000.0,44.26942677
2026-01-28T03:00:00,129325000.0,129344000.0,128800000.0,128928000.0,39.9886896
2026-01-28T04:00:00,128928000.0,128976000.0,128500000.0,128653000.0,44.20641256
2026-01-28T05:00:00,128653000.0,128700000.0,128423000.0,128676000.0,47.14828301
2026-01-28T06:00:00,128676000.0,129190000.0,128675000.0,129052000.0,50.15706263
2026-01-28T07:00:00,129052000.0,129052000.0,128807000.0,128816000.0,27.77337678
2026-01-28T08:00:00,128819000.0,128990000.0,128707000.0,128717000.0,26.70575492
2026-01-28T09:00:00,128718000.0,129450000.0,128652000.0,129450000.0,30.25105402
2026-01-28T10:00:00,129450000.0,129600000.0,129155000.0,129321000.0,31.55789403
2026-01-28T11:00:00,129321000.0,130450000.0,129205000.0,130433000.0,67.60658374
2026-01-28T12:00:00,130402000.0,130460000.0,129920000.0,130160000.0,74.68261954
2026-01-28T13:00:00,130146000.0,130782000.0,130091000.0,130549000.0,85.57015924
2026-01-28T14:00:00,130549000.0,130550000.0,129561000.0,129841000.0,75.30389995
2026-01-28T15:00:00,129813000.0,130001000.0,129099000.0,129800000.0,51.51745014
2026-01-28T16:00:00,129800000.0,130317000.0,129500000.0,130120000.0,23.75251405
2026-01-28T17:00:00,130054000.0,131300000.0,129644000.0,130750000.0,57.3072344
2026-01-28T18:00:00,130787000.0,130787000.0,129730000.0,129897000.0,24.02295016
2026-01-28T19:00:00,129898000.0,130209000.0,129302000.0,129799000.0,24.21576936
2026-01-28T20:00:00,129787000.0,130400000.0,129200000.0,129293000.0,30.03726411
2026-01-28T21:00:00,129400000.0,129900000.0,129064000.0,129703000.0,36.30319066
2026-01-28T22:00:00,129703000.0,129838000.0,129214000.0,129372000.0,36.39864274
2026-01-28T23:00:00,129424000.0,129442000.0,129043000.0,129079000.0,66.03581961
2026-01-29T00:00:00,129051000.0,129080000.0,128591000.0,128806000.0,102.28970595
2026-01-29T01:00:00,128806000.0,128880000.0,128190000.0,128279000.0,82.50938543
2026-01-29T02:00:00,128279000.0,128400000.0,127401000.0,127696000.0,201.96708885
2026-01-29T03:00:00,127687000.0,128044000.0,127501000.0,127632000.0,89.49121804
2026-01-29T04:00:00,127627000.0,127908000.0,127398000.0,127908000.0,78.83461444
2026-01-29T05:00:00,127905000.0,128011000.0,127616000.0,127700000.0,42.53749512
2026-01-29T06:00:00,127661000.0,127902000.0,127635000.0,127850000.0,41.53127491
2026-01-29T07:00:00,127850000.0,128186000.0,127800000.0,128085000.0,36.52883908
2026-01-29T08:00:00,128000000.0,128186000.0,127500000.0,127714000.0,54.58538631
2026-01-29T09:00:00,127714000.0,127825000.0,127623000.0,127633000.0,24.24815679
2026-01-29T10:00:00,127633000.0,127804000.0,127548000.0,127780000.0,34.06185234
2026-01-29T11:00:00,127771000.0,127968000.0,127400000.0,127623000.0,50.33387869
2026-01-29T12:00:00,127623000.0,127902000.0,127524000.0,127845000.0,46.52697871
2026-01-29T13:00:00,127845000.0,127913000.0,127653000.0,127801000.0,27.61823978
2026-01-29T14:00:00,127793000.0,127859000.0,126921000.0,126941000.0,190.21403748
2026-01-29T15:00:00,126941000.0,126946000.0,124059000.0,124616000.0,767.37076886
2026-01-29T16:00:00,124616000.0,125156000.0,123800000.0,125082000.0,254.23469571
2026-01-29T17:00:00,125002000.0,125343000.0,123295000.0,123550000.0,156.96076581
2026-01-29T18:00:00,123550000.0,124158000.0,122831000.0,122850000.0,153.66264882
2026-01-29T19:00:00,122834000.0,123864000.0,122734000.0,123462000.0,90.69249438
2026-01-29T20:00:00,123468000.0,123800000.0,123100000.0,123672000.0,72.57792486
2026-01-29T21:00:00,123673000.0,124405000.0,123640000.0,124238000.0,84.49795681
2026-01-29T22:00:00,124239000.0,124352000.0,123891000.0,124288000.0,94.61349632
2026-01-29T23:00:00,124232000.0,124524000.0,124064000.0,124287000.0,93.84090763
2026-01-30T00:00:00,124258000.0,124366000.0,123031000.0,123043000.0,185.82788249
2026-01-30T01:00:00,123043000.0,123043000.0,120300000.0,120980000.0,710.729255
2026-01-30T02:00:00,120980000.0,120980000.0,119100000.0,120448000.0,686.03740357
2026-01-30T03:00:00,120448000.0,121490000.0,120400000.0,121434000.0,198.81390751
2026-01-30T04:00:00,121420000.0,122114000.0,121401000.0,121580000.0,147.78250023
2026-01-30T05:00:00,121581000.0,122247000.0,121580000.0,121610000.0,106.66284522
2026-01-30T06:00:00,121610000.0,121629000.0,120159000.0,121005000.0,161.46846785
2026-01-30T07:00:00,121069000.0,121663000.0,120916000.0,121349000.0,98.18247602
2026-01-30T08:00:00,121309000.0,121582000.0,120793000.0,121030000.0,73.68840882
2026-01-30T09:00:00,121030000.0,121382000.0,120633000.0,121002000.0,60.72258869
2026-01-30T10:00:00,121002000.0,121499000.0,120795000.0,121453000.0,51.88010973
2026-01-30T11:00:00,121451000.0,122146000.0,121316000.0,122000000.0,77.80206706
2026-01-30T12:00:00,122000000.0,122200000.0,121328000.0,121560000.0,96.9506361
2026-01-30T13:00:00,121507000.0,121947000.0,121246000.0,121590000.0,82.11291361
2026-01-30T14:00:00,121590000.0,123186000.0,121553000.0,122350000.0,145.24026827
2026-01-30T15:00:00,122350000.0,122962000.0,121629000.0,122260000.0,87.41031934
2026-01-30T16:00:00,122260000.0,122903000.0,121770000.0,122505000.0,54.65148691
2026-01-30T17:00:00,122505000.0,123020000.0,122000000.0,122477000.0,33.53692522
2026-01-30T18:00:00,122481000.0,124112000.0,121300000.0,123848000.0,95.80872765
2026-01-30T19:00:00,123848000.0,124822000.0,123841000.0,124391000.0,86.41411108
2026-01-30T20:00:00,124391000.0,124882000.0,123595000.0,124579000.0,95.41016718
2026-01-30T21:00:00,124562000.0,125300000.0,124287000.0,125197000.0,80.42107801
2026-01-30T22:00:00,125197000.0,125251000.0,124580000.0,124988000.0,70.86588012
2026-01-30T23:00:00,124988000.0,125272000.0,124618000.0,125210000.0,90.81890387
2026-01-31T00:00:00,125210000.0,125220000.0,124398000.0,124539000.0,78.73890001
2026-01-31T01:00:00,124539000.0,124771000.0,124242000.0,124350000.0,54.2667804
2026-01-31T02:00:00,124352000.0,124770000.0,124238000.0,124676000.0,39.59905882
2026-01-31T03:00:00,124676000.0,124799000.0,124383000.0,124445000.0,28.58261876
2026-01-31T04:00:00,124470000.0,124661000.0,124401000.0,124446000.0,21.98065628
2026-01-31T05:00:00,124443000.0,124622000.0,124300000.0,124471000.0,25.28095887
2026-01-31T06:00:00,124471000.0,124502000.0,124000000.0,124126000.0,39.69955313
2026-01-31T07:00:00,124126000.0,124126000.0,123501000.0,123634000.0,63.37831639
2026-01-31T08:00:00,123634000.0,123746000.0,122358000.0,123189000.0,131.97212934
2026-01-31T09:00:00,123203000.0,123508000.0,122951000.0,123240000.0,43.41685923
2026-01-31T10:00:00,123240000.0,123356000.0,122847000.0,123020000.0,33.04830699
2026-01-31T11:00:00,123020000.0,123069000.0,122580000.0,122670000.0,36.7334795
2026-01-31T12:00:00,122670000.0,122893000.0,122359000.0,122361000.0,74.96894894
2026-01-31T13:00:00,122361000.0,122635000.0,122073000.0,122404000.0,68.32752008
2026-01-31T14:00:00,122403000.0,122664000.0,120345000.0,121290000.0,326.26056573
2026-01-31T15:00:00,121290000.0,121449000.0,120400000.0,120794000.0,146.16241896
2026-01-31T16:00:00,120799000.0,121949000.0,119484000.0,119800000.0,300.15527541
2026-01-31T17:00:00,119800000.0,120203000.0,117600000.0,117618000.0,473.46604251
2026-01-31T18:00:00,117618000.0,118000000.0,115000000.0,116636000.0,663.5495972
2026-01-31T19:00:00,116636000.0,117205000.0,115149000.0,115997000.0,228.07223642
2026-01-31T20:00:00,116008000.0,116286000.0,114971000.0,116258000.0,187.54411438
2026-01-31T21:00:00,116258000.0,116803000.0,115391000.0,116799000.0,166.08884346
2026-01-31T22:00:00,116799000.0,117185000.0,116297000.0,116399000.0,187.87362217
2026-01-31T23:00:00,116399000.0,118250000.0,116308000.0,117616000.0,287.86471984
2026-02-01T00:00:00,117616000.0,118500000.0,117449000.0,117706000.0,252.27625873
2026-02-01T01:00:00,117705000.0,117778000.0,116382000.0,116700000.0,222.95551157
2026-02-01T02:00:00,116701000.0,117200000.0,116492000.0,117028000.0,139.77607304
2026-02-01T03:00:00,117028000.0,117107000.0,116760000.0,117097000.0,81.69166238
2026-02-01T04:00:00,117097000.0,117517000.0,117000000.0,117301000.0,77.11448955
2026-02-01T05:00:00,117301000.0,117301000.0,116519000.0,116568000.0,77.66927049
2026-02-01T06:00:00,116569000.0,116850000.0,116000000.0,116002000.0,113.73102038
2026-02-01T07:00:00,116002000.0,116270000.0,115550000.0,115821000.0,203.81273461
2026-02-01T08:00:00,115821000.0,116600000.0,115690000.0,116251000.0,98.01679245
2026-02-01T09:00:00,116235000.0,117050000.0,116127000.0,117028000.0,66.81132715
2026-02-01T10:00:00,117001000.0,117495000.0,115954000.0,115986000.0,127.32916173
2026-02-01T11:00:00,115960000.0,116623000.0,115940000.0,116373000.0,113.27100414
2026-02-01T12:00:00,116373000.0,116373000.0,115794000.0,116005000.0,77.61786918
2026-02-01T13:00:00,116005000.0,116362000.0,115700000.0,115789000.0,95.18030701
2026-02-01T14:00:00,115776000.0,115893000.0,114150000.0,115483000.0,369.83018224
2026-02-01T15:00:00,115454000.0,115519000.0,113595000.0,114567000.0,308.75236424
2026-02-01T16:00:00,114571000.0,114700000.0,113741000.0,114306000.0,119.79385909
2026-02-01T17:00:00,114306000.0,114652000.0,114068000.0,114587000.0,52.08683999
2026-02-01T18:00:00,114625000.0,115632000.0,114600000.0,115072000.0,70.7728398
2026-02-01T19:00:00,115030000.0,115207000.0,113680000.0,113893000.0,48.64308844
2026-02-01T20:00:00,113893000.0,114606000.0,113087000.0,113670000.0,141.36636072
2026-02-01T21:00:00,113670000.0,113819000.0,112625000.0,112697000.0,193.64177876
2026-02-01T22:00:00,112690000.0,114460000.0,112671000.0,113636000.0,155.23040564
2026-02-01T23:00:00,113699000.0,114100000.0,112000000.0,113416000.0,356.12915678
2026-02-02T00:00:00,113416000.0,115619000.0,112993000.0,114879000.0,312.39913609
2026-02-02T01:00:00,114879000.0,115308000.0,113543000.0,114950000.0,202.79434329
2026-02-02T02:00:00,114972000.0,115005000.0,113400000.0,113402000.0,125.5144574
2026-02-02T03:00:00,113402000.0,113412000.0,110638000.0,112860000.0,639.240041
2026-02-02T04:00:00,112860000.0,113242000.0,111460000.0,112294000.0,227.88823583
2026-02-02T05:00:00,112294000.0,112408000.0,110930000.0,111916000.0,227.68468016
2026-02-02T06:00:00,111983000.0,113556000.0,111284000.0,113258000.0,230.27580625
2026-02-02T07:00:00,113300000.0,113920000.0,113010000.0,113478000.0,114.4094851
2026-02-02T08:00:00,113478000.0,114227000.0,113474000.0,113922000.0,126.95923
2026-02-02T09:00:00,113922000.0,115097000.0,113431000.0,114975000.0,188.28991319
2026-02-02T10:00:00,114974000.0,115200000.0,114439000.0,114614000.0,79.33534741
2026-02-02T11:00:00,114609000.0,115328000.0,114530000.0,114950000.0,90.84103158
2026-02-02T12:00:00,114950000.0,116158000.0,114941000.0,115642000.0,173.26700388
2026-02-02T13:00:00,115708000.0,116239000.0,115416000.0,116090000.0,97.68750878
2026-02-02T14:00:00,116058000.0,116984000.0,115040000.0,115500000.0,231.05741844
2026-02-02T15:00:00,115500000.0,117301000.0,115101000.0,116793000.0,173.91252112
2026-02-02T16:00:00,116830000.0,117350000.0,116479000.0,116480000.0,85.99520508
2026-02-02T17:00:00,116480000.0,117297000.0,116381000.0,116901000.0,48.86988096
2026-02-02T18:00:00,116900000.0,116901000.0,115840000.0,116225000.0,42.67355538
2026-02-02T19:00:00,116213000.0,116317000.0,115771000.0,115901000.0,25.17913774
2026-02-02T20:00:00,115901000.0,116311000.0,115289000.0,115327000.0,41.39867099
2026-02-02T21:00:00,115327000.0,116235000.0,115293000.0,116220000.0,36.37407893
2026-02-02T22:00:00,116220000.0,116838000.0,116220000.0,116770000.0,62.98859543
2026-02-02T23:00:00,116770000.0,117200000.0,116537000.0,116997000.0,96.87319614
2026-02-03T00:00:00,116932000.0,117149000.0,116208000.0,117149000.0,115.07960464
2026-02-03T01:00:00,117149000.0,117316000.0,116800000.0,116998000.0,85.09772321
2026-02-03T02:00:00,116997000.0,117000000.0,115005000.0,115017000.0,121.05199546
2026-02-03T03:00:00,115017000.0,116310000.0,114700000.0,116229000.0,124.7838253
2026-02-03T04:00:00,116229000.0,116451000.0,115814000.0,116085000.0,53.77395689
2026-02-03T05:00:00,116085000.0,116121000.0,115350000.0,115396000.0,60.44923463
2026-02-03T06:00:00,115354000.0,115988000.0,115000000.0,115727000.0,65.61206083
2026-02-03T07:00:00,115796000.0,116280000.0,115684000.0,116024000.0,41.50295111
2026-02-03T08:00:00,116024000.0,116400000.0,115663000.0,116011000.0,38.92253321
2026-02-03T09:00:00,115987000.0,116183000.0,115200000.0,115837000.0,74.76575237
2026-02-03T10:00:00,115837000.0,115998000.0,115282000.0,115358000.0,32.75288228
2026-02-03T11:00:00,115411000.0,115669000.0,115277000.0,115382000.0,49.20425575
2026-02-03T12:00:00,115336000.0,115798000.0,115280000.0,115638000.0,53.20630589
2026-02-03T13:00:00,115671000.0,115798000.0,115400000.0,115549000.0,40.33135253
2026-02-03T14:00:00,115593000.0,115690000.0,113963000.0,113972000.0,155.06579347
2026-02-03T15:00:00,113971000.0,115328000.0,113771000.0,115202000.0,140.40237758
2026-02-03T16:00:00,115246000.0,115246000.0,113228000.0,113244000.0,123.82294225
2026-02-03T17:00:00,113244000.0,113301000.0,111095000.0,111100000.0,230.72723417
2026-02-03T18:00:00,111100000.0,111539000.0,109099000.0,109107000.0,567.0207532
2026-02-03T19:00:00,109111000.0,112131000.0,108800000.0,111353000.0,392.50167606
2026-02-03T20:00:00,111351000.0,113468000.0,110700000.0,113070000.0,178.32635615
2026-02-03T21:00:00,113183000.0,113790000.0,112583000.0,112765000.0,102.00761362
2026-02-03T22:00:00,112749000.0,112771000.0,111340000.0,111923000.0,154.73791421
2026-02-03T23:00:00,111923000.0,112296000.0,111497000.0,111882000.0,142.37644082
2026-02-04T00:00:00,111882000.0,112854000.0,111500000.0,112223000.0,157.02530766
2026-02-04T01:00:00,112223000.0,113470000.0,112223000.0,112971000.0,102.27063782
2026-02-04T02:00:00,112907000.0,113102000.0,111800000.0,112261000.0,90.68225262
2026-02-04T03:00:00,112281000.0,113445000.0,112113000.0,113189000.0,74.30980618
2026-02-04T04:00:00,113197000.0,113215000.0,112739000.0,112741000.0,58.94792149
2026-02-04T05:00:00,112741000.0,112790000.0,112393000.0,112654000.0,55.90038321
2026-02-04T06:00:00,112654000.0,113200000.0,112596000.0,113066000.0,58.28467457
2026-02-04T07:00:00,113015000.0,113067000.0,112602000.0,112885000.0,43.80929545
2026-02-04T08:00:00,112885000.0,112940000.0,112279000.0,112857000.0,67.36378024
2026-02-04T09:00:00,112857000.0,112939000.0,112301000.0,112479000.0,69.67495514
2026-02-04T10:00:00,112479000.0,112850000.0,112399000.0,112790000.0,36.95347564
2026-02-04T11:00:00,112800000.0,112800000.0,111899000.0,112340000.0,102.40338216
2026-02-04T12:00:00,112384000.0,112540000.0,112220000.0,112381000.0,49.83149764
2026-02-04T13:00:00,112408000.0,112458000.0,110317000.0,110400000.0,242.2692009
2026-02-04T14:00:00,110400000.0,111700000.0,109741000.0,109797000.0,273.29088159
2026-02-04T15:00:00,109797000.0,111048000.0,109168000.0,109528000.0,357.75122271
2026-02-04T16:00:00,109528000.0,109738000.0,108230000.0,108901000.0,263.5913896
2026-02-04T17:00:00,108910000.0,109200000.0,107115000.0,107525000.0,267.33649278
2026-02-04T18:00:00,107563000.0,109675000.0,107115000.0,108600000.0,147.1105947
2026-02-04T19:00:00,108571000.0,109345000.0,108038000.0,109145000.0,97.96515539
2026-02-04T20:00:00,109174000.0,109492000.0,108507000.0,108722000.0,74.4899857
2026-02-04T21:00:00,108722000.0,108837000.0,106902000.0,107615000.0,250.84125362
2026-02-04T22:00:00,107615000.0,108700000.0,106510000.0,107135000.0,325.7978143
2026-02-04T23:00:00,107016000.0,108400000.0,107000000.0,107867000.0,236.49431776
2026-02-05T00:00:00,107867000.0,108262000.0,107465000.0,107555000.0,169.54792605
2026-02-05T01:00:00,107592000.0,108151000.0,106352000.0,106750000.0,324.02317603
2026-02-05T02:00:00,106750000.0,107223000.0,105345000.0,105382000.0,435.35811915
2026-02-05T03:00:00,105379000.0,105879000.0,104778000.0,104830000.0,537.56899534
2026-02-05T04:00:00,104830000.0,105000000.0,104000000.0,104377000.0,528.07006681
2026-02-05T05:00:00,104378000.0,104500000.0,103333000.0,104071000.0,465.19434595
2026-02-05T06:00:00,104071000.0,104423000.0,103654000.0,104336000.0,206.07963179
2026-02-05T07:00:00,104336000.0,105221000.0,104071000.0,104201000.0,181.29092937
2026-02-05T08:00:00,104203000.0,105195000.0,104100000.0,104630000.0,112.80264299
2026-02-05T09:00:00,104661000.0,105911000.0,104630000.0,105380000.0,149.08922936
2026-02-05T10:00:00,105381000.0,105585000.0,103853000.0,104157000.0,174.37161886
2026-02-05T11:00:00,104157000.0,104388000.0,102805000.0,103239000.0,450.94167775
2026-02-05T12:00:00,103239000.0,103615000.0,101562000.0,101950000.0,816.90735844
2026-02-05T13:00:00,101948000.0,102230000.0,101573000.0,101997000.0,420.05495856
2026-02-05T14:00:00,101938000.0,103500000.0,101701000.0,101853000.0,408.31267233
2026-02-05T15:00:00,101853000.0,102070000.0,98731000.0,99388000.0,1568.77487945
2026-02-05T16:00:00,99423000.0,101000000.0,98862000.0,100541000.0,434.86432324
2026-02-05T17:00:00,100597000.0,100633000.0,97861000.0,97868000.0,514.5293958
2026-02-05T18:00:00,97868000.0,98345000.0,96815000.0,97819000.0,386.5980698
2026-02-05T19:00:00,97861000.0,98258000.0,96177000.0,96214000.0,309.89231782
2026-02-05T20:00:00,96214000.0,96781000.0,92039000.0,93900000.0,1320.5387034
2026-02-05T21:00:00,93900000.0,95425000.0,92548000.0,92937000.0,882.34586414
2026-02-05T22:00:00,92934000.0,95250000.0,92139000.0,94370000.0,915.72923015
2026-02-05T23:00:00,94360000.0,95888000.0,92744000.0,92920000.0,843.27736601
2026-02-06T00:00:00,92894000.0,94778000.0,89000000.0,94361000.0,2496.33149792
2026-02-06T01:00:00,94310000.0,98216000.0,94307000.0,97741000.0,1491.80427267
2026-02-06T02:00:00,97741000.0,98385000.0,95185000.0,96475000.0,675.44703117
2026-02-06T03:00:00,96473000.0,96710000.0,94766000.0,95273000.0,328.7865094
2026-02-06T04:00:00,95273000.0,96438000.0,94966000.0,96350000.0,225.96798192
2026-02-06T05:00:00,96350000.0,99293000.0,96177000.0,98818000.0,545.86154025
2026-02-06T06:00:00,98818000.0,99471000.0,96400000.0,96562000.0,514.76331942
2026-02-06T07:00:00,96657000.0,97400000.0,96073000.0,96423000.0,245.559797
2026-02-06T08:00:00,96437000.0,96991000.0,95911000.0,96307000.0,174.90528401
2026-02-06T09:00:00,96354000.0,98431000.0,96230000.0,97798000.0,260.46240401
2026-02-06T10:00:00,97798000.0,98299000.0,97200000.0,97440000.0,467.59571794
2026-02-06T11:00:00,97440000.0,98817000.0,97060000.0,98716000.0,433.35526545
2026-02-06T12:00:00,98706000.0,98723000.0,97910000.0,98580000.0,255.76633681
2026-02-06T13:00:00,98550000.0,100474000.0,98500000.0,99996000.0,735.41717513
2026-02-06T14:00:00,99999000.0,101484000.0,98523000.0,100994000.0,697.06620033
2026-02-06T15:00:00,101000000.0,102890000.0,100474000.0,101854000.0,644.64789515
2026-02-06T16:00:00,101854000.0,104256000.0,101537000.0,103817000.0,552.71585582
2026-02-06T17:00:00,103840000.0,105994000.0,103390000.0,105250000.0,513.78540949
2026-02-06T18:00:00,105243000.0,105283000.0,102464000.0,103056000.0,332.07530988
2026-02-06T19:00:00,103056000.0,104746000.0,102861000.0,104584000.0,144.44274579
2026-02-06T20:00:00,104584000.0,104849000.0,103830000.0,103839000.0,153.44905259
2026-02-06T21:00:00,103839000.0,104464000.0,103500000.0,104255000.0,137.74826283
2026-02-06T22:00:00,104306000.0,106500000.0,104199000.0,106269000.0,361.66161014
2026-02-06T23:00:00,106269000.0,106801000.0,104846000.0,104990000.0,377.29340924
2026-02-07T00:00:00,104995000.0,105000000.0,103148000.0,103455000.0,523.28063726
2026-02-07T01:00:00,103477000.0,104700000.0,102922000.0,104447000.0,279.30878249
2026-02-07T02:00:00,104445000.0,104703000.0,104000000.0,104247000.0,107.36933579
2026-02-07T03:00:00,104247000.0,105368000.0,104202000.0,105306000.0,204.31985935
2026-02-07T04:00:00,105306000.0,106500000.0,105021000.0,105226000.0,312.02380441
2026-02-07T05:00:00,105226000.0,105800000.0,103852000.0,104116000.0,182.11667495
2026-02-07T06:00:00,104116000.0,104487000.0,101900000.0,101918000.0,275.89929784
2026-02-07T07:00:00,101918000.0,102480000.0,99599000.0,100811000.0,1111.74676205
2026-02-07T08:00:00,100811000.0,101870000.0,100155000.0,101572000.0,264.33867837
2026-02-07T09:00:00,101567000.0,101898000.0,100535000.0,100890000.0,121.07687939
2026-02-07T10:00:00,100890000.0,101100000.0,99804000.0,100491000.0,233.71435618
2026-02-07T11:00:00,100538000.0,100756000.0,100020000.0,100418000.0,112.81728908
2026-02-07T12:00:00,100494000.0,103505000.0,100304000.0,102172000.0,445.64424182
2026-02-07T13:00:00,102172000.0,102625000.0,101791000.0,102233000.0,93.79254579
2026-02-07T14:00:00,102233000.0,102342000.0,101252000.0,101600000.0,97.82800848
2026-02-07T15:00:00,101600000.0,103196000.0,101500000.0,102337000.0,100.86723255
2026-02-07T16:00:00,102337000.0,103364000.0,102000000.0,102166000.0,129.40934954
2026-02-07T17:00:00,102100000.0,102700000.0,101612000.0,102445000.0,48.86248211
2026-02-07T18:00:00,102445000.0,103196000.0,102110000.0,102875000.0,49.00788644
2026-02-07T19:00:00,102875000.0,103000000.0,102595000.0,102706000.0,24.09595941
2026-02-07T20:00:00,102762000.0,103185000.0,102529000.0,103100000.0,33.48495808
2026-02-07T21:00:00,103100000.0,103151000.0,102707000.0,102846000.0,38.47260977
2026-02-07T22:00:00,102876000.0,103036000.0,102570000.0,102659000.0,41.13417409
2026-02-07T23:00:00,102699000.0,102764000.0,101775000.0,102617000.0,83.58493887
2026-02-08T00:00:00,102602000.0,102897000.0,102063000.0,102275000.0,96.80963608
2026-02-08T01:00:00,102275000.0,102869000.0,102266000.0,102744000.0,71.85484225
2026-02-08T02:00:00,102744000.0,103200000.0,102562000.0,102796000.0,85.03614399
2026-02-08T03:00:00,102796000.0,102869000.0,102324000.0,102460000.0,51.16391403
2026-02-08T04:00:00,102460000.0,102677000.0,102154000.0,102600000.0,41.10228002
2026-02-08T05:00:00,102600000.0,102798000.0,102477000.0,102576000.0,27.72542229
2026-02-08T06:00:00,102576000.0,102803000.0,102375000.0,102794000.0,40.13061942
2026-02-08T07:00:00,102794000.0,103351000.0,102621000.0,103349000.0,80.06643164
2026-02-08T08:00:00,103349000.0,104999000.0,103063000.0,104846000.0,298.43447034
2026-02-08T09:00:00,104846000.0,104998000.0,103919000.0,104044000.0,148.85771644
2026-02-08T10:00:00,104092000.0,104616000.0,103750000.0,104331000.0,96.65032147
2026-02-08T11:00:00,104331000.0,105631000.0,104210000.0,105343000.0,243.16740626
2026-02-08T12:00:00,105353000.0,105923000.0,105040000.0,105888000.0,175.95237649
2026-02-08T13:00:00,105866000.0,106416000.0,105550000.0,106372000.0,261.5234362
2026-02-08T14:00:00,106359000.0,106430000.0,105552000.0,105791000.0,155.19892973
2026-02-08T15:00:00,105844000.0,106143000.0,105064000.0,105742000.0,111.0854925
2026-02-08T16:00:00,105742000.0,105761000.0,104500000.0,104673000.0,93.04770546
2026-02-08T17:00:00,104678000.0,105341000.0,104673000.0,105266000.0,34.14598307
2026-02-08T18:00:00,105265000.0,106100000.0,105265000.0,105707000.0,30.56598677
2026-02-08T19:00:00,105721000.0,106100000.0,105571000.0,105993000.0,26.46137512
2026-02-08T20:00:00,106000000.0,106000000.0,104840000.0,105052000.0,32.20786181
2026-02-08T21:00:00,105052000.0,105523000.0,104676000.0,104923000.0,40.38578153
2026-02-08T22:00:00,104923000.0,105530000.0,104923000.0,105417000.0,52.64582811
2026-02-08T23:00:00,105403000.0,107047000.0,104104000.0,104587000.0,360.60459487
2026-02-09T00:00:00,104597000.0,105120000.0,104145000.0,104747000.0,149.24739855
2026-02-09T01:00:00,104751000.0,105328000.0,104109000.0,104553000.0,126.99151965
2026-02-09T02:00:00,104553000.0,105320000.0,104241000.0,104720000.0,85.69043222
2026-02-09T03:00:00,104774000.0,105979000.0,104726000.0,105845000.0,105.80471826
2026-02-09T04:00:00,105843000.0,105849000.0,105200000.0,105333000.0,65.13065357
2026-02-09T05:00:00,105333000.0,105426000.0,105100000.0,105369000.0,49.09619477
2026-02-09T06:00:00,105369000.0,105375000.0,104453000.0,104847000.0,83.4682628
2026-02-09T07:00:00,104927000.0,105150000.0,104476000.0,104617000.0,57.84436625
2026-02-09T08:00:00,104617000.0,104823000.0,103110000.0,103642000.0,186.61639779
2026-02-09T09:00:00,103642000.0,103940000.0,103016000.0,103202000.0,108.56335781
2026-02-09T10:00:00,103202000.0,103400000.0,101337000.0,102051000.0,342.40441955
2026-02-09T11:00:00,102051000.0,102459000.0,101644000.0,102264000.0,166.72423942
2026-02-09T12:00:00,102300000.0,102826000.0,102200000.0,102647000.0,93.21243378
2026-02-09T13:00:00,102647000.0,102854000.0,101700000.0,101700000.0,116.76601009
2026-02-09T14:00:00,101711000.0,103296000.0,101300000.0,102681000.0,210.54080197
2026-02-09T15:00:00,102680000.0,103500000.0,102000000.0,102995000.0,169.92910552
2026-02-09T16:00:00,102915000.0,104168000.0,102209000.0,103600000.0,101.46809835
2026-02-09T17:00:00,103600000.0,104861000.0,103183000.0,104318000.0,78.69196714
2026-02-09T18:00:00,104316000.0,104887000.0,103648000.0,104001000.0,43.30500036
2026-02-09T19:00:00,104063000.0,104887000.0,103852000.0,104706000.0,40.46248555
2026-02-09T20:00:00,104624000.0,104870000.0,104078000.0,104395000.0,46.31107883
2026-02-09T21:00:00,104395000.0,104499000.0,103060000.0,103902000.0,69.16385007
2026-02-09T22:00:00,103930000.0,104300000.0,103705000.0,103880000.0,50.80373961
2026-02-09T23:00:00,103880000.0,104094000.0,103362000.0,103479000.0,68.02222431
2026-02-10T00:00:00,103479000.0,103800000.0,103176000.0,103283000.0,97.35194136
2026-02-10T01:00:00,103300000.0,104181000.0,103281000.0,104153000.0,83.57094124
2026-02-10T02:00:00,104091000.0,104188000.0,103401000.0,103564000.0,46.43169732
2026-02-10T03:00:00,103563000.0,103670000.0,102295000.0,102851000.0,116.76376558
2026-02-10T04:00:00,102851000.0,103360000.0,102813000.0,103274000.0,55.7881596
2026-02-10T05:00:00,103274000.0,103280000.0,102375000.0,102732000.0,67.21563442
2026-02-10T06:00:00,102753000.0,102800000.0,101900000.0,102245000.0,129.56252367
2026-02-10T07:00:00,102253000.0,102661000.0,102130000.0,102342000.0,77.45082085
2026-02-10T08:00:00,102342000.0,102761000.0,102000000.0,102687000.0,79.75040471
2026-02-10T09:00:00,102686000.0,102998000.0,102375000.0,102666000.0,44.95018737
2026-02-10T10:00:00,102666000.0,102834000.0,102394000.0,102394000.0,41.83972248
2026-02-10T11:00:00,102394000.0,102451000.0,101700000.0,101815000.0,100.37726547
2026-02-10T12:00:00,101815000.0,102241000.0,101700000.0,101841000.0,91.69342556
2026-02-10T13:00:00,101841000.0,102679000.0,101670000.0,102575000.0,95.00696145
2026-02-10T14:00:00,102540000.0,103270000.0,101000000.0,101803000.0,265.35220528
2026-02-10T15:00:00,101749000.0,103000000.0,101513000.0,102668000.0,158.43697299
2026-02-10T16:00:00,102711000.0,103442000.0,102206000.0,102973000.0,80.03223667
2026-02-10T17:00:00,102957000.0,103600000.0,102700000.0,103481000.0,31.7650271
2026-02-10T18:00:00,103481000.0,103481000.0,101900000.0,102401000.0,35.4464735
2026-02-10T19:00:00,102340000.0,102857000.0,102059000.0,102500000.0,17.16603033
2026-02-10T20:00:00,102549000.0,102622000.0,102000000.0,102158000.0,19.01313661
2026-02-10T21:00:00,102107000.0,102476000.0,101600000.0,101996000.0,56.31354196
2026-02-10T22:00:00,101996000.0,102196000.0,101843000.0,102000000.0,32.09629179
2026-02-10T23:00:00,102000000.0,102141000.0,101800000.0,102136000.0,55.94253177
2026-02-11T00:00:00,102136000.0,102702000.0,102045000.0,102572000.0,74.72544043
2026-02-11T01:00:00,102622000.0,102695000.0,102155000.0,102180000.0,45.24456746
2026-02-11T02:00:00,102178000.0,102453000.0,101666000.0,101775000.0,61.47762186
2026-02-11T03:00:00,101793000.0,101818000.0,100885000.0,100950000.0,149.71606686
2026-02-11T04:00:00,100950000.0,101200000.0,99595000.0,100000000.0,444.08599346
2026-02-11T05:00:00,100000000.0,100334000.0,99726000.0,99770000.0,148.52650906
2026-02-11T06:00:00,99777000.0,99880000.0,98500000.0,98830000.0,399.03292752
2026-02-11T07:00:00,98833000.0,99675000.0,98527000.0,99341000.0,173.56119948
2026-02-11T08:00:00,99341000.0,99509000.0,99044000.0,99223000.0,81.87876089
2026-02-11T09:00:00,99211000.0,99315000.0,98674000.0,98803000.0,96.7060702
2026-02-11T10:00:00,98803000.0,98859000.0,98106000.0,98278000.0,176.0246145
2026-02-11T11:00:00,98278000.0,99250000.0,98263000.0,99190000.0,108.39861863
2026-02-11T12:00:00,99190000.0,99734000.0,99000000.0,99365000.0,105.58527444
2026-02-11T13:00:00,99397000.0,100091000.0,98774000.0,99946000.0,221.91146961
2026-02-11T14:00:00,99946000.0,101845000.0,98627000.0,98888000.0,392.90139917
2026-02-11T15:00:00,98886000.0,99132000.0,97763000.0,98505000.0,357.36114236
2026-02-11T16:00:00,98561000.0,99500000.0,97768000.0,97834000.0,133.33572187
2026-02-11T17:00:00,97834000.0,98802000.0,97712000.0,98299000.0,78.0107412
2026-02-11T18:00:00,98296000.0,99361000.0,97800000.0,99220000.0,59.27802114
2026-02-11T19:00:00,99267000.0,100100000.0,99130000.0,99802000.0,74.26115258
2026-02-11T20:00:00,99802000.0,99989000.0,99036000.0,99671000.0,50.81290996
2026-02-11T21:00:00,99720000.0,100896000.0,99524000.0,100032000.0,79.24900933
2026-02-11T22:00:00,100031000.0,100119000.0,99337000.0,99450000.0,67.6545385
2026-02-11T23:00:00,99450000.0,99700000.0,98708000.0,99166000.0,101.1786988
2026-02-12T00:00:00,99162000.0,99900000.0,99074000.0,99598000.0,93.26663088
2026-02-12T01:00:00,99598000.0,100367000.0,99596000.0,99830000.0,106.64522592
2026-02-12T02:00:00,99830000.0,100000000.0,99408000.0,99429000.0,51.64291801
2026-02-12T03:00:00,99429000.0,99539000.0,99072000.0,99412000.0,54.51861789
2026-02-12T04:00:00,99412000.0,99492000.0,98495000.0,98500000.0,77.62874647
2026-02-12T05:00:00,98500000.0,98725000.0,98001000.0,98613000.0,127.02133285
2026-02-12T06:00:00,98657000.0,98935000.0,98435000.0,98568000.0,50.48110896
2026-02-12T07:00:00,98577000.0,98947000.0,98429000.0,98794000.0,43.86597582
2026-02-12T08:00:00,98795000.0,98889000.0,98300000.0,98668000.0,63.65531358
2026-02-12T09:00:00,98652000.0,99200000.0,98502000.0,99047000.0,66.0839361
2026-02-12T10:00:00,99047000.0,99696000.0,98777000.0,99682000.0,98.58258057
2026-02-12T11:00:00,99697000.0,99985000.0,99340000.0,99827000.0,101.03733499
2026-02-12T12:00:00,99849000.0,99949000.0,99174000.0,99364000.0,78.19279211
2026-02-12T13:00:00,99364000.0,100213000.0,99162000.0,100169000.0,118.31623584
2026-02-12T14:00:00,100125000.0,100264000.0,99000000.0,99039000.0,79.72745758
2026-02-12T15:00:00,99040000.0,99550000.0,98320000.0,98429000.0,117.63454855
2026-02-12T16:00:00,98429000.0,98547000.0,96470000.0,96953000.0,361.0247589
2026-02-12T17:00:00,97000000.0,97476000.0,96300000.0,96306000.0,125.57921583
2026-02-12T18:00:00,96306000.0,96887000.0,96001000.0,96577000.0,98.30420185
2026-02-12T19:00:00,96577000.0,97284000.0,96115000.0,96753000.0,65.46496157
2026-02-12T20:00:00,96769000.0,97111000.0,96000000.0,96359000.0,76.90786331
2026-02-12T21:00:00,96359000.0,97000000.0,96318000.0,96894000.0,75.77502293
2026-02-12T22:00:00,96894000.0,97650000.0,96706000.0,97556000.0,81.68416431
2026-02-12T23:00:00,97557000.0,97756000.0,97242000.0,97328000.0,92.98478762
2026-02-13T00:00:00,97327000.0,97715000.0,96700000.0,96731000.0,154.33809677
2026-02-13T01:00:00,96774000.0,97669000.0,96700000.0,97450000.0,93.68352322
2026-02-13T02:00:00,97493000.0,97880000.0,97371000.0,97801000.0,66.80239634
2026-02-13T03:00:00,97800000.0,97932000.0,97410000.0,97575000.0,58.61412175
2026-02-13T04:00:00,97543000.0,97626000.0,97026000.0,97163000.0,77.18233015
2026-02-13T05:00:00,97163000.0,97500000.0,97012000.0,97028000.0,66.15521249
2026-02-13T06:00:00,97028000.0,97415000.0,96801000.0,97395000.0,83.2132189
2026-02-13T07:00:00,97340000.0,97672000.0,96999000.0,97154000.0,58.83409572
2026-02-13T08:00:00,97154000.0,97899000.0,97120000.0,97760000.0,60.90337255
2026-02-13T09:00:00,97760000.0,98240000.0,97687000.0,98103000.0,111.41336881
2026-02-13T10:00:00,98103000.0,98438000.0,97866000.0,98284000.0,66.17661662
2026-02-13T11:00:00,98284000.0,98821000.0,98038000.0,98716000.0,76.02672139
2026-02-13T12:00:00,98716000.0,98809000.0,98313000.0,98574000.0,83.13702748
2026-02-13T13:00:00,98574000.0,99330000.0,98349000.0,98819000.0,167.48630962
2026-02-13T14:00:00,98819000.0,99745000.0,98205000.0,99438000.0,165.08340209
2026-02-13T15:00:00,99438000.0,101606000.0,99360000.0,100735000.0,369.63214041
2026-02-13T16:00:00,100741000.0,101663000.0,100574000.0,100967000.0,156.78295749
2026-02-13T17:00:00,100912000.0,101310000.0,100524000.0,101053000.0,70.06281015
2026-02-13T18:00:00,101053000.0,101500000.0,100820000.0,101118000.0,53.72449762
2026-02-13T19:00:00,101116000.0,101299000.0,100844000.0,100927000.0,39.14553176
2026-02-13T20:00:00,100955000.0,100985000.0,100425000.0,100660000.0,40.40240748
2026-02-13T21:00:00,100623000.0,101063000.0,100543000.0,100745000.0,42.62696996
2026-02-13T22:00:00,100745000.0,100976000.0,100526000.0,100846000.0,42.77508167
2026-02-13T23:00:00,100849000.0,100920000.0,100710000.0,100786000.0,53.41614919
2026-02-14T00:00:00,100799000.0,101418000.0,100560000.0,101298000.0,116.32415249
2026-02-14T01:00:00,101337000.0,101450000.0,101160000.0,101160000.0,68.96330489
2026-02-14T02:00:00,101172000.0,101325000.0,100998000.0,101100000.0,54.80766389
2026-02-14T03:00:00,101100000.0,101264000.0,100948000.0,101216000.0,39.90129757
2026-02-14T04:00:00,101215000.0,101264000.0,101018000.0,101022000.0,22.80464989
2026-02-14T05:00:00,101022000.0,101199000.0,100914000.0,100918000.0,35.97104951
2026-02-14T06:00:00,100918000.0,101257000.0,100841000.0,101161000.0,47.92803907
2026-02-14T07:00:00,101161000.0,101807000.0,101160000.0,101700000.0,77.51128266
2026-02-14T08:00:00,101736000.0,102927000.0,101700000.0,102782000.0,229.08920243
2026-02-14T09:00:00,102782000.0,102955000.0,102401000.0,102717000.0,142.8497891
2026-02-14T10:00:00,102720000.0,102735000.0,102409000.0,102600000.0,49.89279872
2026-02-14T11:00:00,102600000.0,104134000.0,102600000.0,104060000.0,234.31143852
2026-02-14T12:00:00,104060000.0,104195000.0,102520000.0,102560000.0,244.0433543
2026-02-14T13:00:00,102560000.0,102836000.0,101900000.0,102240000.0,213.45217941
2026-02-14T14:00:00,102241000.0,102940000.0,102083000.0,102700000.0,66.73497371
2026-02-14T15:00:00,102706000.0,103129000.0,102456000.0,102820000.0,70.18331815
2026-02-14T16:00:00,102820000.0,102851000.0,101981000.0,102504000.0,65.74913697
2026-02-14T17:00:00,102546000.0,102800000.0,102370000.0,102433000.0,29.52424123
2026-02-14T18:00:00,102488000.0,102699000.0,102398000.0,102437000.0,24.29254955
2026-02-14T19:00:00,102437000.0,102664000.0,102329000.0,102553000.0,26.55758209
2026-02-14T20:00:00,102631000.0,102990000.0,102527000.0,102947000.0,27.63335418
2026-02-14T21:00:00,102947000.0,103251000.0,102457000.0,102729000.0,73.91794533
2026-02-14T22:00:00,102770000.0,103061000.0,102600000.0,102979000.0,50.10479726
2026-02-14T23:00:00,102971000.0,103057000.0,102657000.0,102850000.0,49.37178131
2026-02-15T00:00:00,102864000.0,102933000.0,102563000.0,102853000.0,97.25225993
2026-02-15T01:00:00,102853000.0,103006000.0,102173000.0,102700000.0,98.51623353
2026-02-15T02:00:00,102700000.0,102700000.0,102221000.0,102387000.0,48.11701808
2026-02-15T03:00:00,102382000.0,102918000.0,102000000.0,102890000.0,70.43989656
2026-02-15T04:00:00,102874000.0,103599000.0,102854000.0,103200000.0,119.97667253
2026-02-15T05:00:00,103200000.0,103850000.0,103185000.0,103593000.0,102.01203506
2026-02-15T06:00:00,103600000.0,104060000.0,103472000.0,103814000.0,92.63679337
2026-02-15T07:00:00,103849000.0,104700000.0,103725000.0,104617000.0,176.84013574
2026-02-15T08:00:00,104608000.0,105000000.0,103756000.0,103960000.0,221.37095516
2026-02-15T09:00:00,103960000.0,104380000.0,103916000.0,103959000.0,67.19092346
2026-02-15T10:00:00,103966000.0,104065000.0,103505000.0,103965000.0,76.79134738
2026-02-15T11:00:00,103965000.0,104150000.0,103603000.0,103616000.0,81.11739169
2026-02-15T12:00:00,103619000.0,103695000.0,101892000.0,101893000.0,204.37478936
2026-02-15T13:00:00,101892000.0,102671000.0,101501000.0,101740000.0,227.87781065
2026-02-15T14:00:00,101737000.0,102352000.0,101703000.0,102259000.0,69.27249627
2026-02-15T15:00:00,102259000.0,102449000.0,101861000.0,102019000.0,57.37788688
2026-02-15T16:00:00,102107000.0,102107000.0,101650000.0,101967000.0,36.73542234
2026-02-15T17:00:00,101924000.0,102131000.0,101010000.0,101436000.0,87.32598485
2026-02-15T18:00:00,101468000.0,101756000.0,101177000.0,101337000.0,37.95223803
2026-02-15T19:00:00,101321000.0,101556000.0,100853000.0,101164000.0,70.4876043
2026-02-15T20:00:00,101167000.0,101489000.0,100900000.0,101414000.0,32.24604626
2026-02-15T21:00:00,101418000.0,102234000.0,101414000.0,102074000.0,45.00435309
2026-02-15T22:00:00,102151000.0,102486000.0,102001000.0,102367000.0,54.37497453
2026-02-15T23:00:00,102267000.0,102394000.0,101425000.0,102103000.0,58.39344086
2026-02-16T00:00:00,102158000.0,102601000.0,102000000.0,102300000.0,74.50015383
2026-02-16T01:00:00,102300000.0,102600000.0,101700000.0,101909000.0,52.03905939
2026-02-16T02:00:00,101909000.0,101994000.0,101111000.0,101234000.0,66.63017898
2026-02-16T03:00:00,101253000.0,101455000.0,100795000.0,101225000.0,74.44150178
2026-02-16T04:00:00,101269000.0,101933000.0,101225000.0,101877000.0,37.60306186
2026-02-16T05:00:00,101935000.0,101936000.0,101294000.0,101425000.0,37.76584779
2026-02-16T06:00:00,101371000.0,101637000.0,101183000.0,101445000.0,27.2480598
2026-02-16T07:00:00,101445000.0,101909000.0,101318000.0,101575000.0,34.65984848
2026-02-16T08:00:00,101576000.0,101910000.0,101575000.0,101824000.0,36.58848108
2026-02-16T09:00:00,101801000.0,102458000.0,101801000.0,102426000.0,60.09789351
2026-02-16T10:00:00,102425000.0,102426000.0,101767000.0,102000000.0,45.16229085
2026-02-16T11:00:00,102000000.0,102090000.0,101220000.0,101973000.0,71.30013788
2026-02-16T12:00:00,102025000.0,103303000.0,101954000.0,103286000.0,153.7207728
2026-02-16T13:00:00,103240000.0,103708000.0,101258000.0,101519000.0,244.33037268
2026-02-16T14:00:00,101566000.0,101828000.0,101303000.0,101485000.0,63.21719197
2026-02-16T15:00:00,101491000.0,101610000.0,100047000.0,100317000.0,189.30794154
2026-02-16T16:00:00,100317000.0,100762000.0,100298000.0,100555000.0,65.27248668
2026-02-16T17:00:00,100645000.0,100980000.0,100301000.0,100878000.0,37.51837386
2026-02-16T18:00:00,100793000.0,101100000.0,100499000.0,100588000.0,17.5945662
2026-02-16T19:00:00,100588000.0,100869000.0,100501000.0,100594000.0,19.99077035
2026-02-16T20:00:00,100594000.0,101468000.0,100510000.0,101468000.0,27.28509912
2026-02-16T21:00:00,101421000.0,101997000.0,101289000.0,101896000.0,33.72155674
2026-02-16T22:00:00,101882000.0,101931000.0,101400000.0,101511000.0,31.053957
2026-02-16T23:00:00,101511000.0,102000000.0,101409000.0,101944000.0,41.1010476
2026-02-17T00:00:00,101944000.0,102199000.0,101659000.0,102020000.0,53.93561462
2026-02-17T01:00:00,102020000.0,102118000.0,101533000.0,101608000.0,39.93110766
2026-02-17T02:00:00,101656000.0,102455000.0,101300000.0,101849000.0,49.1822096
2026-02-17T03:00:00,101892000.0,101923000.0,101340000.0,101391000.0,27.35178695
2026-02-17T04:00:00,101391000.0,101630000.0,101100000.0,101407000.0,37.03882419
2026-02-17T05:00:00,101407000.0,101506000.0,100663000.0,101144000.0,83.42647317
2026-02-17T06:00:00,101153000.0,101459000.0,101153000.0,101350000.0,24.5508916
2026-02-17T07:00:00,101415000.0,101422000.0,101007000.0,101254000.0,32.33424477
2026-02-17T08:00:00,101254000.0,101420000.0,101044000.0,101110000.0,24.56872133
2026-02-17T09:00:00,101118000.0,101238000.0,100725000.0,100935000.0,44.17472053
2026-02-17T10:00:00,100935000.0,101049000.0,100300000.0,100465000.0,74.67081337
2026-02-17T11:00:00,100465000.0,100692000.0,100344000.0,100637000.0,48.80269059
2026-02-17T12:00:00,100638000.0,101200000.0,100581000.0,100700000.0,42.1706235
2026-02-17T13:00:00,100700000.0,101240000.0,100469000.0,100947000.0,42.34186099
2026-02-17T14:00:00,100941000.0,101196000.0,99300000.0,99499000.0,269.05506443
2026-02-17T15:00:00,99498000.0,100100000.0,99051000.0,99999000.0,215.15429133
2026-02-17T16:00:00,99999000.0,100849000.0,99830000.0,99921000.0,110.60349505
2026-02-17T17:00:00,99986000.0,100286000.0,99229000.0,99665000.0,84.53305
2026-02-17T18:00:00,99665000.0,100818000.0,99547000.0,100715000.0,55.17837776
2026-02-17T19:00:00,100652000.0,100818000.0,100239000.0,100325000.0,25.74039652
2026-02-17T20:00:00,100319000.0,100444000.0,99900000.0,100225000.0,24.5487512
2026-02-17T21:00:00,100265000.0,100450000.0,99981000.0,100142000.0,15.15334616
2026-02-17T22:00:00,100142000.0,100319000.0,99948000.0,99986000.0,31.13772508
2026-02-17T23:00:00,99986000.0,100102000.0,99763000.0,100054000.0,63.03556596
2026-02-18T00:00:00,100054000.0,100173000.0,99621000.0,99700000.0,64.97581638
2026-02-18T01:00:00,99747000.0,99747000.0,99200000.0,99574000.0,93.34387855
2026-02-18T02:00:00,99575000.0,99900000.0,99566000.0,99740000.0,41.18593517
2026-02-18T03:00:00,99740000.0,100156000.0,99740000.0,100088000.0,36.8170951
2026-02-18T04:00:00,100128000.0,100328000.0,99858000.0,100241000.0,39.35355014
2026-02-18T05:00:00,100241000.0,100345000.0,99985000.0,100002000.0,29.18613796
2026-02-18T06:00:00,100002000.0,100355000.0,100002000.0,100195000.0,30.26525472
2026-02-18T07:00:00,100234000.0,100700000.0,100060000.0,100620000.0,48.0304256
2026-02-18T08:00:00,100620000.0,100956000.0,100456000.0,100458000.0,72.17717783
2026-02-18T09:00:00,100529000.0,100768000.0,100428000.0,100574000.0,30.28246025
2026-02-18T10:00:00,100575000.0,100600000.0,100012000.0,100164000.0,37.23078002
2026-02-18T11:00:00,100164000.0,100166000.0,99274000.0,99698000.0,107.17437327
2026-02-18T12:00:00,99698000.0,100253000.0,99679000.0,99860000.0,43.28027583
2026-02-18T13:00:00,99900000.0,100015000.0,99335000.0,99578000.0,59.13918655
2026-02-18T14:00:00,99578000.0,99830000.0,99051000.0,99561000.0,123.155369
2026-02-18T15:00:00,99560000.0,100917000.0,99560000.0,99975000.0,132.34024501
2026-02-18T16:00:00,99991000.0,100035000.0,99279000.0,99522000.0,78.52519881
2026-02-18T17:00:00,99566000.0,99933000.0,99350000.0,99630000.0,22.50089606
2026-02-18T18:00:00,99626000.0,99664000.0,98501000.0,98632000.0,134.82310989
2026-02-18T19:00:00,98700000.0,99050000.0,98115000.0,98566000.0,100.08769038
2026-02-18T20:00:00,98602000.0,99064000.0,98488000.0,98730000.0,54.79364387
2026-02-18T21:00:00,98730000.0,99008000.0,98415000.0,98793000.0,50.69423428
2026-02-18T22:00:00,98750000.0,98880000.0,98523000.0,98740000.0,47.4987516
2026-02-18T23:00:00,98740000.0,98740000.0,98457000.0,98622000.0,77.60101277
2026-02-19T00:00:00,98622000.0,98839000.0,98348000.0,98435000.0,100.75472178
2026-02-19T01:00:00,98435000.0,99278000.0,98407000.0,99164000.0,89.86655199
2026-02-19T02:00:00,99164000.0,99300000.0,98906000.0,99148000.0,60.8189753
2026-02-19T03:00:00,99146000.0,99241000.0,98976000.0,99200000.0,34.68382174
2026-02-19T04:00:00,99200000.0,99261000.0,98900000.0,98966000.0,48.69107755
2026-02-19T05:00:00,98966000.0,98991000.0,98720000.0,98907000.0,44.60283383
2026-02-19T06:00:00,98929000.0,99400000.0,98908000.0,99208000.0,47.5940413
2026-02-19T07:00:00,99209000.0,99409000.0,99022000.0,99239000.0,34.9142194
2026-02-19T08:00:00,99261000.0,99280000.0,98700000.0,98882000.0,46.16683655
2026-02-19T09:00:00,98882000.0,99250000.0,98605000.0,98716000.0,35.76327532
2026-02-19T10:00:00,98716000.0,98953000.0,98621000.0,98822000.0,41.41493303
2026-02-19T11:00:00,98785000.0,98900000.0,98297000.0,98301000.0,81.07960742
2026-02-19T12:00:00,98301000.0,98601000.0,98100000.0,98310000.0,84.08070678
2026-02-19T13:00:00,98310000.0,98311000.0,97170000.0,97438000.0,252.74627736
2026-02-19T14:00:00,97437000.0,98380000.0,97069000.0,98060000.0,153.36750111
2026-02-19T15:00:00,98095000.0,98500000.0,97504000.0,98128000.0,99.84431265
2026-02-19T16:00:00,98128000.0,98200000.0,97370000.0,97918000.0,57.11246506
2026-02-19T17:00:00,97900000.0,98984000.0,97717000.0,97959000.0,48.30539256
2026-02-19T18:00:00,98000000.0,98984000.0,97881000.0,98870000.0,22.79678512
2026-02-19T19:00:00,98870000.0,99105000.0,98380000.0,98933000.0,29.12625998
2026-02-19T20:00:00,98890000.0,99099000.0,98625000.0,99021000.0,22.24622415
2026-02-19T21:00:00,99020000.0,99064000.0,98750000.0,98755000.0,16.16822578
2026-02-19T22:00:00,98755000.0,98898000.0,98388000.0,98810000.0,39.09043548
2026-02-19T23:00:00,98849000.0,98891000.0,98609000.0,98846000.0,42.13058327
2026-02-20T00:00:00,98847000.0,99500000.0,98725000.0,99180000.0,113.38417702
2026-02-20T01:00:00,99181000.0,99352000.0,99016000.0,99175000.0,47.78537022
2026-02-20T02:00:00,99174000.0,99298000.0,99016000.0,99110000.0,38.03254697
2026-02-20T03:00:00,99110000.0,99308000.0,99001000.0,99162000.0,49.50802316
2026-02-20T04:00:00,99200000.0,99290000.0,98799000.0,99089000.0,54.56468125
2026-02-20T05:00:00,99089000.0,100101000.0,98995000.0,99724000.0,151.87009687
2026-02-20T06:00:00,99724000.0,99972000.0,99600000.0,99786000.0,56.70620985
2026-02-20T07:00:00,99828000.0,100101000.0,99752000.0,99942000.0,72.50562647
2026-02-20T08:00:00,99977000.0,100093000.0,99766000.0,100020000.0,37.87699044
2026-02-20T09:00:00,100020000.0,100455000.0,100015000.0,100444000.0,78.1556474
2026-02-20T10:00:00,100441000.0,100620000.0,100030000.0,100043000.0,74.90784719
2026-02-20T11:00:00,100041000.0,100133000.0,99211000.0,99225000.0,77.22666055
2026-02-20T12:00:00,99225000.0,99763000.0,99212000.0,99763000.0,56.4856461
2026-02-20T13:00:00,99763000.0,99770000.0,98283000.0,98707000.0,151.11543162
2026-02-20T14:00:00,98748000.0,99359000.0,98494000.0,99022000.0,72.10959941
2026-02-20T15:00:00,99022000.0,100320000.0,98263000.0,99584000.0,205.19919505
2026-02-20T16:00:00,99584000.0,99935000.0,99067000.0,99883000.0,65.3320436
2026-02-20T17:00:00,99878000.0,99878000.0,98724000.0,99531000.0,66.27653575
2026-02-20T18:00:00,99531000.0,100000000.0,99263000.0,99971000.0,30.21380563
2026-02-20T19:00:00,99888000.0,100023000.0,99410000.0,99500000.0,20.89122168
2026-02-20T20:00:00,99502000.0,99751000.0,99371000.0,99680000.0,14.38579113
2026-02-20T21:00:00,99637000.0,99897000.0,99547000.0,99894000.0,13.29870732
2026-02-20T22:00:00,99852000.0,100231000.0,99600000.0,100201000.0,50.85937869
2026-02-20T23:00:00,100201000.0,100369000.0,99908000.0,100065000.0,53.88667611
2026-02-21T00:00:00,100066000.0,100174000.0,99800000.0,99893000.0,50.06180078
2026-02-21T01:00:00,99893000.0,100063000.0,99880000.0,100020000.0,25.48882407
2026-02-21T02:00:00,100021000.0,100162000.0,99947000.0,100027000.0,28.52464811
2026-02-21T03:00:00,100027000.0,100027000.0,99415000.0,99565000.0,54.52296707
2026-02-21T04:00:00,99565000.0,99826000.0,99498000.0,99778000.0,33.37685237
2026-02-21T05:00:00,99808000.0,99939000.0,99766000.0,99797000.0,21.06004241
2026-02-21T06:00:00,99797000.0,99897000.0,99660000.0,99664000.0,29.60848401
2026-02-21T07:00:00,99698000.0,99864000.0,99639000.0,99819000.0,14.81182116
2026-02-21T08:00:00,99841000.0,100100000.0,99817000.0,100098000.0,42.19163467
2026-02-21T09:00:00,100098000.0,100335000.0,100001000.0,100161000.0,45.58382904
2026-02-21T10:00:00,100161000.0,100400000.0,100161000.0,100272000.0,41.5506476
2026-02-21T11:00:00,100272000.0,100370000.0,100044000.0,100160000.0,34.14331867
2026-02-21T12:00:00,100160000.0,100235000.0,99893000.0,100220000.0,34.46703501
2026-02-21T13:00:00,100220000.0,100300000.0,100110000.0,100267000.0,35.21552251
2026-02-21T14:00:00,100267000.0,100776000.0,100191000.0,100554000.0,77.57636041
2026-02-21T15:00:00,100554000.0,100917000.0,100451000.0,100909000.0,51.31575832
2026-02-21T16:00:00,100909000.0,100932000.0,100101000.0,100343000.0,32.34735884
2026-02-21T17:00:00,100445000.0,100679000.0,100229000.0,100615000.0,18.89512072
2026-02-21T18:00:00,100543000.0,100794000.0,100541000.0,100661000.0,9.11550457
2026-02-21T19:00:00,100744000.0,100800000.0,100601000.0,100716000.0,7.48987206
2026-02-21T20:00:00,100709000.0,100800000.0,100250000.0,100320000.0,17.87899726
2026-02-21T21:00:00,100320000.0,100491000.0,100250000.0,100465000.0,7.9342211
2026-02-21T22:00:00,100491000.0,100548000.0,99900000.0,99995000.0,34.57163016
2026-02-21T23:00:00,99995000.0,100160000.0,99911000.0,99986000.0,27.71627431
2026-02-22T00:00:00,100033000.0,100144000.0,99833000.0,100037000.0,41.87564619
2026-02-22T01:00:00,100037000.0,100200000.0,100037000.0,100180000.0,20.51611415
2026-02-22T02:00:00,100180000.0,100263000.0,99918000.0,99952000.0,33.79187493
2026-02-22T03:00:00,99920000.0,100115000.0,99838000.0,100112000.0,24.79064045
2026-02-22T04:00:00,100113000.0,100144000.0,100002000.0,100050000.0,17.75604286
2026-02-22T05:00:00,100050000.0,100060000.0,99952000.0,99995000.0,17.12017006
2026-02-22T06:00:00,99956000.0,100248000.0,99956000.0,100040000.0,24.47915064
2026-02-22T07:00:00,100037000.0,100050000.0,99998000.0,100000000.0,13.14674757
2026-02-22T08:00:00,100001000.0,100045000.0,99890000.0,99890000.0,21.48220631
2026-02-22T09:00:00,99890000.0,100088000.0,99888000.0,100028000.0,19.60115629
2026-02-22T10:00:00,100028000.0,100085000.0,99945000.0,100070000.0,22.17747658
2026-02-22T11:00:00,100070000.0,100227000.0,100067000.0,100145000.0,23.690878
2026-02-22T12:00:00,100145000.0,100172000.0,99789000.0,99850000.0,47.68006422
2026-02-22T13:00:00,99854000.0,99865000.0,99240000.0,99449000.0,120.16629868
2026-02-22T14:00:00,99449000.0,99455000.0,99059000.0,99125000.0,61.86737615
2026-02-22T15:00:00,99125000.0,99660000.0,99015000.0,99499000.0,38.93502406
2026-02-22T16:00:00,99499000.0,99512000.0,99285000.0,99498000.0,11.17684869
2026-02-22T17:00:00,99498000.0,99498000.0,98912000.0,99125000.0,39.47818601
2026-02-22T18:00:00,99124000.0,99289000.0,99121000.0,99270000.0,6.97662703
2026-02-22T19:00:00,99270000.0,99359000.0,99200000.0,99253000.0,10.70227315
2026-02-22T20:00:00,99253000.0,99356000.0,99211000.0,99217000.0,8.22878945
2026-02-22T21:00:00,99219000.0,99594000.0,99219000.0,99594000.0,11.86569927
2026-02-22T22:00:00,99594000.0,99757000.0,99425000.0,99689000.0,23.00893674
2026-02-22T23:00:00,99739000.0,99755000.0,99390000.0,99542000.0,38.12564158
2026-02-23T00:00:00,99579000.0,99580000.0,98070000.0,98070000.0,164.25025443
2026-02-23T01:00:00,98085000.0,98087000.0,95200000.0,95346000.0,955.12566949
2026-02-23T02:00:00,95345000.0,95953000.0,95221000.0,95658000.0,261.18513053
2026-02-23T03:00:00,95658000.0,96100000.0,95550000.0,95970000.0,139.46131874
2026-02-23T04:00:00,95983000.0,96082000.0,95556000.0,95712000.0,94.29034024
2026-02-23T05:00:00,95712000.0,96094000.0,95698000.0,95862000.0,97.81386799
2026-02-23T06:00:00,95862000.0,96840000.0,95813000.0,96739000.0,128.58458791
2026-02-23T07:00:00,96739000.0,97188000.0,96652000.0,97098000.0,85.06887869
2026-02-23T08:00:00,97098000.0,97100000.0,96356000.0,96607000.0,78.40009178
2026-02-23T09:00:00,96607000.0,97700000.0,96607000.0,97610000.0,123.28548911
2026-02-23T10:00:00,97610000.0,97839000.0,97295000.0,97428000.0,68.67499676
2026-02-23T11:00:00,97428000.0,97599000.0,97031000.0,97162000.0,59.52165812
2026-02-23T12:00:00,97199000.0,97614000.0,96788000.0,97255000.0,91.787238
2026-02-23T13:00:00,97283000.0,97498000.0,97016000.0,97058000.0,51.78514653
2026-02-23T14:00:00,97058000.0,97292000.0,96232000.0,96680000.0,138.1225735
2026-02-23T15:00:00,96680000.0,97137000.0,96320000.0,96399000.0,59.85833831
2026-02-23T16:00:00,96399000.0,96500000.0,95800000.0,95996000.0,85.01909353
2026-02-23T17:00:00,95996000.0,96144000.0,94754000.0,95571000.0,325.12792975
2026-02-23T18:00:00,95576000.0,96100000.0,95238000.0,95277000.0,66.65215054
2026-02-23T19:00:00,95279000.0,95579000.0,94600000.0,94860000.0,95.56755209
2026-02-23T20:00:00,94860000.0,95163000.0,94346000.0,95120000.0,95.11427285
2026-02-23T21:00:00,95119000.0,95504000.0,95119000.0,95259000.0,76.91435204
2026-02-23T22:00:00,95260000.0,95875000.0,95201000.0,95468000.0,77.40853083
2026-02-23T23:00:00,95434000.0,95764000.0,95192000.0,95352000.0,75.85233084
2026-02-24T00:00:00,95352000.0,95762000.0,95247000.0,95632000.0,82.02194504
2026-02-24T01:00:00,95590000.0,95628000.0,93623000.0,94398000.0,359.56974956
2026-02-24T02:00:00,94398000.0,94696000.0,94145000.0,94202000.0,161.05988663
2026-02-24T03:00:00,94199000.0,94199000.0,93166000.0,93340000.0,276.05823691
2026-02-24T04:00:00,93357000.0,93388000.0,92500000.0,93080000.0,381.91206223
2026-02-24T05:00:00,93080000.0,93450000.0,92339000.0,92761000.0,226.14677427
2026-02-24T06:00:00,92761000.0,93127000.0,92521000.0,92802000.0,143.38689766
2026-02-24T07:00:00,92802000.0,93247000.0,92568000.0,92967000.0,86.17823973
2026-02-24T08:00:00,92967000.0,93238000.0,92773000.0,93168000.0,75.61084017
2026-02-24T09:00:00,93168000.0,93241000.0,92550000.0,92964000.0,84.56426204
2026-02-24T10:00:00,92964000.0,93000000.0,92740000.0,92982000.0,45.77614869
2026-02-24T11:00:00,92983000.0,92983000.0,92597000.0,92800000.0,62.09949655
2026-02-24T12:00:00,92800000.0,93031000.0,92499000.0,92508000.0,91.80491131
2026-02-24T13:00:00,92506000.0,92663000.0,92000000.0,92361000.0,197.07569411
2026-02-24T14:00:00,92361000.0,93625000.0,92079000.0,93113000.0,233.56717143
2026-02-24T15:00:00,93105000.0,94028000.0,92900000.0,94028000.0,171.52690237
2026-02-24T16:00:00,94028000.0,94547000.0,93500000.0,94163000.0,108.13624956
2026-02-24T17:00:00,94163000.0,94500000.0,93800000.0,94076000.0,41.08512527
2026-02-24T18:00:00,94076000.0,94457000.0,93692000.0,94412000.0,29.55607378
2026-02-24T19:00:00,94435000.0,94800000.0,94173000.0,94405000.0,36.42804467
2026-02-24T20:00:00,94430000.0,94646000.0,94243000.0,94517000.0,36.14487518
2026-02-24T21:00:00,94509000.0,94515000.0,93563000.0,93765000.0,53.20713658
2026-02-24T22:00:00,93765000.0,94148000.0,93664000.0,93985000.0,49.51561324
2026-02-24T23:00:00,93985000.0,94100000.0,93544000.0,93807000.0,62.81690644
2026-02-25T00:00:00,93807000.0,94020000.0,93400000.0,93906000.0,97.58634791
2026-02-25T01:00:00,93906000.0,96893000.0,93817000.0,96259000.0,406.57954922
2026-02-25T02:00:00,96258000.0,96787000.0,95910000.0,95936000.0,178.33810066
2026-02-25T03:00:00,96010000.0,96010000.0,95110000.0,95174000.0,146.47789323
2026-02-25T04:00:00,95174000.0,95450000.0,94701000.0,95089000.0,113.4282959
2026-02-25T05:00:00,95090000.0,95250000.0,94109000.0,94295000.0,126.47675818
2026-02-25T06:00:00,94295000.0,94657000.0,94142000.0,94148000.0,76.65034381
2026-02-25T07:00:00,94192000.0,94707000.0,94000000.0,94440000.0,56.02084524
2026-02-25T08:00:00,94434000.0,95288000.0,94337000.0,95136000.0,74.5769652
2026-02-25T09:00:00,95150000.0,95461000.0,95005000.0,95219000.0,50.38749855
2026-02-25T10:00:00,95218000.0,95325000.0,94871000.0,94968000.0,48.98262616
2026-02-25T11:00:00,94970000.0,95167000.0,94686000.0,95069000.0,51.52096234
2026-02-25T12:00:00,95069000.0,96000000.0,94919000.0,95772000.0,129.77791775
2026-02-25T13:00:00,95772000.0,96503000.0,95688000.0,95928000.0,173.80220361
2026-02-25T14:00:00,95928000.0,96794000.0,95830000.0,96780000.0,188.33104867
2026-02-25T15:00:00,96786000.0,97471000.0,96400000.0,97250000.0,224.33074967
2026-02-25T16:00:00,97250000.0,98365000.0,97129000.0,98331000.0,164.45437537
2026-02-25T17:00:00,98331000.0,99200000.0,98018000.0,99038000.0,205.33839879
2026-02-25T18:00:00,99031000.0,100000000.0,98504000.0,99751000.0,153.27534215
2026-02-25T19:00:00,99734000.0,99882000.0,98900000.0,99233000.0,101.78213092
2026-02-25T20:00:00,99233000.0,99740000.0,98690000.0,99521000.0,116.17332129
2026-02-25T21:00:00,99561000.0,100482000.0,99050000.0,99230000.0,179.45585324
2026-02-25T22:00:00,99300000.0,99594000.0,97850000.0,98547000.0,232.80304129
2026-02-25T23:00:00,98547000.0,98766000.0,97400000.0,97937000.0,181.5440984
2026-02-26T00:00:00,97935000.0,98800000.0,97505000.0,98450000.0,218.07798362
2026-02-26T01:00:00,98398000.0,98864000.0,98022000.0,98022000.0,102.48772105
2026-02-26T02:00:00,98022000.0,98164000.0,97276000.0,98048000.0,143.6401822
2026-02-26T03:00:00,98129000.0,98256000.0,97619000.0,97930000.0,68.41434533
2026-02-26T04:00:00,97919000.0,99223000.0,97918000.0,98641000.0,151.8578601
2026-02-26T05:00:00,98612000.0,98658000.0,98139000.0,98550000.0,65.74912587
2026-02-26T06:00:00,98573000.0,98622000.0,97940000.0,98160000.0,66.39075406
2026-02-26T07:00:00,98160000.0,98257000.0,97630000.0,97700000.0,68.5393016
2026-02-26T08:00:00,97681000.0,98210000.0,97638000.0,97919000.0,51.57160396
2026-02-26T09:00:00,97919000.0,98845000.0,97855000.0,98720000.0,65.4885314
2026-02-26T10:00:00,98723000.0,98913000.0,98330000.0,98382000.0,63.21909985
2026-02-26T11:00:00,98383000.0,98529000.0,97953000.0,98050000.0,82.33617822
2026-02-26T12:00:00,98050000.0,98430000.0,98011000.0,98321000.0,49.95299847
2026-02-26T13:00:00,98321000.0,98411000.0,98000000.0,98092000.0,50.59391557
2026-02-26T14:00:00,98080000.0,98467000.0,97170000.0,97707000.0,154.02772161
2026-02-26T15:00:00,97706000.0,97784000.0,96591000.0,97329000.0,185.04227456
2026-02-26T16:00:00,97329000.0,97566000.0,96343000.0,96493000.0,121.23457512
2026-02-26T17:00:00,96572000.0,97092000.0,96419000.0,96718000.0,42.95506979
2026-02-26T18:00:00,96714000.0,97519000.0,96416000.0,97369000.0,36.06566284
2026-02-26T19:00:00,97369000.0,98097000.0,97345000.0,97544000.0,38.17336825
2026-02-26T20:00:00,97668000.0,97900000.0,97300000.0,97412000.0,20.43490091
2026-02-26T21:00:00,97498000.0,97800000.0,97129000.0,97631000.0,30.46884199
2026-02-26T22:00:00,97631000.0,97800000.0,97468000.0,97700000.0,38.32046278
2026-02-26T23:00:00,97700000.0,97798000.0,97398000.0,97449000.0,41.29362437
2026-02-27T00:00:00,97450000.0,97556000.0,96814000.0,97109000.0,84.01014792
2026-02-27T01:00:00,97109000.0,97485000.0,96695000.0,97481000.0,74.40035814
2026-02-27T02:00:00,97480000.0,97750000.0,97219000.0,97219000.0,64.15462273
2026-02-27T03:00:00,97219000.0,97707000.0,96919000.0,97634000.0,60.63933926
2026-02-27T04:00:00,97634000.0,98420000.0,97596000.0,97742000.0,111.70384294
2026-02-27T05:00:00,97742000.0,98000000.0,97696000.0,97790000.0,37.8018726
2026-02-27T06:00:00,97790000.0,98100000.0,97584000.0,97887000.0,35.89037734
2026-02-27T07:00:00,97887000.0,98004000.0,97541000.0,97909000.0,44.50170177
2026-02-27T08:00:00,97909000.0,98398000.0,97868000.0,98255000.0,60.34181877
2026-02-27T09:00:00,98320000.0,98600000.0,97675000.0,97740000.0,83.42978256
2026-02-27T10:00:00,97740000.0,97804000.0,96701000.0,96744000.0,167.99216332
2026-02-27T11:00:00,96773000.0,97009000.0,96000000.0,96359000.0,158.90267665
2026-02-27T12:00:00,96360000.0,96364000.0,95798000.0,96045000.0,141.21237332
2026-02-27T13:00:00,96041000.0,96728000.0,95817000.0,96599000.0,101.47382658
2026-02-27T14:00:00,96599000.0,96620000.0,95839000.0,96129000.0,58.15296888
2026-02-27T15:00:00,96129000.0,96632000.0,96049000.0,96398000.0,46.85382161
2026-02-27T16:00:00,96439000.0,96439000.0,95600000.0,95617000.0,69.58594743
2026-02-27T17:00:00,95613000.0,95979000.0,95153000.0,95881000.0,67.67118238
2026-02-27T18:00:00,95977000.0,95979000.0,95300000.0,95450000.0,29.93989691
2026-02-27T19:00:00,95387000.0,95596000.0,95214000.0,95581000.0,31.27948948
2026-02-27T20:00:00,95572000.0,95936000.0,95521000.0,95890000.0,26.98956559
2026-02-27T21:00:00,95890000.0,96114000.0,95677000.0,95816000.0,36.4747039
2026-02-27T22:00:00,95816000.0,96068000.0,95061000.0,96015000.0,60.79776412
2026-02-27T23:00:00,96015000.0,96352000.0,95808000.0,96121000.0,49.43282322
2026-02-28T00:00:00,96120000.0,96410000.0,96099000.0,96402000.0,46.36184613
2026-02-28T01:00:00,96401000.0,96517000.0,96229000.0,96310000.0,48.55501572
2026-02-28T02:00:00,96333000.0,96547000.0,96253000.0,96538000.0,21.78204674
2026-02-28T03:00:00,96538000.0,96538000.0,96142000.0,96225000.0,32.31379493
2026-02-28T04:00:00,96225000.0,96227000.0,95727000.0,95900000.0,32.40221163
2026-02-28T05:00:00,95900000.0,95980000.0,95660000.0,95857000.0,29.23906553
2026-02-28T06:00:00,95855000.0,95895000.0,92632000.0,92939000.0,571.26719709
2026-02-28T07:00:00,92939000.0,94300000.0,92655000.0,93534000.0,321.85567977
2026-02-28T08:00:00,93534000.0,93600000.0,93000000.0,93040000.0,189.61811664
2026-02-28T09:00:00,93019000.0,93715000.0,92935000.0,93221000.0,157.29890894
2026-02-28T10:00:00,93221000.0,93786000.0,92969000.0,93779000.0,107.3000992
2026-02-28T11:00:00,93770000.0,94341000.0,93537000.0,93542000.0,117.99054269
2026-02-28T12:00:00,93542000.0,94000000.0,93533000.0,93846000.0,71.24522188
2026-02-28T13:00:00,93846000.0,95500000.0,93720000.0,95363000.0,166.17057438
2026-02-28T14:00:00,95404000.0,95748000.0,94179000.0,94399000.0,182.99389117
2026-02-28T15:00:00,94399000.0,95100000.0,94016000.0,94806000.0,67.61371161
2026-02-28T16:00:00,94879000.0,95280000.0,94602000.0,95149000.0,35.83093474
2026-02-28T17:00:00,95200000.0,95740000.0,94808000.0,95630000.0,38.80471432
2026-02-28T18:00:00,95647000.0,96547000.0,95264000.0,96260000.0,56.65374016
2026-02-28T19:00:00,96260000.0,97229000.0,95743000.0,96800000.0,84.82438053
2026-02-28T20:00:00,96857000.0,97855000.0,96578000.0,97579000.0,104.57263778
2026-02-28T21:00:00,97579000.0,97695000.0,96769000.0,97167000.0,75.38012438
2026-02-28T22:00:00,97170000.0,98601000.0,97052000.0,97940000.0,184.05082285
2026-02-28T23:00:00,97924000.0,98116000.0,97333000.0,97626000.0,102.88279272
2026-03-01T00:00:00,97626000.0,97884000.0,97000000.0,97255000.0,106.38708915
2026-03-01T01:00:00,97310000.0,98378000.0,96200000.0,97902000.0,197.02580176
2026-03-01T02:00:00,97914000.0,99005000.0,97897000.0,98183000.0,308.91008475
2026-03-01T03:00:00,98183000.0,98487000.0,97825000.0,97896000.0,84.86627662
2026-03-01T04:00:00,97862000.0,98000000.0,97231000.0,97570000.0,77.14377457
2026-03-01T05:00:00,97572000.0,97980000.0,97529000.0,97667000.0,51.18717932
2026-03-01T06:00:00,97667000.0,97750000.0,96965000.0,97124000.0,85.05709121
2026-03-01T07:00:00,97181000.0,97530000.0,96830000.0,97383000.0,42.58432791
2026-03-01T08:00:00,97398000.0,97698000.0,96600000.0,96638000.0,68.34308993
2026-03-01T09:00:00,96636000.0,97100000.0,96342000.0,96564000.0,85.98188343
2026-03-01T10:00:00,96562000.0,96901000.0,96327000.0,96569000.0,69.5238925
2026-03-01T11:00:00,96582000.0,96873000.0,96448000.0,96581000.0,36.48241803
2026-03-01T12:00:00,96602000.0,96690000.0,96295000.0,96350000.0,53.73491922
2026-03-01T13:00:00,96350000.0,97674000.0,96118000.0,97171000.0,122.82384874
2026-03-01T14:00:00,97171000.0,97615000.0,96914000.0,97056000.0,85.77901009
2026-03-01T15:00:00,97056000.0,97593000.0,97000000.0,97116000.0,60.19399646
2026-03-01T16:00:00,97116000.0,97422000.0,95840000.0,96234000.0,95.7741723
2026-03-01T17:00:00,96234000.0,96350000.0,95750000.0,96096000.0,67.48010963
2026-03-01T18:00:00,96096000.0,96980000.0,96083000.0,96464000.0,40.68821501
2026-03-01T19:00:00,96587000.0,96587000.0,95925000.0,96173000.0,31.51165832
2026-03-01T20:00:00,96199000.0,96199000.0,95100000.0,95472000.0,70.99849573
2026-03-01T21:00:00,95450000.0,95971000.0,95389000.0,95934000.0,43.2960787
2026-03-01T22:00:00,95886000.0,96950000.0,95121000.0,95420000.0,97.5843256
2026-03-01T23:00:00,95420000.0,96446000.0,95239000.0,95904000.0,62.37728119
2026-03-02T00:00:00,95906000.0,97578000.0,95871000.0,97200000.0,148.2708599
2026-03-02T01:00:00,97225000.0,97895000.0,96884000.0,97084000.0,117.17533986
2026-03-02T02:00:00,97003000.0,97157000.0,96215000.0,96715000.0,62.28604721
2026-03-02T03:00:00,96673000.0,97600000.0,96500000.0,97309000.0,84.07747897
2026-03-02T04:00:00,97309000.0,97572000.0,97130000.0,97512000.0,104.98833742
2026-03-02T05:00:00,97515000.0,97866000.0,97160000.0,97461000.0,106.36232851
2026-03-02T06:00:00,97499000.0,97500000.0,96666000.0,96923000.0,63.45570164
2026-03-02T07:00:00,96924000.0,96989000.0,96039000.0,96602000.0,133.05800735
2026-03-02T08:00:00,96612000.0,97068000.0,96188000.0,97053000.0,65.70573307
2026-03-02T09:00:00,97000000.0,97638000.0,96845000.0,96871000.0,114.35590427
2026-03-02T10:00:00,96871000.0,97100000.0,96767000.0,96936000.0,45.04808505
2026-03-02T11:00:00,96947000.0,97200000.0,96601000.0,97032000.0,61.10025333
2026-03-02T12:00:00,97008000.0,97032000.0,96496000.0,96600000.0,52.64884854
2026-03-02T13:00:00,96663000.0,96977000.0,96077000.0,96284000.0,109.00488723
2026-03-02T14:00:00,96208000.0,98249000.0,96035000.0,98140000.0,271.17049085
2026-03-02T15:00:00,98106000.0,101979000.0,97939000.0,101050000.0,931.78815233
2026-03-02T16:00:00,101050000.0,102200000.0,100841000.0,101400000.0,361.99824124
2026-03-02T17:00:00,101443000.0,101631000.0,100480000.0,101032000.0,138.67968297
2026-03-02T18:00:00,101032000.0,101070000.0,100400000.0,100549000.0,66.87184196
2026-03-02T19:00:00,100549000.0,100699000.0,100080000.0,100559000.0,70.88383743
2026-03-02T20:00:00,100599000.0,101356000.0,100108000.0,100800000.0,76.29892969
2026-03-02T21:00:00,100800000.0,101340000.0,100680000.0,101123000.0,58.1454047
2026-03-02T22:00:00,101123000.0,101272000.0,100775000.0,101149000.0,91.86991981
2026-03-02T23:00:00,101149000.0,101259000.0,100251000.0,100520000.0,140.47548161
2026-03-03T00:00:00,100578000.0,101340000.0,100411000.0,101299000.0,163.80376079
2026-03-03T01:00:00,101270000.0,101549000.0,100760000.0,100891000.0,118.66607108
2026-03-03T02:00:00,100891000.0,100891000.0,100039000.0,100302000.0,135.09449117
2026-03-03T03:00:00,100303000.0,100349000.0,99803000.0,99898000.0,119.1486772
2026-03-03T04:00:00,99898000.0,100001000.0,99586000.0,99594000.0,95.00682848
2026-03-03T05:00:00,99605000.0,100285000.0,99344000.0,99432000.0,110.72833124
2026-03-03T06:00:00,99459000.0,99745000.0,99296000.0,99620000.0,76.41094227
2026-03-03T07:00:00,99621000.0,99880000.0,99342000.0,99783000.0,54.23772481
2026-03-03T08:00:00,99857000.0,100000000.0,98279000.0,98415000.0,163.62491498
2026-03-03T09:00:00,98404000.0,98690000.0,97493000.0,97870000.0,220.18093646
2026-03-03T10:00:00,97870000.0,98581000.0,97596000.0,98345000.0,125.3116106
2026-03-03T11:00:00,98344000.0,98988000.0,98302000.0,98772000.0,99.60919976
2026-03-03T12:00:00,98776000.0,100000000.0,98706000.0,99069000.0,137.51374659
2026-03-03T13:00:00,99069000.0,99070000.0,98110000.0,98599000.0,73.7538919
2026-03-03T14:00:00,98584000.0,99573000.0,97899000.0,98403000.0,151.54348682
2026-03-03T15:00:00,98403000.0,100220000.0,98400000.0,100051000.0,276.35608426
2026-03-03T16:00:00,100096000.0,101518000.0,99581000.0,100361000.0,227.02036496
2026-03-03T17:00:00,100361000.0,100662000.0,99557000.0,100502000.0,77.70302013
2026-03-03T18:00:00,100502000.0,101325000.0,100100000.0,100849000.0,58.34738362
2026-03-03T19:00:00,100895000.0,101200000.0,100449000.0,100594000.0,40.38958571
2026-03-03T20:00:00,100527000.0,100738000.0,100066000.0,100329000.0,38.15435942
2026-03-03T21:00:00,100329000.0,100329000.0,99841000.0,100160000.0,60.04806614
2026-03-03T22:00:00,100123000.0,100800000.0,100090000.0,100529000.0,68.05646283
2026-03-03T23:00:00,100480000.0,101119000.0,100200000.0,100274000.0,144.86704693
2026-03-04T00:00:00,100310000.0,100556000.0,99841000.0,100101000.0,119.95475716
2026-03-04T01:00:00,100164000.0,101330000.0,100005000.0,100659000.0,131.37924342
2026-03-04T02:00:00,100703000.0,100716000.0,100000000.0,100250000.0,87.3661408
2026-03-04T03:00:00,100250000.0,100261000.0,98907000.0,99333000.0,220.66661398
2026-03-04T04:00:00,99333000.0,99627000.0,99058000.0,99405000.0,79.74570354
2026-03-04T05:00:00,99405000.0,100226000.0,99286000.0,99967000.0,91.90295897
2026-03-04T06:00:00,99951000.0,100560000.0,99710000.0,100229000.0,107.15392162
2026-03-04T07:00:00,100229000.0,101684000.0,100089000.0,101588000.0,192.1013236
2026-03-04T08:00:00,101588000.0,103948000.0,101048000.0,103659000.0,400.49918651
2026-03-04T09:00:00,103654000.0,104950000.0,103086000.0,104321000.0,520.30703167
2026-03-04T10:00:00,104321000.0,104900000.0,103500000.0,103611000.0,254.04180606
2026-03-04T11:00:00,103616000.0,104100000.0,103246000.0,103622000.0,133.46637361
2026-03-04T12:00:00,103622000.0,104150000.0,102700000.0,104150000.0,172.24232701
2026-03-04T13:00:00,104152000.0,104470000.0,103862000.0,104416000.0,180.11613587
2026-03-04T14:00:00,104401000.0,105700000.0,104056000.0,104418000.0,417.52638759
2026-03-04T15:00:00,104452000.0,106650000.0,104359000.0,106555000.0,351.71552752
2026-03-04T16:00:00,106555000.0,106697000.0,105300000.0,106300000.0,189.06631117
2026-03-04T17:00:00,106360000.0,106944000.0,105868000.0,106332000.0,123.42001985
2026-03-04T18:00:00,106332000.0,106911000.0,105903000.0,106879000.0,62.42239805
2026-03-04T19:00:00,106881000.0,107294000.0,106500000.0,106781000.0,105.39428707
2026-03-04T20:00:00,106780000.0,106874000.0,105835000.0,105835000.0,94.01811673
2026-03-04T21:00:00,105835000.0,106254000.0,105510000.0,106254000.0,97.20458527
2026-03-04T22:00:00,106253000.0,106516000.0,105000000.0,105250000.0,171.56731322
2026-03-04T23:00:00,105250000.0,105584000.0,104753000.0,105374000.0,150.4353123
2026-03-05T00:00:00,105374000.0,106170000.0,105357000.0,105929000.0,188.75601056
2026-03-05T01:00:00,105928000.0,106685000.0,105428000.0,105521000.0,167.38623036
2026-03-05T02:00:00,105575000.0,106086000.0,105150000.0,105371000.0,112.59686037
2026-03-05T03:00:00,105371000.0,105734000.0,105303000.0,105546000.0,68.78474952
2026-03-05T04:00:00,105546000.0,106499000.0,105492000.0,106173000.0,91.19660456
2026-03-05T05:00:00,106173000.0,106229000.0,105536000.0,105692000.0,88.71295415
2026-03-05T06:00:00,105734000.0,105934000.0,105300000.0,105809000.0,80.78947897
2026-03-05T07:00:00,105809000.0,105980000.0,104818000.0,105226000.0,111.95207787
2026-03-05T08:00:00,105226000.0,105684000.0,104851000.0,105581000.0,72.11184051
2026-03-05T09:00:00,105642000.0,106205000.0,105561000.0,105847000.0,76.97677767
2026-03-05T10:00:00,105846000.0,107547000.0,105823000.0,107350000.0,238.88939494
2026-03-05T11:00:00,107350000.0,107455000.0,106515000.0,106750000.0,139.24560714
2026-03-05T12:00:00,106750000.0,107000000.0,106410000.0,106833000.0,93.65256403
2026-03-05T13:00:00,106864000.0,106886000.0,105952000.0,106293000.0,122.15274362
2026-03-05T14:00:00,106293000.0,106745000.0,105637000.0,106458000.0,124.83185148
2026-03-05T15:00:00,106458000.0,106632000.0,104416000.0,105110000.0,236.97749368
2026-03-05T16:00:00,105082000.0,105167000.0,104011000.0,104705000.0,118.11732744
2026-03-05T17:00:00,104711000.0,104987000.0,103809000.0,103889000.0,71.46945486
2026-03-05T18:00:00,103824000.0,104472000.0,103771000.0,104248000.0,43.35383405
2026-03-05T19:00:00,104328000.0,104949000.0,104204000.0,104309000.0,34.38586692
2026-03-05T20:00:00,104302000.0,104856000.0,104170000.0,104726000.0,34.339383
2026-03-05T21:00:00,104728000.0,105100000.0,104344000.0,104532000.0,46.59425725
2026-03-05T22:00:00,104532000.0,104749000.0,104422000.0,104541000.0,37.73115121
2026-03-05T23:00:00,104541000.0,104678000.0,103747000.0,103877000.0,85.41450218
2026-03-06T00:00:00,103877000.0,104207000.0,103806000.0,104207000.0,85.56064575
2026-03-06T01:00:00,104207000.0,104555000.0,103237000.0,104525000.0,103.75900979
2026-03-06T02:00:00,104525000.0,104699000.0,104233000.0,104355000.0,51.4763381
2026-03-06T03:00:00,104422000.0,104484000.0,104039000.0,104100000.0,44.62718263
2026-03-06T04:00:00,104138000.0,104186000.0,103116000.0,103505000.0,90.15557207
2026-03-06T05:00:00,103505000.0,103506000.0,102784000.0,103253000.0,106.26670544
2026-03-06T06:00:00,103258000.0,103900000.0,102860000.0,103597000.0,80.41283567
2026-03-06T07:00:00,103599000.0,104282000.0,103340000.0,104003000.0,52.58929223
2026-03-06T08:00:00,104020000.0,104113000.0,103612000.0,103650000.0,41.71386753
2026-03-06T09:00:00,103718000.0,103868000.0,103281000.0,103784000.0,55.29878628
2026-03-06T10:00:00,103783000.0,104025000.0,103600000.0,103738000.0,46.58277703
2026-03-06T11:00:00,103778000.0,103853000.0,103280000.0,103348000.0,35.03625533
2026-03-06T12:00:00,103348000.0,103390000.0,102585000.0,102955000.0,135.39562767
2026-03-06T13:00:00,102957000.0,103400000.0,102000000.0,102000000.0,139.02252143
2026-03-06T14:00:00,102000000.0,102092000.0,100798000.0,101060000.0,347.8048432
2026-03-06T15:00:00,101124000.0,101999000.0,100883000.0,101218000.0,144.80632103
2026-03-06T16:00:00,101233000.0,101706000.0,100883000.0,101194000.0,95.99737009
2026-03-06T17:00:00,101208000.0,101442000.0,100185000.0,100569000.0,79.50513916
2026-03-06T18:00:00,100565000.0,101186000.0,100450000.0,100770000.0,42.00353304
2026-03-06T19:00:00,100770000.0,101169000.0,100569000.0,100648000.0,28.81264514
2026-03-06T20:00:00,100769000.0,100900000.0,100222000.0,100787000.0,45.96062742
2026-03-06T21:00:00,100779000.0,101098000.0,100499000.0,101049000.0,41.48479598
2026-03-06T22:00:00,101049000.0,101334000.0,100982000.0,101175000.0,45.75191427
2026-03-06T23:00:00,101183000.0,101221000.0,100705000.0,100763000.0,55.55722439
2026-03-07T00:00:00,100821000.0,101200000.0,100669000.0,101072000.0,54.71792464
2026-03-07T01:00:00,101074000.0,101180000.0,100769000.0,100959000.0,46.69455739
2026-03-07T02:00:00,100992000.0,100999000.0,100351000.0,100766000.0,65.43348252
2026-03-07T03:00:00,100766000.0,101012000.0,100445000.0,100477000.0,36.05135008
2026-03-07T04:00:00,100510000.0,100576000.0,100100000.0,100445000.0,55.6413828
2026-03-07T05:00:00,100441000.0,100569000.0,100067000.0,100365000.0,62.85013829
2026-03-07T06:00:00,100365000.0,100431000.0,99875000.0,99918000.0,111.98616224
2026-03-07T07:00:00,99900000.0,100100000.0,99538000.0,100051000.0,96.32021749
2026-03-07T08:00:00,100089000.0,100372000.0,99878000.0,99990000.0,45.96262076
2026-03-07T09:00:00,100004000.0,100493000.0,99924000.0,100469000.0,34.46722479
2026-03-07T10:00:00,100461000.0,100646000.0,100270000.0,100275000.0,31.8273354
2026-03-07T11:00:00,100274000.0,100822000.0,100235000.0,100564000.0,34.88053941
2026-03-07T12:00:00,100564000.0,100650000.0,100315000.0,100410000.0,21.67676278
2026-03-07T13:00:00,100489000.0,100608000.0,100248000.0,100418000.0,26.37489935
2026-03-07T14:00:00,100418000.0,100631000.0,100010000.0,100500000.0,29.32842973
2026-03-07T15:00:00,100500000.0,100563000.0,100225000.0,100470000.0,19.53480471
2026-03-07T16:00:00,100470000.0,100471000.0,100147000.0,100285000.0,9.75852105
2026-03-07T17:00:00,100216000.0,100436000.0,100183000.0,100205000.0,9.60329975
2026-03-07T18:00:00,100243000.0,100243000.0,99863000.0,99992000.0,36.04511251
2026-03-07T19:00:00,99992000.0,100004000.0,99099000.0,99310000.0,80.66865928
2026-03-07T20:00:00,99303000.0,99700000.0,99182000.0,99684000.0,43.09971963
2026-03-07T21:00:00,99684000.0,99800000.0,99500000.0,99800000.0,23.74193508
2026-03-07T22:00:00,99800000.0,99800000.0,99300000.0,99502000.0,41.0011309
2026-03-07T23:00:00,99502000.0,99724000.0,99375000.0,99385000.0,32.03952688
2026-03-08T00:00:00,99387000.0,99739000.0,99250000.0,99270000.0,61.38391326
2026-03-08T01:00:00,99277000.0,99541000.0,99031000.0,99437000.0,76.2083599
2026-03-08T02:00:00,99433000.0,99579000.0,99000000.0,99079000.0,77.81482258
2026-03-08T03:00:00,99144000.0,99299000.0,99032000.0,99165000.0,33.57669882
2026-03-08T04:00:00,99165000.0,99265000.0,98512000.0,98610000.0,87.47439039
2026-03-08T05:00:00,98610000.0,99435000.0,98580000.0,99320000.0,39.95387563
2026-03-08T06:00:00,99315000.0,99484000.0,99196000.0,99289000.0,23.8936732
2026-03-08T07:00:00,99263000.0,99707000.0,99222000.0,99536000.0,32.66216368
2026-03-08T08:00:00,99549000.0,100000000.0,99349000.0,99927000.0,45.85372716
2026-03-08T09:00:00,99927000.0,100398000.0,99747000.0,100196000.0,56.84057091
2026-03-08T10:00:00,100184000.0,100912000.0,100184000.0,100520000.0,84.24044007
2026-03-08T11:00:00,100490000.0,100531000.0,99700000.0,99858000.0,69.15744198
2026-03-08T12:00:00,99858000.0,100096000.0,99008000.0,99637000.0,74.87980702
2026-03-08T13:00:00,99641000.0,99814000.0,99001000.0,99543000.0,59.79066279
2026-03-08T14:00:00,99543000.0,99747000.0,99335000.0,99661000.0,26.21188048
2026-03-08T15:00:00,99661000.0,99729000.0,99350000.0,99485000.0,27.7781656
2026-03-08T16:00:00,99516000.0,99637000.0,99000000.0,99000000.0,30.21199313
2026-03-08T17:00:00,99101000.0,99495000.0,99000000.0,99287000.0,15.56748282
2026-03-08T18:00:00,99363000.0,99400000.0,98900000.0,99046000.0,17.92998238
2026-03-08T19:00:00,99046000.0,99751000.0,98998000.0,99616000.0,11.91356491
2026-03-08T20:00:00,99616000.0,99825000.0,99222000.0,99494000.0,17.92295629
2026-03-08T21:00:00,99560000.0,99561000.0,98876000.0,99203000.0,28.12749215
2026-03-08T22:00:00,99255000.0,99259000.0,97500000.0,98122000.0,315.04793859
2026-03-08T23:00:00,98120000.0,98500000.0,97765000.0,97845000.0,122.27706556
2026-03-09T00:00:00,97845000.0,98938000.0,97668000.0,98525000.0,142.20484868
2026-03-09T01:00:00,98503000.0,98943000.0,98199000.0,98295000.0,89.76993017
2026-03-09T02:00:00,98273000.0,98816000.0,97950000.0,98624000.0,87.27879253
2026-03-09T03:00:00,98569000.0,100000000.0,98566000.0,99543000.0,115.19849804
2026-03-09T04:00:00,99545000.0,100084000.0,99428000.0,99428000.0,78.45956507
2026-03-09T05:00:00,99429000.0,100400000.0,99309000.0,100236000.0,93.6469079
2026-03-09T06:00:00,100227000.0,100286000.0,99471000.0,99471000.0,76.02722914
2026-03-09T07:00:00,99471000.0,99843000.0,99002000.0,99820000.0,61.83730285
2026-03-09T08:00:00,99825000.0,100320000.0,99667000.0,100226000.0,58.77102575
2026-03-09T09:00:00,100226000.0,101000000.0,99883000.0,100297000.0,115.59305483
2026-03-09T10:00:00,100359000.0,100478000.0,99781000.0,99799000.0,54.24678954
2026-03-09T11:00:00,99800000.0,100264000.0,99600000.0,100136000.0,61.17217769
2026-03-09T12:00:00,100136000.0,100930000.0,100135000.0,100651000.0,91.8506138
2026-03-09T13:00:00,100622000.0,102100000.0,100563000.0,101676000.0,242.43906122
2026-03-09T14:00:00,101668000.0,102200000.0,101200000.0,101655000.0,157.11629824
2026-03-09T15:00:00,101740000.0,101923000.0,101212000.0,101353000.0,88.47742322
2026-03-09T16:00:00,101353000.0,101661000.0,100880000.0,101290000.0,44.2987258
2026-03-09T17:00:00,101365000.0,101485000.0,100390000.0,100791000.0,34.57120949
2026-03-09T18:00:00,100791000.0,100931000.0,100300000.0,100498000.0,13.25946318
2026-03-09T19:00:00,100498000.0,101869000.0,100477000.0,101119000.0,54.48054233
2026-03-09T20:00:00,101119000.0,101446000.0,100800000.0,101008000.0,30.16572361
2026-03-09T21:00:00,101083000.0,101193000.0,100630000.0,101035000.0,32.35040075
2026-03-09T22:00:00,101030000.0,101179000.0,100506000.0,100641000.0,41.5221572
2026-03-09T23:00:00,100640000.0,100751000.0,100410000.0,100425000.0,49.49641908
2026-03-10T00:00:00,100499000.0,101723000.0,100413000.0,101500000.0,124.25884044
2026-03-10T01:00:00,101492000.0,101850000.0,101091000.0,101708000.0,73.13246266
2026-03-10T02:00:00,101686000.0,103377000.0,101442000.0,103001000.0,202.61994218
2026-03-10T03:00:00,102996000.0,103118000.0,101862000.0,101894000.0,117.83343043
2026-03-10T04:00:00,101910000.0,102877000.0,101894000.0,102858000.0,58.7930393
2026-03-10T05:00:00,102858000.0,103100000.0,102444000.0,102517000.0,74.40733446
2026-03-10T06:00:00,102517000.0,102892000.0,102220000.0,102438000.0,57.7539044
2026-03-10T07:00:00,102460000.0,103195000.0,102352000.0,103044000.0,78.37091729
2026-03-10T08:00:00,103010000.0,103810000.0,103000000.0,103291000.0,123.85092839
2026-03-10T09:00:00,103291000.0,104225000.0,103209000.0,103915000.0,126.82640174
2026-03-10T10:00:00,103915000.0,104025000.0,103250000.0,103470000.0,70.15189115
2026-03-10T11:00:00,103470000.0,103593000.0,103187000.0,103234000.0,55.42128259
2026-03-10T12:00:00,103234000.0,103342000.0,102849000.0,103187000.0,71.80263728
2026-03-10T13:00:00,103187000.0,103669000.0,102210000.0,102381000.0,150.34855929
2026-03-10T14:00:00,102381000.0,104225000.0,101539000.0,104063000.0,201.23760282
2026-03-10T15:00:00,104063000.0,104500000.0,103220000.0,103768000.0,154.95165514
2026-03-10T16:00:00,103768000.0,104200000.0,103254000.0,103652000.0,45.58426354
2026-03-10T17:00:00,103635000.0,103899000.0,102749000.0,103147000.0,43.12689383
2026-03-10T18:00:00,103261000.0,103290000.0,102208000.0,102324000.0,46.33208609
2026-03-10T19:00:00,102391000.0,102717000.0,102098000.0,102571000.0,24.59663895
2026-03-10T20:00:00,102550000.0,102927000.0,102520000.0,102823000.0,17.16069557
2026-03-10T21:00:00,102806000.0,103000000.0,101967000.0,102306000.0,47.93287218
2026-03-10T22:00:00,102297000.0,102436000.0,101762000.0,102105000.0,57.16207431
2026-03-10T23:00:00,102105000.0,102500000.0,102105000.0,102417000.0,42.12773806
2026-03-11T00:00:00,102417000.0,102799000.0,102248000.0,102500000.0,86.18690477
2026-03-11T01:00:00,102500000.0,102699000.0,102282000.0,102517000.0,43.64758168
2026-03-11T02:00:00,102493000.0,102536000.0,102000000.0,102199000.0,43.14797613
2026-03-11T03:00:00,102199000.0,102265000.0,101732000.0,101749000.0,56.86761447
2026-03-11T04:00:00,101749000.0,102636000.0,101577000.0,102496000.0,51.71304394
2026-03-11T05:00:00,102496000.0,102502000.0,101514000.0,101668000.0,43.80753186
2026-03-11T06:00:00,101754000.0,102250000.0,101638000.0,102236000.0,33.1580776
2026-03-11T07:00:00,102236000.0,102277000.0,101715000.0,101777000.0,34.03497867
2026-03-11T08:00:00,101777000.0,102201000.0,101775000.0,101992000.0,35.69251313
2026-03-11T09:00:00,102059000.0,102234000.0,101750000.0,101848000.0,27.95006025
2026-03-11T10:00:00,101850000.0,102200000.0,101803000.0,102042000.0,22.36631066
2026-03-11T11:00:00,102062000.0,102100000.0,101514000.0,101514000.0,51.37783259
2026-03-11T12:00:00,101514000.0,102221000.0,101150000.0,101751000.0,124.15377548
2026-03-11T13:00:00,101799000.0,103988000.0,101745000.0,102949000.0,260.45455395
2026-03-11T14:00:00,102949000.0,103798000.0,102561000.0,103121000.0,135.23877045
2026-03-11T15:00:00,103168000.0,103318000.0,102253000.0,102884000.0,73.8758389
2026-03-11T16:00:00,102884000.0,103623000.0,102774000.0,103267000.0,47.40764459
2026-03-11T17:00:00,103267000.0,104099000.0,103050000.0,103423000.0,88.3452614
2026-03-11T18:00:00,103423000.0,103622000.0,102892000.0,103170000.0,23.77596809
2026-03-11T19:00:00,103162000.0,103361000.0,102837000.0,103206000.0,13.51030599
2026-03-11T20:00:00,103206000.0,103350000.0,102950000.0,103350000.0,19.08679144
2026-03-11T21:00:00,103350000.0,103500000.0,103090000.0,103336000.0,22.01529566
2026-03-11T22:00:00,103336000.0,103503000.0,102702000.0,102821000.0,55.75818504
2026-03-11T23:00:00,102833000.0,103001000.0,102519000.0,102731000.0,48.27094932
2026-03-12T00:00:00,102734000.0,103115000.0,102724000.0,102918000.0,39.4643197
2026-03-12T01:00:00,102920000.0,102934000.0,102253000.0,102340000.0,60.41443221
2026-03-12T02:00:00,102340000.0,102428000.0,101600000.0,101687000.0,90.92560818
2026-03-12T03:00:00,101727000.0,102200000.0,101616000.0,101994000.0,53.83490127
2026-03-12T04:00:00,101995000.0,102275000.0,101822000.0,101950000.0,43.55127283
2026-03-12T05:00:00,101984000.0,102119000.0,101760000.0,102019000.0,34.82765332
2026-03-12T06:00:00,102042000.0,102186000.0,101893000.0,101934000.0,26.38528986
2026-03-12T07:00:00,102004000.0,102349000.0,101900000.0,102317000.0,32.07418015
2026-03-12T08:00:00,102343000.0,102692000.0,102124000.0,102373000.0,41.97266758
2026-03-12T09:00:00,102373000.0,103005000.0,102050000.0,102551000.0,43.05222244
2026-03-12T10:00:00,102573000.0,103115000.0,102440000.0,103069000.0,63.32866825
2026-03-12T11:00:00,103069000.0,103416000.0,102940000.0,103044000.0,58.15478816
2026-03-12T12:00:00,103044000.0,103220000.0,102791000.0,102946000.0,46.66715228
2026-03-12T13:00:00,102946000.0,103114000.0,102196000.0,102550000.0,102.59603766
2026-03-12T14:00:00,102560000.0,103325000.0,102000000.0,102283000.0,136.07399935
2026-03-12T15:00:00,102325000.0,103398000.0,102178000.0,103073000.0,81.27298695
2026-03-12T16:00:00,103134000.0,103365000.0,102563000.0,103081000.0,36.71582959
2026-03-12T17:00:00,103082000.0,103299000.0,102652000.0,102805000.0,16.7426432
2026-03-12T18:00:00,102856000.0,102990000.0,102459000.0,102500000.0,18.02480133
2026-03-12T19:00:00,102500000.0,103241000.0,102455000.0,103096000.0,28.79559197
2026-03-12T20:00:00,103188000.0,103248000.0,102870000.0,102940000.0,13.63742972
2026-03-12T21:00:00,102968000.0,103250000.0,102905000.0,103045000.0,26.07664811
2026-03-12T22:00:00,103070000.0,103123000.0,102699000.0,102818000.0,33.511616
2026-03-12T23:00:00,102842000.0,103354000.0,102818000.0,103248000.0,68.37665965
2026-03-13T00:00:00,103247000.0,104980000.0,103087000.0,104400000.0,330.93428129
2026-03-13T01:00:00,104400000.0,104788000.0,104110000.0,104710000.0,123.75035274
2026-03-13T02:00:00,104711000.0,104758000.0,103920000.0,104062000.0,90.46650878
2026-03-13T03:00:00,104100000.0,104523000.0,103819000.0,104380000.0,63.14704381
2026-03-13T04:00:00,104418000.0,104443000.0,104178000.0,104366000.0,55.4147728
2026-03-13T05:00:00,104401000.0,104600000.0,104182000.0,104500000.0,52.61874478
2026-03-13T06:00:00,104517000.0,104598000.0,104179000.0,104398000.0,40.81019557
2026-03-13T07:00:00,104399000.0,104987000.0,104234000.0,104980000.0,79.7114382
2026-03-13T08:00:00,104983000.0,105464000.0,104700000.0,105263000.0,160.07724299
2026-03-13T09:00:00,105263000.0,105817000.0,105075000.0,105793000.0,125.63500184
2026-03-13T10:00:00,105810000.0,106500000.0,105793000.0,106298000.0,207.92360385
2026-03-13T11:00:00,106298000.0,106412000.0,105733000.0,105813000.0,110.84732066
2026-03-13T12:00:00,105810000.0,106688000.0,105802000.0,106662000.0,117.27541962
2026-03-13T13:00:00,106662000.0,107510000.0,106428000.0,107331000.0,301.17957541
2026-03-13T14:00:00,107330000.0,108100000.0,106000000.0,106018000.0,427.3969198
2026-03-13T15:00:00,106018000.0,106733000.0,105337000.0,105521000.0,204.89619105
2026-03-13T16:00:00,105505000.0,105777000.0,104521000.0,105535000.0,168.63710528
2026-03-13T17:00:00,105535000.0,105950000.0,104250000.0,104376000.0,103.74790653
2026-03-13T18:00:00,104376000.0,104808000.0,104156000.0,104510000.0,50.78737903
2026-03-13T19:00:00,104510000.0,104823000.0,104400000.0,104714000.0,25.05973607
2026-03-13T20:00:00,104714000.0,105125000.0,104583000.0,105033000.0,31.6658264
2026-03-13T21:00:00,105033000.0,105200000.0,104600000.0,104712000.0,48.31747376
2026-03-13T22:00:00,104710000.0,104755000.0,103856000.0,104287000.0,83.47360836
2026-03-13T23:00:00,104287000.0,104613000.0,104144000.0,104404000.0,46.61546545
2026-03-14T00:00:00,104477000.0,104598000.0,104040000.0,104146000.0,65.0583382
2026-03-14T01:00:00,104112000.0,104554000.0,104035000.0,104500000.0,56.73736964
2026-03-14T02:00:00,104500000.0,104558000.0,104365000.0,104405000.0,35.07675293
2026-03-14T03:00:00,104413000.0,104949000.0,104380000.0,104885000.0,55.3118835
2026-03-14T04:00:00,104880000.0,105170000.0,104677000.0,104759000.0,56.12470447
2026-03-14T05:00:00,104759000.0,104928000.0,104661000.0,104848000.0,31.38220335
2026-03-14T06:00:00,104848000.0,104867000.0,103921000.0,104299000.0,91.63726062
2026-03-14T07:00:00,104297000.0,104373000.0,104044000.0,104179000.0,34.71478997
2026-03-14T08:00:00,104179000.0,104393000.0,104141000.0,104169000.0,26.75277522
2026-03-14T09:00:00,104169000.0,104365000.0,104051000.0,104240000.0,21.58992905
2026-03-14T10:00:00,104254000.0,104350000.0,104070000.0,104346000.0,21.13359166
2026-03-14T11:00:00,104346000.0,104678000.0,104346000.0,104666000.0,27.86277773
2026-03-14T12:00:00,104576000.0,104788000.0,104494000.0,104656000.0,31.63128341
2026-03-14T13:00:00,104705000.0,104800000.0,104599000.0,104737000.0,15.50835588
2026-03-14T14:00:00,104738000.0,104780000.0,104333000.0,104400000.0,20.94033938
2026-03-14T15:00:00,104400000.0,104560000.0,104240000.0,104395000.0,18.23720963
2026-03-14T16:00:00,104400000.0,104536000.0,104250000.0,104480000.0,10.56429735
2026-03-14T17:00:00,104501000.0,104513000.0,104336000.0,104337000.0,7.66360874
2026-03-14T18:00:00,104337000.0,104528000.0,104300000.0,104521000.0,4.33524626
2026-03-14T19:00:00,104487000.0,104559000.0,104358000.0,104559000.0,3.39532767
2026-03-14T20:00:00,104559000.0,104717000.0,104466000.0,104715000.0,10.73070953
2026-03-14T21:00:00,104717000.0,104720000.0,104509000.0,104703000.0,11.61361003
2026-03-14T22:00:00,104702000.0,104704000.0,104500000.0,104504000.0,11.14550415
2026-03-14T23:00:00,104504000.0,105200000.0,104496000.0,105131000.0,61.46819024
2026-03-15T00:00:00,105199000.0,105200000.0,104850000.0,104934000.0,49.08088829
2026-03-15T01:00:00,104934000.0,104970000.0,104665000.0,104909000.0,37.62983582
2026-03-15T02:00:00,104896000.0,105473000.0,104814000.0,105330000.0,61.10355234
2026-03-15T03:00:00,105376000.0,105410000.0,105049000.0,105240000.0,31.04274231
2026-03-15T04:00:00,105240000.0,105630000.0,105180000.0,105497000.0,36.90872744
2026-03-15T05:00:00,105497000.0,105735000.0,105371000.0,105410000.0,43.44446122
2026-03-15T06:00:00,105414000.0,105620000.0,105362000.0,105418000.0,25.56472465
2026-03-15T07:00:00,105418000.0,105688000.0,105394000.0,105431000.0,33.7756333
2026-03-15T08:00:00,105449000.0,105688000.0,105432000.0,105636000.0,27.69417776
2026-03-15T09:00:00,105637000.0,106000000.0,105635000.0,105890000.0,67.73411462
2026-03-15T10:00:00,105890000.0,105993000.0,105803000.0,105814000.0,37.2052577
2026-03-15T11:00:00,105814000.0,105915000.0,105509000.0,105842000.0,48.64568433
2026-03-15T12:00:00,105842000.0,105853000.0,105397000.0,105461000.0,56.87470938
2026-03-15T13:00:00,105463000.0,105573000.0,105000000.0,105450000.0,93.45847889
2026-03-15T14:00:00,105450000.0,105517000.0,105120000.0,105460000.0,39.78306925
2026-03-15T15:00:00,105487000.0,105487000.0,105233000.0,105350000.0,27.17704933
2026-03-15T16:00:00,105417000.0,105460000.0,105200000.0,105204000.0,12.86785626
2026-03-15T17:00:00,105280000.0,105973000.0,105200000.0,105842000.0,28.77177456
2026-03-15T18:00:00,105842000.0,105844000.0,105190000.0,105199000.0,16.15384207
2026-03-15T19:00:00,105265000.0,105489000.0,105143000.0,105479000.0,10.7345405
2026-03-15T20:00:00,105479000.0,105874000.0,105327000.0,105708000.0,20.29107584
2026-03-15T21:00:00,105707000.0,106178000.0,105434000.0,106020000.0,61.03447319
2026-03-15T22:00:00,106067000.0,107009000.0,105594000.0,106689000.0,142.42637708
2026-03-15T23:00:00,106750000.0,107381000.0,106302000.0,106940000.0,172.14726998
2026-03-16T00:00:00,106995000.0,107164000.0,106179000.0,106420000.0,161.934101
2026-03-16T01:00:00,106470000.0,106799000.0,106114000.0,106780000.0,81.8479547
2026-03-16T02:00:00,106796000.0,106869000.0,106370000.0,106522000.0,61.07780623
2026-03-16T03:00:00,106522000.0,108609000.0,106409000.0,107878000.0,337.68483675
2026-03-16T04:00:00,107861000.0,108965000.0,107861000.0,108302000.0,224.44526499
2026-03-16T05:00:00,108302000.0,108778000.0,108200000.0,108717000.0,126.33911102
2026-03-16T06:00:00,108772000.0,108772000.0,108076000.0,108212000.0,109.134704
2026-03-16T07:00:00,108212000.0,108432000.0,107501000.0,107682000.0,122.17510729
2026-03-16T08:00:00,107700000.0,108102000.0,106961000.0,107256000.0,168.88972237
2026-03-16T09:00:00,107256000.0,107668000.0,107111000.0,107602000.0,70.40218916
2026-03-16T10:00:00,107602000.0,108200000.0,107507000.0,108200000.0,93.77819759
2026-03-16T11:00:00,108200000.0,108304000.0,107915000.0,108070000.0,91.50392079
2026-03-16T12:00:00,108070000.0,108671000.0,107998000.0,108518000.0,141.1832851
2026-03-16T13:00:00,108520000.0,109340000.0,108346000.0,108956000.0,282.48306884
2026-03-16T14:00:00,108957000.0,109342000.0,107575000.0,108120000.0,287.67736586
2026-03-16T15:00:00,108113000.0,108720000.0,107750000.0,107840000.0,131.87079542
2026-03-16T16:00:00,107852000.0,108602000.0,107751000.0,108346000.0,43.67903759
2026-03-16T17:00:00,108345000.0,108658000.0,108220000.0,108496000.0,35.80863691
2026-03-16T18:00:00,108496000.0,108937000.0,108346000.0,108350000.0,50.5862483
2026-03-16T19:00:00,108425000.0,109025000.0,108294000.0,108501000.0,60.16170686
2026-03-16T20:00:00,108498000.0,108945000.0,108375000.0,108900000.0,39.45115361
2026-03-16T21:00:00,108900000.0,109637000.0,108800000.0,109484000.0,183.63558745
2026-03-16T22:00:00,109491000.0,110000000.0,109422000.0,109945000.0,239.95536899
2026-03-16T23:00:00,109945000.0,110198000.0,109228000.0,110058000.0,199.77992781
2026-03-17T00:00:00,110062000.0,111319000.0,109832000.0,111193000.0,448.53192952
2026-03-17T01:00:00,111193000.0,112450000.0,110961000.0,112054000.0,375.65791548
2026-03-17T02:00:00,112054000.0,112072000.0,111087000.0,111234000.0,189.29875465
2026-03-17T03:00:00,111240000.0,111382000.0,109375000.0,109788000.0,327.69269058
2026-03-17T04:00:00,109800000.0,110350000.0,109120000.0,109295000.0,191.72629128
2026-03-17T05:00:00,109293000.0,109738000.0,108680000.0,108920000.0,146.11622457
2026-03-17T06:00:00,108975000.0,109528000.0,108682000.0,109269000.0,110.36071529
2026-03-17T07:00:00,109269000.0,109902000.0,109219000.0,109526000.0,82.35208374
2026-03-17T08:00:00,109527000.0,109955000.0,109375000.0,109511000.0,48.32124934
2026-03-17T09:00:00,109536000.0,109812000.0,109098000.0,109199000.0,54.06884599
2026-03-17T10:00:00,109175000.0,109199000.0,108666000.0,108857000.0,97.22350611
2026-03-17T11:00:00,108857000.0,109658000.0,108768000.0,109290000.0,68.40609917
2026-03-17T12:00:00,109284000.0,109501000.0,108928000.0,108950000.0,62.36831403
2026-03-17T13:00:00,108984000.0,109467000.0,108508000.0,108712000.0,120.18149812
2026-03-17T14:00:00,108712000.0,109777000.0,108500000.0,109692000.0,109.17652562
2026-03-17T15:00:00,109731000.0,110438000.0,108886000.0,109256000.0,108.68032321
2026-03-17T16:00:00,109256000.0,109733000.0,109157000.0,109356000.0,32.76747194
2026-03-17T17:00:00,109356000.0,109930000.0,109183000.0,109859000.0,19.85853464
2026-03-17T18:00:00,109860000.0,110073000.0,109672000.0,110000000.0,37.22237457
2026-03-17T19:00:00,110000000.0,110212000.0,109771000.0,109841000.0,26.49514151
2026-03-17T20:00:00,109841000.0,110158000.0,109640000.0,109980000.0,18.16205521
2026-03-17T21:00:00,109983000.0,110370000.0,109878000.0,110258000.0,55.53292182
2026-03-17T22:00:00,110259000.0,110392000.0,109186000.0,109698000.0,71.00449452
2026-03-17T23:00:00,109677000.0,109779000.0,109010000.0,109012000.0,67.46997867
2026-03-18T00:00:00,109015000.0,109294000.0,108629000.0,109077000.0,136.08116627
2026-03-18T01:00:00,109077000.0,109604000.0,109057000.0,109373000.0,71.06676081
2026-03-18T02:00:00,109373000.0,109847000.0,109360000.0,109750000.0,55.7188864
2026-03-18T03:00:00,109777000.0,110022000.0,109580000.0,109960000.0,64.46856211
2026-03-18T04:00:00,109907000.0,109958000.0,109512000.0,109590000.0,44.43088493
2026-03-18T05:00:00,109590000.0,109782000.0,109062000.0,109185000.0,66.66226592
2026-03-18T06:00:00,109244000.0,109551000.0,109185000.0,109211000.0,42.14273731
2026-03-18T07:00:00,109222000.0,109256000.0,108896000.0,109182000.0,60.73344342
2026-03-18T08:00:00,109199000.0,109498000.0,109150000.0,109366000.0,31.19393838
2026-03-18T09:00:00,109366000.0,109720000.0,109335000.0,109475000.0,25.8226174
2026-03-18T10:00:00,109475000.0,109677000.0,109106000.0,109267000.0,39.48949064
2026-03-18T11:00:00,109267000.0,109420000.0,107700000.0,107738000.0,295.42409629
2026-03-18T12:00:00,107738000.0,107835000.0,106719000.0,106875000.0,367.71946104
2026-03-18T13:00:00,106871000.0,107550000.0,106436000.0,106736000.0,216.86769584
2026-03-18T14:00:00,106736000.0,106923000.0,105500000.0,105521000.0,235.41813254
2026-03-18T15:00:00,105521000.0,106250000.0,105120000.0,106230000.0,172.44928554
2026-03-18T16:00:00,106216000.0,106310000.0,105582000.0,105950000.0,55.74882271
2026-03-18T17:00:00,106004000.0,106424000.0,105778000.0,106279000.0,37.82897856
2026-03-18T18:00:00,106312000.0,106900000.0,105553000.0,105808000.0,76.85868704
2026-03-18T19:00:00,105808000.0,106300000.0,105531000.0,105661000.0,40.65170162
2026-03-18T20:00:00,105661000.0,106177000.0,104935000.0,106082000.0,122.98510278
2026-03-18T21:00:00,106082000.0,106329000.0,105995000.0,106162000.0,57.86975763
2026-03-18T22:00:00,106162000.0,106207000.0,105576000.0,105796000.0,65.44608333
2026-03-18T23:00:00,105796000.0,106199000.0,105650000.0,106000000.0,58.67519523
2026-03-19T00:00:00,106000000.0,106087000.0,105595000.0,105598000.0,82.99432147
2026-03-19T01:00:00,105595000.0,105655000.0,105226000.0,105565000.0,84.40574441
2026-03-19T02:00:00,105550000.0,105777000.0,105181000.0,105570000.0,58.94134046
2026-03-19T03:00:00,105570000.0,106392000.0,105495000.0,106086000.0,119.41250369
2026-03-19T04:00:00,106073000.0,106086000.0,105261000.0,105480000.0,78.94431196
2026-03-19T05:00:00,105480000.0,105548000.0,105230000.0,105411000.0,38.78678039
2026-03-19T06:00:00,105410000.0,105500000.0,105000000.0,105019000.0,66.04992168
2026-03-19T07:00:00,105019000.0,105019000.0,103490000.0,104489000.0,311.29063879
2026-03-19T08:00:00,104489000.0,104600000.0,104000000.0,104068000.0,60.64747089
2026-03-19T09:00:00,104068000.0,104866000.0,104059000.0,104829000.0,65.55328894
2026-03-19T10:00:00,104832000.0,104848000.0,104250000.0,104277000.0,43.93919521
2026-03-19T11:00:00,104277000.0,104570000.0,104063000.0,104095000.0,43.87026735
2026-03-19T12:00:00,104095000.0,104095000.0,103027000.0,103251000.0,184.18163193
2026-03-19T13:00:00,103251000.0,104249000.0,102750000.0,103957000.0,240.96674622
2026-03-19T14:00:00,103957000.0,104283000.0,102928000.0,103433000.0,109.2183014
2026-03-19T15:00:00,103433000.0,103900000.0,102580000.0,103376000.0,102.23076502
2026-03-19T16:00:00,103390000.0,103600000.0,103010000.0,103320000.0,32.9108772
2026-03-19T17:00:00,103314000.0,103942000.0,102950000.0,103852000.0,33.4975392
2026-03-19T18:00:00,103786000.0,103963000.0,103500000.0,103775000.0,13.04460807
2026-03-19T19:00:00,103761000.0,104600000.0,103693000.0,104165000.0,56.38900882
2026-03-19T20:00:00,104051000.0,104699000.0,103999000.0,104560000.0,30.98340018
2026-03-19T21:00:00,104498000.0,104879000.0,104452000.0,104617000.0,44.12274139
2026-03-19T22:00:00,104617000.0,104831000.0,104103000.0,104330000.0,52.68408929
2026-03-19T23:00:00,104332000.0,104563000.0,103816000.0,104078000.0,67.50507197
2026-03-20T00:00:00,104078000.0,104591000.0,103960000.0,104413000.0,74.06660043
2026-03-20T01:00:00,104362000.0,105100000.0,104362000.0,104837000.0,96.59273834
2026-03-20T02:00:00,104837000.0,105061000.0,104490000.0,104982000.0,52.77774334
2026-03-20T03:00:00,104982000.0,105454000.0,104895000.0,105448000.0,68.69766804
2026-03-20T04:00:00,105448000.0,105775000.0,105270000.0,105550000.0,104.52923622
2026-03-20T05:00:00,105550000.0,105683000.0,105210000.0,105210000.0,52.63623977
2026-03-20T06:00:00,105245000.0,105294000.0,105007000.0,105200000.0,36.18988275
2026-03-20T07:00:00,105199000.0,105683000.0,104750000.0,105583000.0,62.04824713
2026-03-20T08:00:00,105585000.0,106200000.0,105449000.0,105906000.0,107.17128471
2026-03-20T09:00:00,105906000.0,105975000.0,105146000.0,105400000.0,69.10517279
2026-03-20T10:00:00,105400000.0,105541000.0,104868000.0,105435000.0,62.79392441
2026-03-20T11:00:00,105436000.0,105674000.0,105000000.0,105318000.0,44.29373968
2026-03-20T12:00:00,105319000.0,105500000.0,105001000.0,105112000.0,33.74018868
2026-03-20T13:00:00,105112000.0,105446000.0,104345000.0,104367000.0,104.14097429
2026-03-20T14:00:00,104407000.0,104953000.0,104050000.0,104313000.0,110.651035
2026-03-20T15:00:00,104319000.0,104721000.0,104000000.0,104528000.0,47.42230717
2026-03-20T16:00:00,104535000.0,104800000.0,104160000.0,104336000.0,31.37798743
2026-03-20T17:00:00,104431000.0,104699000.0,103865000.0,104641000.0,35.67552665
2026-03-20T18:00:00,104673000.0,104787000.0,104030000.0,104508000.0,23.67673183
2026-03-20T19:00:00,104518000.0,105131000.0,104370000.0,105042000.0,18.08966847
2026-03-20T20:00:00,105131000.0,105168000.0,104517000.0,104958000.0,12.71807872
2026-03-20T21:00:00,104958000.0,105648000.0,104803000.0,105546000.0,39.21929114
2026-03-20T22:00:00,105546000.0,105937000.0,105500000.0,105788000.0,42.36996793
2026-03-20T23:00:00,105791000.0,105800000.0,105262000.0,105314000.0,31.30308355
2026-03-21T00:00:00,105399000.0,105846000.0,105304000.0,105800000.0,50.41518202
2026-03-21T01:00:00,105800000.0,105829000.0,105331000.0,105465000.0,35.11137596
2026-03-21T02:00:00,105490000.0,105814000.0,105358000.0,105798000.0,23.88717561
2026-03-21T03:00:00,105799000.0,105805000.0,105686000.0,105686000.0,21.4216262
2026-03-21T04:00:00,105733000.0,105849000.0,105665000.0,105757000.0,21.57398964
2026-03-21T05:00:00,105777000.0,105973000.0,105686000.0,105856000.0,32.20071914
2026-03-21T06:00:00,105873000.0,106005000.0,105856000.0,106000000.0,33.8900142
2026-03-21T07:00:00,106000000.0,106200000.0,105920000.0,105940000.0,38.11505255
2026-03-21T08:00:00,105966000.0,105980000.0,105609000.0,105771000.0,22.00876734
2026-03-21T09:00:00,105771000.0,105973000.0,105700000.0,105900000.0,19.79084148
2026-03-21T10:00:00,105900000.0,105900000.0,105696000.0,105820000.0,14.64498908
2026-03-21T11:00:00,105819000.0,105830000.0,105711000.0,105743000.0,15.94451571
2026-03-21T12:00:00,105750000.0,106085000.0,105750000.0,105990000.0,19.18323526
2026-03-21T13:00:00,105990000.0,106048000.0,105883000.0,105950000.0,23.59253545
2026-03-21T14:00:00,105997000.0,106446000.0,105870000.0,105877000.0,40.5203781
2026-03-21T15:00:00,105877000.0,106126000.0,105687000.0,105871000.0,24.01784196
2026-03-21T16:00:00,105928000.0,105928000.0,105422000.0,105426000.0,29.08221726
2026-03-21T17:00:00,105427000.0,105658000.0,105350000.0,105417000.0,17.48403033
2026-03-21T18:00:00,105417000.0,105593000.0,105340000.0,105484000.0,13.40939795
2026-03-21T19:00:00,105494000.0,105569000.0,105388000.0,105498000.0,4.59765628
2026-03-21T20:00:00,105498000.0,105622000.0,105450000.0,105570000.0,6.15131617
2026-03-21T21:00:00,105621000.0,105679000.0,105399000.0,105496000.0,15.49778742
2026-03-21T22:00:00,105513000.0,105550000.0,105335000.0,105461000.0,14.25520063
2026-03-21T23:00:00,105461000.0,105463000.0,103452000.0,103782000.0,189.47055056
2026-03-22T00:00:00,103831000.0,104133000.0,103000000.0,103811000.0,235.23620552
2026-03-22T01:00:00,103817000.0,104032000.0,103502000.0,103779000.0,75.02177088
2026-03-22T02:00:00,103797000.0,104326000.0,103760000.0,104201000.0,42.54781015
2026-03-22T03:00:00,104204000.0,104488000.0,104000000.0,104265000.0,34.66015229
2026-03-22T04:00:00,104265000.0,104428000.0,104074000.0,104161000.0,34.00263162
2026-03-22T05:00:00,104161000.0,104161000.0,103815000.0,103886000.0,35.75171747
2026-03-22T06:00:00,103886000.0,103977000.0,103817000.0,103840000.0,19.70831305
2026-03-22T07:00:00,103842000.0,103953000.0,103500000.0,103567000.0,48.81425262
2026-03-22T08:00:00,103569000.0,103785000.0,103157000.0,103494000.0,74.19462357
2026-03-22T09:00:00,103494000.0,103580000.0,103100000.0,103445000.0,33.9489877
2026-03-22T10:00:00,103445000.0,103445000.0,102900000.0,102987000.0,87.60413231
2026-03-22T11:00:00,102984000.0,103035000.0,102274000.0,102274000.0,138.79982166
2026-03-22T12:00:00,102274000.0,103075000.0,102274000.0,103000000.0,77.24534351
2026-03-22T13:00:00,103000000.0,103436000.0,102900000.0,103129000.0,45.07987811
2026-03-22T14:00:00,103188000.0,103350000.0,102920000.0,103133000.0,27.8343273
2026-03-22T15:00:00,103133000.0,103529000.0,103108000.0,103339000.0,23.01227534
2026-03-22T16:00:00,103339000.0,103350000.0,103085000.0,103302000.0,11.89623614
2026-03-22T17:00:00,103297000.0,103404000.0,103138000.0,103205000.0,10.99070456
2026-03-22T18:00:00,103183000.0,103340000.0,102712000.0,103151000.0,16.42102873
2026-03-22T19:00:00,103151000.0,103153000.0,102530000.0,102630000.0,11.79639624
2026-03-22T20:00:00,102635000.0,103049000.0,102510000.0,102600000.0,14.25361433
2026-03-22T21:00:00,102600000.0,102679000.0,101659000.0,102278000.0,161.89917189
2026-03-22T22:00:00,102278000.0,102841000.0,101800000.0,102791000.0,71.23018781
2026-03-22T23:00:00,102750000.0,102900000.0,102000000.0,102021000.0,71.54202509
2026-03-23T00:00:00,102021000.0,102243000.0,101384000.0,101642000.0,171.12338548
2026-03-23T01:00:00,101641000.0,102350000.0,101500000.0,102170000.0,72.7011878
2026-03-23T02:00:00,102129000.0,102732000.0,101981000.0,102627000.0,57.92077735
2026-03-23T03:00:00,102627000.0,103000000.0,102300000.0,102350000.0,48.7362813
2026-03-23T04:00:00,102392000.0,102799000.0,102300000.0,102798000.0,33.54454424
2026-03-23T05:00:00,102798000.0,103284000.0,102784000.0,103283000.0,70.33693632
2026-03-23T06:00:00,103282000.0,103294000.0,102081000.0,102309000.0,85.67185186
2026-03-23T07:00:00,102309000.0,103051000.0,101890000.0,102888000.0,82.88864674
2026-03-23T08:00:00,102888000.0,103274000.0,102772000.0,102922000.0,43.73250758
2026-03-23T09:00:00,102922000.0,102922000.0,102216000.0,102800000.0,40.03861579
2026-03-23T10:00:00,102790000.0,103300000.0,102700000.0,103084000.0,47.35205896
2026-03-23T11:00:00,103087000.0,106700000.0,103000000.0,104552000.0,791.99779848
2026-03-23T12:00:00,104611000.0,105702000.0,104160000.0,105332000.0,233.30425744
2026-03-23T13:00:00,105332000.0,106467000.0,105115000.0,106194000.0,184.53631897
2026-03-23T14:00:00,106240000.0,106545000.0,105566000.0,105920000.0,178.65794216
2026-03-23T15:00:00,105932000.0,106148000.0,104239000.0,104240000.0,146.06925759
2026-03-23T16:00:00,104240000.0,105193000.0,104239000.0,104983000.0,75.39945507
2026-03-23T17:00:00,104983000.0,105620000.0,104617000.0,105580000.0,44.75358003
2026-03-23T18:00:00,105590000.0,105653000.0,105279000.0,105501000.0,34.29782629
2026-03-23T19:00:00,105527000.0,105666000.0,104840000.0,104901000.0,19.02873081
2026-03-23T20:00:00,104901000.0,105321000.0,104750000.0,105159000.0,17.60219697
2026-03-23T21:00:00,105159000.0,105368000.0,105052000.0,105169000.0,22.35645251
2026-03-23T22:00:00,105169000.0,105237000.0,104700000.0,104967000.0,31.12463113
2026-03-23T23:00:00,104999000.0,105437000.0,104499000.0,105247000.0,55.68272023
2026-03-24T00:00:00,105290000.0,105630000.0,104900000.0,105436000.0,80.37613928
2026-03-24T01:00:00,105436000.0,105493000.0,104850000.0,105128000.0,62.75362498
2026-03-24T02:00:00,105136000.0,105400000.0,104926000.0,105181000.0,33.03171171
2026-03-24T03:00:00,105150000.0,105280000.0,105070000.0,105189000.0,23.03051047
2026-03-24T04:00:00,105189000.0,105460000.0,104886000.0,105090000.0,36.17695695
2026-03-24T05:00:00,105090000.0,105098000.0,104650000.0,104841000.0,37.74637517
2026-03-24T06:00:00,104841000.0,105100000.0,104782000.0,105045000.0,24.60792552
2026-03-24T07:00:00,105050000.0,106100000.0,105004000.0,106025000.0,96.50522793
2026-03-24T08:00:00,106025000.0,106050000.0,105472000.0,105701000.0,54.65638279
2026-03-24T09:00:00,105702000.0,106270000.0,105633000.0,106250000.0,63.55709228
2026-03-24T10:00:00,106214000.0,106261000.0,105996000.0,106184000.0,52.71406404
2026-03-24T11:00:00,106184000.0,106220000.0,105800000.0,105986000.0,62.74837149
2026-03-24T12:00:00,105999000.0,106049000.0,105531000.0,105747000.0,64.43394874
2026-03-24T13:00:00,105785000.0,105887000.0,104501000.0,104587000.0,113.24263269
2026-03-24T14:00:00,104616000.0,105109000.0,103908000.0,104291000.0,143.26871399
2026-03-24T15:00:00,104268000.0,104890000.0,104217000.0,104391000.0,53.2339184
2026-03-24T16:00:00,104389000.0,104505000.0,103760000.0,103892000.0,51.42001975
2026-03-24T17:00:00,103891000.0,104016000.0,103300000.0,103656000.0,79.71802635
2026-03-24T18:00:00,103660000.0,104362000.0,103581000.0,104008000.0,37.63704771
2026-03-24T19:00:00,103937000.0,104290000.0,103800000.0,103904000.0,18.73456899
2026-03-24T20:00:00,103900000.0,105026000.0,103812000.0,104647000.0,63.4205357
2026-03-24T21:00:00,104648000.0,105080000.0,104390000.0,104953000.0,49.33405792
2026-03-24T22:00:00,104953000.0,105320000.0,104774000.0,105073000.0,58.87892109
2026-03-24T23:00:00,105074000.0,105557000.0,104963000.0,105149000.0,55.64565619
2026-03-25T00:00:00,105149000.0,105700000.0,105005000.0,105591000.0,69.60848084
2026-03-25T01:00:00,105600000.0,105638000.0,105261000.0,105400000.0,40.1751466
2026-03-25T02:00:00,105436000.0,105502000.0,105149000.0,105239000.0,42.51221852
2026-03-25T03:00:00,105239000.0,105553000.0,105052000.0,105501000.0,39.77698072
2026-03-25T04:00:00,105501000.0,105705000.0,105466000.0,105705000.0,41.64935271
2026-03-25T05:00:00,105686000.0,106191000.0,105686000.0,105955000.0,86.81898737
2026-03-25T06:00:00,105957000.0,106120000.0,105734000.0,105734000.0,37.58983419
2026-03-25T07:00:00,105785000.0,106155000.0,105670000.0,105675000.0,58.73485775
2026-03-25T08:00:00,105675000.0,106470000.0,105600000.0,106174000.0,91.18728546
2026-03-25T09:00:00,106154000.0,106447000.0,106111000.0,106391000.0,53.18357545
2026-03-25T10:00:00,106391000.0,106700000.0,106265000.0,106625000.0,78.41326485
2026-03-25T11:00:00,106626000.0,107301000.0,106592000.0,106869000.0,172.69615332
2026-03-25T12:00:00,106898000.0,107200000.0,106060000.0,106880000.0,149.57263461
2026-03-25T13:00:00,106882000.0,107096000.0,106520000.0,106647000.0,98.29632036
2026-03-25T14:00:00,106647000.0,106839000.0,106163000.0,106167000.0,56.70779918
2026-03-25T15:00:00,106167000.0,106167000.0,105320000.0,105762000.0,97.32902436
2026-03-25T16:00:00,105762000.0,106958000.0,105600000.0,106360000.0,57.90345156
2026-03-25T17:00:00,106395000.0,106404000.0,105523000.0,105618000.0,27.62155927
2026-03-25T18:00:00,105618000.0,106070000.0,105521000.0,105586000.0,15.64068255
2026-03-25T19:00:00,105672000.0,106150000.0,105583000.0,105917000.0,16.29193668
2026-03-25T20:00:00,105923000.0,106157000.0,105575000.0,106024000.0,14.12176445
2026-03-25T21:00:00,106024000.0,106250000.0,105863000.0,106119000.0,21.64029127
2026-03-25T22:00:00,106120000.0,106763000.0,106013000.0,106539000.0,43.33343793
2026-03-25T23:00:00,106539000.0,106693000.0,106333000.0,106523000.0,43.82278271
2026-03-26T00:00:00,106524000.0,106754000.0,106326000.0,106550000.0,68.40449801
2026-03-26T01:00:00,106600000.0,106729000.0,106349000.0,106449000.0,45.30190992
2026-03-26T02:00:00,106449000.0,106449000.0,105699000.0,106031000.0,56.97266345
2026-03-26T03:00:00,106040000.0,106140000.0,105745000.0,106100000.0,49.08396163
2026-03-26T04:00:00,106135000.0,106156000.0,105861000.0,105942000.0,27.90839783
2026-03-26T05:00:00,105949000.0,105962000.0,105000000.0,105025000.0,105.86950332
2026-03-26T06:00:00,105025000.0,105257000.0,104864000.0,105232000.0,88.00364265
2026-03-26T07:00:00,105231000.0,105321000.0,104798000.0,105285000.0,61.21696034
2026-03-26T08:00:00,105285000.0,105323000.0,104800000.0,105133000.0,56.6259714
2026-03-26T09:00:00,105133000.0,105263000.0,104450000.0,104676000.0,95.82334794
2026-03-26T10:00:00,104679000.0,104800000.0,104442000.0,104453000.0,55.76143249
2026-03-26T11:00:00,104453000.0,104725000.0,104070000.0,104267000.0,68.20656392
2026-03-26T12:00:00,104267000.0,104700000.0,104197000.0,104650000.0,64.95723862
2026-03-26T13:00:00,104686000.0,105201000.0,104325000.0,104838000.0,87.18807763
2026-03-26T14:00:00,104860000.0,105181000.0,104372000.0,104666000.0,50.89998065
2026-03-26T15:00:00,104710000.0,104794000.0,103908000.0,104216000.0,114.03115221
2026-03-26T16:00:00,104216000.0,104216000.0,103778000.0,104004000.0,47.63108721
2026-03-26T17:00:00,104000000.0,104216000.0,103423000.0,103507000.0,54.81562279
2026-03-26T18:00:00,103526000.0,103700000.0,103154000.0,103672000.0,49.69040952
2026-03-26T19:00:00,103700000.0,103886000.0,103450000.0,103679000.0,27.34459281
2026-03-26T20:00:00,103727000.0,104964000.0,103511000.0,104262000.0,59.48635419
2026-03-26T21:00:00,104312000.0,104578000.0,104144000.0,104144000.0,27.21597587
2026-03-26T22:00:00,104145000.0,104315000.0,103720000.0,104147000.0,46.70883241
2026-03-26T23:00:00,104134000.0,104215000.0,103674000.0,103849000.0,43.23089392
2026-03-27T00:00:00,103959000.0,104189000.0,103630000.0,103904000.0,89.89153096
2026-03-27T01:00:00,103900000.0,104230000.0,103795000.0,104229000.0,43.24305204
2026-03-27T02:00:00,104228000.0,104300000.0,103941000.0,103999000.0,39.90191188
2026-03-27T03:00:00,104002000.0,104002000.0,103637000.0,103771000.0,39.21206863
2026-03-27T04:00:00,103771000.0,103772000.0,103200000.0,103583000.0,67.25998448
2026-03-27T05:00:00,103583000.0,104000000.0,103504000.0,103570000.0,45.31097996
2026-03-27T06:00:00,103570000.0,103954000.0,103566000.0,103717000.0,25.57081809
2026-03-27T07:00:00,103717000.0,104065000.0,103442000.0,103520000.0,41.68925815
2026-03-27T08:00:00,103520000.0,103644000.0,102397000.0,102760000.0,183.34327954
2026-03-27T09:00:00,102722000.0,102785000.0,102234000.0,102363000.0,75.89371163
2026-03-27T10:00:00,102363000.0,102473000.0,100796000.0,100963000.0,395.18670974
2026-03-27T11:00:00,100965000.0,101443000.0,100672000.0,101280000.0,138.5410478
2026-03-27T12:00:00,101234000.0,101295000.0,100796000.0,101031000.0,95.52212598
2026-03-27T13:00:00,101033000.0,101196000.0,100333000.0,100545000.0,191.58913757
2026-03-27T14:00:00,100545000.0,100818000.0,100000000.0,100554000.0,238.48479141
2026-03-27T15:00:00,100640000.0,101097000.0,100200000.0,100442000.0,116.69614965
2026-03-27T16:00:00,100442000.0,100570000.0,100020000.0,100292000.0,64.26925663
2026-03-27T17:00:00,100292000.0,100744000.0,99971000.0,100010000.0,109.0165199
2026-03-27T18:00:00,100000000.0,100446000.0,99952000.0,100312000.0,46.9849
2026-03-27T19:00:00,100312000.0,100546000.0,100124000.0,100421000.0,22.4577473
2026-03-27T20:00:00,100421000.0,100557000.0,100044000.0,100374000.0,35.57720709
2026-03-27T21:00:00,100374000.0,100629000.0,100364000.0,100429000.0,32.43141033
2026-03-27T22:00:00,100448000.0,100537000.0,100302000.0,100500000.0,38.21207602
2026-03-27T23:00:00,100500000.0,101098000.0,100471000.0,101019000.0,47.18122704
2026-03-28T00:00:00,101019000.0,101326000.0,100868000.0,101219000.0,61.5064372
2026-03-28T01:00:00,101207000.0,101220000.0,100443000.0,100557000.0,70.32376674
2026-03-28T02:00:00,100596000.0,100647000.0,100172000.0,100290000.0,47.96135047
2026-03-28T03:00:00,100290000.0,100632000.0,100285000.0,100607000.0,24.21977639
2026-03-28T04:00:00,100607000.0,100748000.0,100486000.0,100665000.0,29.36046581
2026-03-28T05:00:00,100665000.0,100889000.0,100608000.0,100870000.0,24.80461352
2026-03-28T06:00:00,100858000.0,101081000.0,100800000.0,100843000.0,25.32378486
2026-03-28T07:00:00,100871000.0,101100000.0,100799000.0,101094000.0,26.89443314
2026-03-28T08:00:00,101093000.0,101105000.0,100655000.0,100750000.0,34.97519547
2026-03-28T09:00:00,100750000.0,100750000.0,100501000.0,100629000.0,25.51488035
2026-03-28T10:00:00,100630000.0,100742000.0,100334000.0,100391000.0,25.97241259
2026-03-28T11:00:00,100391000.0,100708000.0,100335000.0,100701000.0,18.14933185
2026-03-28T12:00:00,100701000.0,100967000.0,100492000.0,100811000.0,32.46479437
2026-03-28T13:00:00,100811000.0,101800000.0,100710000.0,101374000.0,94.82531493
2026-03-28T14:00:00,101374000.0,101489000.0,101108000.0,101204000.0,41.12063727
2026-03-28T15:00:00,101204000.0,101969000.0,101184000.0,101501000.0,46.76028032
2026-03-28T16:00:00,101503000.0,101698000.0,101260000.0,101370000.0,21.35608728
2026-03-28T17:00:00,101370000.0,101500000.0,101100000.0,101237000.0,11.34279165
2026-03-28T18:00:00,101237000.0,101485000.0,101222000.0,101432000.0,3.3272949
2026-03-28T19:00:00,101432000.0,101438000.0,101237000.0,101430000.0,6.95417333
2026-03-28T20:00:00,101430000.0,101579000.0,101351000.0,101483000.0,9.89020971
2026-03-28T21:00:00,101494000.0,101514000.0,101020000.0,101192000.0,16.25968882
2026-03-28T22:00:00,101191000.0,101336000.0,101020000.0,101312000.0,16.73068044
2026-03-28T23:00:00,101282000.0,101297000.0,100704000.0,100895000.0,38.92951945
2026-03-29T00:00:00,100892000.0,101097000.0,100752000.0,101020000.0,27.57963161
2026-03-29T01:00:00,101044000.0,101175000.0,100887000.0,100990000.0,22.24503992
2026-03-29T02:00:00,101067000.0,101350000.0,100976000.0,101334000.0,20.1866072
2026-03-29T03:00:00,101335000.0,101775000.0,101236000.0,101429000.0,27.57262435
2026-03-29T04:00:00,101400000.0,101548000.0,101220000.0,101277000.0,14.37319726
2026-03-29T05:00:00,101221000.0,101396000.0,101105000.0,101357000.0,19.9189306
2026-03-29T06:00:00,101356000.0,101488000.0,101165000.0,101300000.0,15.523738
2026-03-29T07:00:00,101300000.0,101309000.0,101054000.0,101221000.0,15.69810496
2026-03-29T08:00:00,101251000.0,101310000.0,101141000.0,101243000.0,10.63821498
2026-03-29T09:00:00,101242000.0,101308000.0,101043000.0,101177000.0,12.60315997
2026-03-29T10:00:00,101176000.0,101176000.0,100860000.0,101028000.0,27.35144474
2026-03-29T11:00:00,101029000.0,101624000.0,101020000.0,101452000.0,36.63588664
2026-03-29T12:00:00,101449000.0,101490000.0,101265000.0,101470000.0,20.28355168
2026-03-29T13:00:00,101469000.0,101482000.0,101041000.0,101100000.0,30.32666098
2026-03-29T14:00:00,101100000.0,101482000.0,101000000.0,101092000.0,18.91040767
2026-03-29T15:00:00,101092000.0,101311000.0,100800000.0,101041000.0,27.43003348
2026-03-29T16:00:00,101041000.0,101150000.0,100932000.0,101050000.0,21.06853458
2026-03-29T17:00:00,101044000.0,101077000.0,100512000.0,100899000.0,30.91253392
2026-03-29T18:00:00,100895000.0,101077000.0,100829000.0,100899000.0,5.29441889
2026-03-29T19:00:00,100900000.0,101050000.0,100880000.0,100883000.0,4.34373235
2026-03-29T20:00:00,100911000.0,101350000.0,100902000.0,101100000.0,21.58154327
2026-03-29T21:00:00,101149000.0,101350000.0,101072000.0,101315000.0,16.23820664
2026-03-29T22:00:00,101315000.0,101315000.0,99212000.0,100350000.0,293.74033699
2026-03-29T23:00:00,100348000.0,101086000.0,100117000.0,100379000.0,85.23956316
2026-03-30T00:00:00,100379000.0,101770000.0,100166000.0,100721000.0,132.05575407
2026-03-30T01:00:00,100737000.0,101416000.0,100700000.0,101174000.0,48.41920332
2026-03-30T02:00:00,101168000.0,102100000.0,101000000.0,101623000.0,78.12024777
2026-03-30T03:00:00,101624000.0,101899000.0,101401000.0,101737000.0,52.74210163
2026-03-30T04:00:00,101737000.0,102278000.0,101736000.0,102240000.0,87.88925259
2026-03-30T05:00:00,102235000.0,102485000.0,102113000.0,102191000.0,72.50729419
2026-03-30T06:00:00,102191000.0,102300000.0,101805000.0,101947000.0,44.65123562
2026-03-30T07:00:00,101947000.0,102379000.0,101800000.0,102379000.0,33.64585577
2026-03-30T08:00:00,102377000.0,102746000.0,102286000.0,102366000.0,61.52806994
2026-03-30T09:00:00,102319000.0,102470000.0,102144000.0,102221000.0,40.95246397
2026-03-30T10:00:00,102221000.0,102224000.0,101976000.0,102213000.0,29.60019966
2026-03-30T11:00:00,102212000.0,102785000.0,102212000.0,102540000.0,51.36251418
2026-03-30T12:00:00,102540000.0,103000000.0,102537000.0,102888000.0,74.57779463
2026-03-30T13:00:00,102888000.0,103182000.0,102243000.0,102266000.0,80.3507139
2026-03-30T14:00:00,102322000.0,102821000.0,101809000.0,102746000.0,79.32853669
2026-03-30T15:00:00,102746000.0,102841000.0,102223000.0,102460000.0,45.88896725
2026-03-30T16:00:00,102460000.0,102460000.0,102011000.0,102174000.0,19.0763843
2026-03-30T17:00:00,102174000.0,102313000.0,101279000.0,101548000.0,47.8156573
2026-03-30T18:00:00,101548000.0,101626000.0,101087000.0,101278000.0,26.81003457
2026-03-30T19:00:00,101278000.0,101337000.0,100732000.0,101149000.0,62.19053136
2026-03-30T20:00:00,101210000.0,101453000.0,101134000.0,101349000.0,27.13317477
2026-03-30T21:00:00,101348000.0,101780000.0,101239000.0,101446000.0,35.95369417
2026-03-30T22:00:00,101446000.0,101753000.0,101379000.0,101424000.0,31.03551706
2026-03-30T23:00:00,101425000.0,101470000.0,100926000.0,101468000.0,42.90266106
2026-03-31T00:00:00,101468000.0,102368000.0,101183000.0,102265000.0,87.20018729
2026-03-31T01:00:00,102265000.0,103734000.0,102053000.0,103235000.0,173.24784235
2026-03-31T02:00:00,103208000.0,103355000.0,102900000.0,103209000.0,65.44634739
2026-03-31T03:00:00,103209000.0,103342000.0,103001000.0,103148000.0,64.60224967
2026-03-31T04:00:00,103181000.0,103400000.0,102966000.0,103113000.0,73.18936205
2026-03-31T05:00:00,103031000.0,103290000.0,102890000.0,103184000.0,43.12476033
2026-03-31T06:00:00,103184000.0,103210000.0,102594000.0,102816000.0,50.46787146
2026-03-31T07:00:00,102816000.0,102833000.0,102200000.0,102662000.0,53.77750906
2026-03-31T08:00:00,102662000.0,102840000.0,101800000.0,101926000.0,63.90097128
2026-03-31T09:00:00,101926000.0,102117000.0,100900000.0,101177000.0,144.72641645
2026-03-31T10:00:00,101177000.0,101683000.0,101100000.0,101565000.0,57.61172245
2026-03-31T11:00:00,101570000.0,102194000.0,101331000.0,101833000.0,53.32637711
2026-03-31T12:00:00,101853000.0,102150000.0,101594000.0,101795000.0,65.46396037
2026-03-31T13:00:00,101791000.0,102790000.0,101791000.0,102563000.0,93.65294586
2026-03-31T14:00:00,102500000.0,103100000.0,101450000.0,101654000.0,110.62806217
2026-03-31T15:00:00,101659000.0,102465000.0,101626000.0,101788000.0,71.1635157
2026-03-31T16:00:00,101818000.0,103295000.0,101780000.0,102787000.0,72.07413656
2026-03-31T17:00:00,102831000.0,103800000.0,102067000.0,102273000.0,106.67563025
2026-03-31T18:00:00,102184000.0,102850000.0,102184000.0,102657000.0,25.15104986
2026-03-31T19:00:00,102657000.0,102917000.0,102415000.0,102515000.0,20.81220092
2026-03-31T20:00:00,102554000.0,103174000.0,102516000.0,103139000.0,29.06573267
2026-03-31T21:00:00,103175000.0,103400000.0,102600000.0,103225000.0,39.13674118
2026-03-31T22:00:00,103252000.0,103338000.0,102910000.0,103181000.0,53.5713863
2026-03-31T23:00:00,103181000.0,103343000.0,103020000.0,103275000.0,58.71234853
2026-04-01T00:00:00,103342000.0,103343000.0,102728000.0,103233000.0,90.51386383
2026-04-01T01:00:00,103259000.0,103300000.0,102600000.0,102610000.0,51.17613128
2026-04-01T02:00:00,102610000.0,102847000.0,102347000.0,102392000.0,58.254878
2026-04-01T03:00:00,102405000.0,103088000.0,102405000.0,102932000.0,36.84551056
2026-04-01T04:00:00,102936000.0,103343000.0,102857000.0,103115000.0,39.3528189
2026-04-01T05:00:00,103115000.0,103709000.0,103000000.0,103345000.0,73.3065694
2026-04-01T06:00:00,103369000.0,104200000.0,103343000.0,103960000.0,116.57950796
2026-04-01T07:00:00,103962000.0,104211000.0,103297000.0,103300000.0,86.87371494
2026-04-01T08:00:00,103300000.0,103742000.0,103100000.0,103500000.0,65.62538909
2026-04-01T09:00:00,103496000.0,103622000.0,103134000.0,103520000.0,42.04850677
2026-04-01T10:00:00,103602000.0,103607000.0,103196000.0,103405000.0,29.71615932
2026-04-01T11:00:00,103405000.0,103622000.0,103333000.0,103591000.0,35.56656264
2026-04-01T12:00:00,103580000.0,103782000.0,103147000.0,103302000.0,68.31718728
2026-04-01T13:00:00,103333000.0,103721000.0,102726000.0,103037000.0,103.10576173
2026-04-01T14:00:00,103037000.0,103690000.0,102967000.0,103558000.0,50.82375065
2026-04-01T15:00:00,103558000.0,104049000.0,103335000.0,104000000.0,74.20230906
2026-04-01T16:00:00,103999000.0,104055000.0,103606000.0,103832000.0,24.09556647
2026-04-01T17:00:00,103832000.0,104142000.0,103013000.0,103014000.0,74.0574203
2026-04-01T18:00:00,103013000.0,103246000.0,102642000.0,102967000.0,44.38561424
2026-04-01T19:00:00,102967000.0,103240000.0,102877000.0,103088000.0,14.46298556
2026-04-01T20:00:00,103132000.0,103175000.0,102800000.0,103076000.0,23.0776202
2026-04-01T21:00:00,103074000.0,103600000.0,103057000.0,103450000.0,39.75116863
2026-04-01T22:00:00,103425000.0,103445000.0,103051000.0,103144000.0,42.67070112
2026-04-01T23:00:00,103144000.0,103331000.0,103000000.0,103129000.0,47.22284557
2026-04-02T00:00:00,103129000.0,103819000.0,103077000.0,103799000.0,64.78803555
2026-04-02T01:00:00,103779000.0,103798000.0,101834000.0,102286000.0,309.10767923
2026-04-02T02:00:00,102286000.0,102286000.0,101380000.0,101751000.0,138.92838514
2026-04-02T03:00:00,101751000.0,101873000.0,101313000.0,101514000.0,70.19809198
2026-04-02T04:00:00,101514000.0,101583000.0,101002000.0,101008000.0,100.34871977
2026-04-02T05:00:00,101021000.0,101472000.0,101008000.0,101471000.0,63.45712606
2026-04-02T06:00:00,101471000.0,101782000.0,101389000.0,101595000.0,49.14268135
2026-04-02T07:00:00,101588000.0,101728000.0,101379000.0,101728000.0,30.75929145
2026-04-02T08:00:00,101728000.0,101729000.0,101101000.0,101186000.0,43.89800013
2026-04-02T09:00:00,101186000.0,101279000.0,101001000.0,101089000.0,48.2735559
2026-04-02T10:00:00,101089000.0,101218000.0,100833000.0,101210000.0,81.82074708
2026-04-02T11:00:00,101211000.0,101320000.0,100850000.0,100999000.0,40.17627626
2026-04-02T12:00:00,101001000.0,101001000.0,100600000.0,100700000.0,75.67089489
2026-04-02T13:00:00,100700000.0,101099000.0,100408000.0,101099000.0,100.86404047
2026-04-02T14:00:00,101099000.0,101961000.0,100967000.0,101657000.0,122.3399883
2026-04-02T15:00:00,101625000.0,101780000.0,101250000.0,101576000.0,42.54927695
2026-04-02T16:00:00,101566000.0,102119000.0,101500000.0,101981000.0,30.30392212
2026-04-02T17:00:00,101946000.0,102280000.0,101301000.0,101364000.0,33.89672526
2026-04-02T18:00:00,101364000.0,101948000.0,101254000.0,101896000.0,10.88726119
2026-04-02T19:00:00,101896000.0,101985000.0,101653000.0,101884000.0,10.86974908
2026-04-02T20:00:00,101881000.0,101979000.0,101595000.0,101641000.0,17.71590018
2026-04-02T21:00:00,101668000.0,101815000.0,101404000.0,101788000.0,22.41704291
2026-04-02T22:00:00,101788000.0,101904000.0,101682000.0,101856000.0,21.56225898
2026-04-02T23:00:00,101855000.0,101980000.0,101722000.0,101723000.0,31.47401287
2026-04-03T00:00:00,101737000.0,101756000.0,101273000.0,101374000.0,57.52299908
2026-04-03T01:00:00,101374000.0,101580000.0,101026000.0,101295000.0,37.49384353
2026-04-03T02:00:00,101295000.0,101462000.0,100839000.0,101100000.0,63.36732375
2026-04-03T03:00:00,101099000.0,101273000.0,101049000.0,101071000.0,25.52228329
2026-04-03T04:00:00,101119000.0,101125000.0,101000000.0,101057000.0,24.69677729
2026-04-03T05:00:00,101057000.0,101330000.0,100909000.0,101073000.0,45.17555784
2026-04-03T06:00:00,101082000.0,101250000.0,101000000.0,101250000.0,25.50058432
2026-04-03T07:00:00,101250000.0,101830000.0,101221000.0,101655000.0,31.65173044
2026-04-03T08:00:00,101650000.0,102000000.0,101500000.0,101575000.0,39.24102109
2026-04-03T09:00:00,101575000.0,101634000.0,101340000.0,101457000.0,20.57472661
2026-04-03T10:00:00,101487000.0,101544000.0,101297000.0,101470000.0,18.0865254
2026-04-03T11:00:00,101500000.0,101627000.0,101375000.0,101553000.0,17.57230927
2026-04-03T12:00:00,101553000.0,102030000.0,101180000.0,101312000.0,52.03242996
2026-04-03T13:00:00,101348000.0,101372000.0,101030000.0,101254000.0,35.78749826
2026-04-03T14:00:00,101252000.0,101598000.0,101200000.0,101596000.0,20.8549135
2026-04-03T15:00:00,101570000.0,101596000.0,101354000.0,101354000.0,11.04825142
2026-04-03T16:00:00,101398000.0,101678000.0,101333000.0,101610000.0,6.33884732
2026-04-03T17:00:00,101580000.0,101670000.0,101260000.0,101415000.0,8.27874357
2026-04-03T18:00:00,101321000.0,101486000.0,101301000.0,101415000.0,3.93175859
2026-04-03T19:00:00,101415000.0,101554000.0,101325000.0,101482000.0,2.98838646
2026-04-03T20:00:00,101558000.0,101576000.0,101417000.0,101454000.0,3.06587097
2026-04-03T21:00:00,101477000.0,101650000.0,101416000.0,101623000.0,8.68293749
2026-04-03T22:00:00,101623000.0,101625000.0,101485000.0,101560000.0,8.4998461
2026-04-03T23:00:00,101565000.0,101648000.0,101500000.0,101648000.0,12.38183526
2026-04-04T00:00:00,101648000.0,101653000.0,101501000.0,101579000.0,21.26070831
2026-04-04T01:00:00,101573000.0,101636000.0,101480000.0,101500000.0,12.58143076
2026-04-04T02:00:00,101500000.0,101542000.0,101469000.0,101475000.0,13.82574665
2026-04-04T03:00:00,101511000.0,101547000.0,101462000.0,101464000.0,10.16341339
2026-04-04T04:00:00,101464000.0,101542000.0,101450000.0,101505000.0,14.48317379
2026-04-04T05:00:00,101506000.0,101670000.0,101500000.0,101655000.0,14.74876372
2026-04-04T06:00:00,101658000.0,101705000.0,101554000.0,101700000.0,13.07160887
2026-04-04T07:00:00,101700000.0,101739000.0,101622000.0,101633000.0,11.21089516
2026-04-04T08:00:00,101633000.0,101684000.0,101552000.0,101658000.0,11.00060415
2026-04-04T09:00:00,101650000.0,101694000.0,101562000.0,101684000.0,7.48757103
2026-04-04T10:00:00,101686000.0,101903000.0,101596000.0,101897000.0,20.20480101
2026-04-04T11:00:00,101897000.0,101998000.0,101802000.0,101891000.0,23.12752472
2026-04-04T12:00:00,101904000.0,101946000.0,101799000.0,101886000.0,14.78587551
2026-04-04T13:00:00,101885000.0,102146000.0,101859000.0,102091000.0,28.65805976
2026-04-04T14:00:00,102114000.0,102128000.0,101860000.0,102040000.0,14.11184466
2026-04-04T15:00:00,102056000.0,102470000.0,102000000.0,102300000.0,32.87820669
2026-04-04T16:00:00,102300000.0,102438000.0,102243000.0,102243000.0,18.76941832
2026-04-04T17:00:00,102239000.0,102359000.0,102093000.0,102129000.0,14.02046764
2026-04-04T18:00:00,102129000.0,102289000.0,102076000.0,102175000.0,4.67324633
2026-04-04T19:00:00,102175000.0,102419000.0,102073000.0,102073000.0,8.2322599
2026-04-04T20:00:00,102074000.0,102122000.0,101958000.0,102103000.0,6.26722471
2026-04-04T21:00:00,102103000.0,102304000.0,101977000.0,102186000.0,8.10217989
2026-04-04T22:00:00,102186000.0,102267000.0,102140000.0,102218000.0,8.55045175
2026-04-04T23:00:00,102218000.0,102218000.0,102055000.0,102147000.0,10.86058457
2026-04-05T00:00:00,102131000.0,102168000.0,101985000.0,101985000.0,18.6637532
2026-04-05T01:00:00,102000000.0,102049000.0,101820000.0,101834000.0,20.09862774
2026-04-05T02:00:00,101834000.0,101900000.0,101610000.0,101875000.0,25.18844217
2026-04-05T03:00:00,101875000.0,101900000.0,101813000.0,101890000.0,7.6343706
2026-04-05T04:00:00,101890000.0,101967000.0,101766000.0,101853000.0,19.19107098
2026-04-05T05:00:00,101853000.0,101939000.0,101648000.0,101681000.0,11.52689291
2026-04-05T06:00:00,101681000.0,101753000.0,101395000.0,101638000.0,47.44636121
2026-04-05T07:00:00,101639000.0,101799000.0,101524000.0,101606000.0,11.38733185
2026-04-05T08:00:00,101606000.0,101902000.0,101603000.0,101861000.0,15.6573896
2026-04-05T09:00:00,101885000.0,102000000.0,101723000.0,101914000.0,15.12556537
2026-04-05T10:00:00,101915000.0,102005000.0,101757000.0,101967000.0,15.87928588
2026-04-05T11:00:00,101969000.0,101970000.0,101775000.0,101855000.0,8.97114164
2026-04-05T12:00:00,101855000.0,101855000.0,101510000.0,101734000.0,24.75431965
2026-04-05T13:00:00,101734000.0,101871000.0,101553000.0,101778000.0,22.85427657
2026-04-05T14:00:00,101780000.0,101870000.0,101666000.0,101780000.0,13.52985372
2026-04-05T15:00:00,101780000.0,103021000.0,101680000.0,102247000.0,76.47644408
2026-04-05T16:00:00,102247000.0,102423000.0,102131000.0,102170000.0,15.81687454
2026-04-05T17:00:00,102170000.0,102396000.0,102118000.0,102355000.0,9.74731095
2026-04-05T18:00:00,102318000.0,102479000.0,102251000.0,102357000.0,11.64593135
2026-04-05T19:00:00,102357000.0,102506000.0,102200000.0,102296000.0,6.29984628
2026-04-05T20:00:00,102296000.0,102861000.0,102228000.0,102728000.0,18.715285
2026-04-05T21:00:00,102727000.0,102739000.0,102303000.0,102564000.0,21.13559105
2026-04-05T22:00:00,102591000.0,103600000.0,102269000.0,103592000.0,117.50571287
2026-04-05T23:00:00,103592000.0,104567000.0,103500000.0,104288000.0,224.59761884
2026-04-06T00:00:00,104289000.0,104998000.0,104064000.0,104127000.0,153.0303312
2026-04-06T01:00:00,104069000.0,104207000.0,103700000.0,103799000.0,71.29563048
2026-04-06T02:00:00,103799000.0,104430000.0,103750000.0,104178000.0,58.4254956
2026-04-06T03:00:00,104174000.0,104200000.0,103953000.0,104038000.0,38.63913425
2026-04-06T04:00:00,104038000.0,104154000.0,103851000.0,104005000.0,45.00205911
2026-04-06T05:00:00,104013000.0,104156000.0,104001000.0,104027000.0,26.11972537
2026-04-06T06:00:00,104041000.0,104221000.0,103505000.0,103822000.0,54.32558195
2026-04-06T07:00:00,103822000.0,104122000.0,103643000.0,104044000.0,45.12648054
2026-04-06T08:00:00,104044000.0,104206000.0,103933000.0,104189000.0,35.74381952
2026-04-06T09:00:00,104190000.0,105400000.0,104116000.0,104750000.0,168.30195178
2026-04-06T10:00:00,104750000.0,105078000.0,104746000.0,104802000.0,57.52661506
2026-04-06T11:00:00,104801000.0,104819000.0,104570000.0,104602000.0,39.23307081
2026-04-06T12:00:00,104645000.0,104662000.0,104272000.0,104273000.0,50.1166699
2026-04-06T13:00:00,104273000.0,104600000.0,104117000.0,104500000.0,51.16311888
2026-04-06T14:00:00,104510000.0,104914000.0,104163000.0,104718000.0,90.79195725
2026-04-06T15:00:00,104718000.0,105108000.0,104554000.0,105108000.0,56.57644174
2026-04-06T16:00:00,105110000.0,105600000.0,104919000.0,104919000.0,80.98643329
2026-04-06T17:00:00,104955000.0,104955000.0,104300000.0,104708000.0,44.46176105
2026-04-06T18:00:00,104708000.0,105110000.0,104553000.0,105058000.0,22.30275166
2026-04-06T19:00:00,105077000.0,105100000.0,104616000.0,104902000.0,13.17051733
2026-04-06T20:00:00,104967000.0,105346000.0,104707000.0,105161000.0,26.3097671
2026-04-06T21:00:00,105163000.0,105163000.0,104632000.0,104678000.0,28.61599387
2026-04-06T22:00:00,104678000.0,104830000.0,103818000.0,103957000.0,61.66369843
2026-04-06T23:00:00,103958000.0,104019000.0,103240000.0,103923000.0,116.17587174
2026-04-07T00:00:00,103964000.0,104311000.0,103721000.0,103848000.0,75.52975315
2026-04-07T01:00:00,103875000.0,103959000.0,103296000.0,103324000.0,53.05133892
2026-04-07T02:00:00,103324000.0,103777000.0,103120000.0,103687000.0,40.72506855
2026-04-07T03:00:00,103740000.0,103956000.0,103658000.0,103945000.0,24.58635839
2026-04-07T04:00:00,103945000.0,104084000.0,103565000.0,103919000.0,27.50905042
2026-04-07T05:00:00,103919000.0,103974000.0,103600000.0,103633000.0,30.04525263
2026-04-07T06:00:00,103631000.0,103655000.0,103352000.0,103497000.0,37.206195
2026-04-07T07:00:00,103527000.0,103670000.0,103429000.0,103543000.0,17.84853951
2026-04-07T08:00:00,103543000.0,103865000.0,103469000.0,103811000.0,30.94784386
2026-04-07T09:00:00,103815000.0,104050000.0,103654000.0,103982000.0,37.72739272
2026-04-07T10:00:00,103983000.0,104050000.0,102800000.0,102874000.0,100.44152505
2026-04-07T11:00:00,102874000.0,103248000.0,102703000.0,103057000.0,56.02869282
2026-04-07T12:00:00,103041000.0,103315000.0,102611000.0,103039000.0,68.70592001
2026-04-07T13:00:00,103036000.0,103370000.0,102802000.0,102885000.0,38.58413619
2026-04-07T14:00:00,102885000.0,102932000.0,102400000.0,102515000.0,80.59992996
2026-04-07T15:00:00,102514000.0,103027000.0,102400000.0,102914000.0,41.2318941
2026-04-07T16:00:00,102944000.0,103267000.0,102886000.0,103040000.0,17.61007029
2026-04-07T17:00:00,103040000.0,103991000.0,102985000.0,103500000.0,28.24961259
2026-04-07T18:00:00,103556000.0,103607000.0,103058000.0,103117000.0,11.49845119
2026-04-07T19:00:00,103181000.0,104000000.0,103081000.0,103934000.0,24.40018597
2026-04-07T20:00:00,103934000.0,104507000.0,103844000.0,104205000.0,68.32318267
2026-04-07T21:00:00,104205000.0,105497000.0,104164000.0,104998000.0,125.99989005
2026-04-07T22:00:00,105000000.0,106822000.0,105000000.0,106809000.0,356.88533716
2026-04-07T23:00:00,106809000.0,108318000.0,106422000.0,107255000.0,490.06135597
2026-04-08T00:00:00,107295000.0,107302000.0,106357000.0,106521000.0,244.00446857
2026-04-08T01:00:00,106549000.0,106721000.0,106103000.0,106110000.0,99.33714889
2026-04-08T02:00:00,106110000.0,106530000.0,105772000.0,105836000.0,108.46118681
2026-04-08T03:00:00,105865000.0,106000000.0,105623000.0,105722000.0,63.15259895
2026-04-08T04:00:00,105722000.0,106216000.0,105702000.0,106068000.0,73.17488473
2026-04-08T05:00:00,106082000.0,106336000.0,106060000.0,106177000.0,45.51725061
2026-04-08T06:00:00,106177000.0,106403000.0,105984000.0,106019000.0,43.54938808
2026-04-08T07:00:00,106019000.0,106338000.0,105950000.0,106018000.0,35.94799159
2026-04-08T08:00:00,106018000.0,106500000.0,105969000.0,106389000.0,42.80744561
2026-04-08T09:00:00,106390000.0,106636000.0,106130000.0,106290000.0,50.71406396
2026-04-08T10:00:00,106298000.0,106375000.0,106011000.0,106036000.0,35.81064986
2026-04-08T11:00:00,106035000.0,106400000.0,105984000.0,106295000.0,40.19032109
2026-04-08T12:00:00,106295000.0,106926000.0,106150000.0,106861000.0,51.89689956
2026-04-08T13:00:00,106891000.0,108000000.0,106280000.0,106402000.0,282.56301884
2026-04-08T14:00:00,106396000.0,106550000.0,105167000.0,105371000.0,153.83301081
2026-04-08T15:00:00,105433000.0,106100000.0,105362000.0,105981000.0,44.11721828
2026-04-08T16:00:00,105985000.0,106449000.0,105938000.0,106350000.0,26.5334287
2026-04-08T17:00:00,106411000.0,106859000.0,106148000.0,106696000.0,24.99011984
2026-04-08T18:00:00,106695000.0,106695000.0,105703000.0,105738000.0,25.90695084
2026-04-08T19:00:00,105739000.0,106130000.0,105600000.0,106054000.0,14.82320912
2026-04-08T20:00:00,106054000.0,106300000.0,106002000.0,106221000.0,10.84097511
2026-04-08T21:00:00,106200000.0,106684000.0,106119000.0,106398000.0,28.61015906
2026-04-08T22:00:00,106398000.0,106398000.0,105800000.0,105867000.0,39.84177974
2026-04-08T23:00:00,105867000.0,105987000.0,105531000.0,105862000.0,62.77082201
2026-04-09T00:00:00,105868000.0,105935000.0,105238000.0,105395000.0,75.09812313
2026-04-09T01:00:00,105395000.0,105700000.0,105080000.0,105687000.0,70.43942118
2026-04-09T02:00:00,105687000.0,105964000.0,105386000.0,105844000.0,37.85052264
2026-04-09T03:00:00,105844000.0,105844000.0,105501000.0,105618000.0,32.32546572
2026-04-09T04:00:00,105645000.0,105751000.0,105290000.0,105376000.0,24.21014397
2026-04-09T05:00:00,105378000.0,105919000.0,105308000.0,105756000.0,24.13686336
2026-04-09T06:00:00,105756000.0,105914000.0,105600000.0,105862000.0,27.70593887
2026-04-09T07:00:00,105862000.0,105976000.0,105862000.0,105911000.0,19.30636654
2026-04-09T08:00:00,105911000.0,106299000.0,105750000.0,106255000.0,44.410754
2026-04-09T09:00:00,106255000.0,106619000.0,106080000.0,106598000.0,45.46207026
2026-04-09T10:00:00,106598000.0,106599000.0,106294000.0,106294000.0,32.89008903
2026-04-09T11:00:00,106296000.0,106340000.0,106000000.0,106200000.0,29.53594874
2026-04-09T12:00:00,106200000.0,106426000.0,106042000.0,106284000.0,27.19818813
2026-04-09T13:00:00,106318000.0,106351000.0,105454000.0,105689000.0,67.05532783
2026-04-09T14:00:00,105689000.0,106198000.0,105309000.0,105976000.0,61.71230337
2026-04-09T15:00:00,105976000.0,107304000.0,105696000.0,107001000.0,155.53137785
2026-04-09T16:00:00,107001000.0,107330000.0,106408000.0,106881000.0,60.65045698
2026-04-09T17:00:00,106880000.0,107435000.0,106825000.0,107043000.0,53.07605098
2026-04-09T18:00:00,107136000.0,107136000.0,106353000.0,106535000.0,20.69620942
2026-04-09T19:00:00,106540000.0,107031000.0,106358000.0,106782000.0,26.18650675
2026-04-09T20:00:00,106782000.0,107200000.0,106625000.0,107170000.0,25.50311747
2026-04-09T21:00:00,107170000.0,107500000.0,106850000.0,107099000.0,54.80041134
2026-04-09T22:00:00,107099000.0,108062000.0,106725000.0,106725000.0,142.46816679
2026-04-09T23:00:00,106754000.0,106879000.0,106300000.0,106628000.0,88.7136457
2026-04-10T00:00:00,106695000.0,107190000.0,106569000.0,107061000.0,62.82896148
2026-04-10T01:00:00,107092000.0,107537000.0,106710000.0,107312000.0,72.65579572
2026-04-10T02:00:00,107312000.0,107404000.0,107030000.0,107048000.0,41.48084457
2026-04-10T03:00:00,107048000.0,107131000.0,106917000.0,106950000.0,37.64118218
2026-04-10T04:00:00,106956000.0,107300000.0,106900000.0,107162000.0,35.22067642
2026-04-10T05:00:00,107163000.0,107380000.0,107000000.0,107296000.0,43.2899043
2026-04-10T06:00:00,107301000.0,107349000.0,106935000.0,106938000.0,37.5650558
2026-04-10T07:00:00,106940000.0,107001000.0,106506000.0,106574000.0,51.77260077
2026-04-10T08:00:00,106574000.0,106895000.0,106521000.0,106764000.0,30.95426816
2026-04-10T09:00:00,106764000.0,107051000.0,106685000.0,107004000.0,26.43251392
2026-04-10T10:00:00,107034000.0,107200000.0,106922000.0,107184000.0,21.84326028
2026-04-10T11:00:00,107184000.0,107500000.0,107135000.0,107328000.0,65.80663399
2026-04-10T12:00:00,107328000.0,107770000.0,107172000.0,107652000.0,105.39651601
2026-04-10T13:00:00,107678000.0,107700000.0,107055000.0,107636000.0,72.41791857
2026-04-10T14:00:00,107635000.0,108500000.0,107467000.0,108213000.0,245.51693326
2026-04-10T15:00:00,108213000.0,108704000.0,107577000.0,107587000.0,104.87066981
2026-04-10T16:00:00,107693000.0,108462000.0,107590000.0,108378000.0,29.70678249
2026-04-10T17:00:00,108378000.0,108513000.0,108087000.0,108513000.0,31.54111082
2026-04-10T18:00:00,108513000.0,108581000.0,108240000.0,108432000.0,22.90998419
2026-04-10T19:00:00,108432000.0,108670000.0,108108000.0,108591000.0,31.78529006
2026-04-10T20:00:00,108591000.0,108779000.0,108311000.0,108682000.0,51.14199824
2026-04-10T21:00:00,108772000.0,108779000.0,108228000.0,108587000.0,37.13720559
2026-04-10T22:00:00,108588000.0,108596000.0,107883000.0,108120000.0,49.88401446
2026-04-10T23:00:00,108126000.0,108322000.0,108050000.0,108308000.0,41.18808574
2026-04-11T00:00:00,108308000.0,108415000.0,108144000.0,108183000.0,41.2594801
2026-04-11T01:00:00,108183000.0,108409000.0,107980000.0,108408000.0,39.02336463
2026-04-11T02:00:00,108408000.0,108550000.0,108363000.0,108440000.0,47.96430767
2026-04-11T03:00:00,108440000.0,108563000.0,108280000.0,108350000.0,27.10311962
2026-04-11T04:00:00,108374000.0,108470000.0,108080000.0,108226000.0,33.48705478
2026-04-11T05:00:00,108226000.0,108250000.0,108085000.0,108150000.0,18.99517514
2026-04-11T06:00:00,108169000.0,108233000.0,108040000.0,108233000.0,29.46695435
2026-04-11T07:00:00,108233000.0,108395000.0,108107000.0,108167000.0,22.97394327
2026-04-11T08:00:00,108167000.0,108350000.0,108080000.0,108100000.0,18.68732109
2026-04-11T09:00:00,108129000.0,108500000.0,108100000.0,108490000.0,34.43126558
2026-04-11T10:00:00,108490000.0,108540000.0,108330000.0,108433000.0,34.769924
2026-04-11T11:00:00,108433000.0,108501000.0,108402000.0,108485000.0,18.22490742
2026-04-11T12:00:00,108485000.0,108600000.0,108409000.0,108588000.0,38.3337857
2026-04-11T13:00:00,108597000.0,108597000.0,108100000.0,108294000.0,45.11737314
2026-04-11T14:00:00,108294000.0,108380000.0,108153000.0,108280000.0,24.44408812
2026-04-11T15:00:00,108280000.0,108507000.0,108278000.0,108443000.0,19.6257242
2026-04-11T16:00:00,108444000.0,108778000.0,108400000.0,108609000.0,53.59645003
2026-04-11T17:00:00,108584000.0,108729000.0,108470000.0,108581000.0,11.55243126
2026-04-11T18:00:00,108638000.0,109300000.0,108570000.0,109118000.0,65.23848904
2026-04-11T19:00:00,109118000.0,109384000.0,109086000.0,109150000.0,52.28302454
2026-04-11T20:00:00,109178000.0,109201000.0,108668000.0,108785000.0,43.16508337
2026-04-11T21:00:00,108799000.0,109000000.0,108700000.0,108973000.0,31.74544105
2026-04-11T22:00:00,108973000.0,109112000.0,108702000.0,108878000.0,52.16302332
2026-04-11T23:00:00,108969000.0,108970000.0,108359000.0,108567000.0,43.81867943
2026-04-12T00:00:00,108567000.0,108749000.0,108375000.0,108691000.0,42.5420521
2026-04-12T01:00:00,108696000.0,108765000.0,106194000.0,106740000.0,377.01238799
2026-04-12T02:00:00,106734000.0,107200000.0,106373000.0,106944000.0,168.94682767
2026-04-12T03:00:00,106944000.0,106960000.0,106700000.0,106810000.0,62.43658127
2026-04-12T04:00:00,106808000.0,106818000.0,106527000.0,106571000.0,58.88895319
2026-04-12T05:00:00,106573000.0,107000000.0,106549000.0,106941000.0,30.37476892
2026-04-12T06:00:00,106941000.0,106957000.0,106908000.0,106933000.0,25.40006125
2026-04-12T07:00:00,106933000.0,106933000.0,106760000.0,106906000.0,24.70397129
2026-04-12T08:00:00,106915000.0,107000000.0,106830000.0,106844000.0,26.82538532
2026-04-12T09:00:00,106844000.0,106844000.0,106719000.0,106743000.0,22.93400262
2026-04-12T10:00:00,106811000.0,106905000.0,106496000.0,106544000.0,35.9477145
2026-04-12T11:00:00,106550000.0,106674000.0,106510000.0,106514000.0,39.68941086
2026-04-12T12:00:00,106514000.0,106540000.0,106000000.0,106000000.0,107.08745451
2026-04-12T13:00:00,106000000.0,106049000.0,105600000.0,105736000.0,120.94871835
2026-04-12T14:00:00,105734000.0,105956000.0,105500000.0,105500000.0,59.73672111
2026-04-12T15:00:00,105535000.0,105870000.0,105454000.0,105802000.0,42.71292153
2026-04-12T16:00:00,105802000.0,105918000.0,105687000.0,105858000.0,18.7782077
2026-04-12T17:00:00,105826000.0,105858000.0,105770000.0,105771000.0,0.01510005
2026-04-12T22:00:00,105771000.0,105858000.0,105681000.0,105787000.0,29.70225721
2026-04-12T23:00:00,105786000.0,105787000.0,105443000.0,105700000.0,70.47286234
2026-04-13T00:00:00,105732000.0,106540000.0,105483000.0,106427000.0,102.5839255
2026-04-13T01:00:00,106406000.0,106499000.0,106140000.0,106400000.0,47.09477032
2026-04-13T02:00:00,106400000.0,106440000.0,106080000.0,106206000.0,29.26688024
2026-04-13T03:00:00,106213000.0,106240000.0,105905000.0,105945000.0,30.49692672
2026-04-13T04:00:00,105945000.0,106130000.0,105842000.0,105943000.0,27.63038726
2026-04-13T05:00:00,105943000.0,106000000.0,105694000.0,105826000.0,37.83797427
2026-04-13T06:00:00,105826000.0,106100000.0,105759000.0,106049000.0,28.56172039
2026-04-13T07:00:00,106049000.0,106049000.0,105561000.0,105800000.0,35.193384
2026-04-13T08:00:00,105800000.0,105849000.0,105438000.0,105480000.0,54.84766454
2026-04-13T09:00:00,105480000.0,105803000.0,105469000.0,105627000.0,28.43051499
2026-04-13T10:00:00,105640000.0,105787000.0,105590000.0,105592000.0,20.89284209
2026-04-13T11:00:00,105625000.0,105973000.0,105592000.0,105962000.0,34.84117767
2026-04-13T12:00:00,105962000.0,106330000.0,105759000.0,106079000.0,45.13760063
2026-04-13T13:00:00,106139000.0,106840000.0,105775000.0,106743000.0,90.44909308
2026-04-13T14:00:00,106743000.0,107652000.0,106400000.0,107632000.0,124.9414583
2026-04-13T15:00:00,107620000.0,107722000.0,106617000.0,106965000.0,89.43577981
2026-04-13T16:00:00,106965000.0,107593000.0,106745000.0,107340000.0,51.94479784
2026-04-13T17:00:00,107340000.0,107805000.0,107101000.0,107243000.0,39.20304373
2026-04-13T18:00:00,107259000.0,107600000.0,107150000.0,107599000.0,11.29885364
2026-04-13T19:00:00,107599000.0,108800000.0,107351000.0,108648000.0,107.77571709
2026-04-13T20:00:00,108648000.0,108739000.0,108093000.0,108457000.0,60.18373757
2026-04-13T21:00:00,108457000.0,108641000.0,108303000.0,108365000.0,67.27710061
2026-04-13T22:00:00,108365000.0,110094000.0,108291000.0,109999000.0,350.76126594
2026-04-13T23:00:00,110014000.0,110276000.0,109655000.0,109806000.0,265.712992
2026-04-14T00:00:00,109804000.0,109900000.0,109300000.0,109339000.0,167.41589524
2026-04-14T01:00:00,109331000.0,109990000.0,109200000.0,109970000.0,69.71275988
2026-04-14T02:00:00,109958000.0,110180000.0,109818000.0,109822000.0,85.98456774
2026-04-14T03:00:00,109822000.0,110062000.0,109740000.0,110062000.0,64.76270959
2026-04-14T04:00:00,110061000.0,110062000.0,109954000.0,109956000.0,35.0717614
2026-04-14T05:00:00,109973000.0,109974000.0,109504000.0,109546000.0,64.30025652
2026-04-14T06:00:00,109546000.0,110006000.0,109525000.0,110005000.0,58.93282089
2026-04-14T07:00:00,110006000.0,110376000.0,109845000.0,110079000.0,86.761838
2026-04-14T08:00:00,110080000.0,110500000.0,110012000.0,110435000.0,70.38470347
2026-04-14T09:00:00,110435000.0,110461000.0,109836000.0,109878000.0,70.84160932
2026-04-14T10:00:00,109878000.0,110000000.0,109585000.0,109668000.0,55.57426464
2026-04-14T11:00:00,109670000.0,109862000.0,109580000.0,109723000.0,47.37616498
2026-04-14T12:00:00,109724000.0,109858000.0,109589000.0,109857000.0,54.2090166
2026-04-14T13:00:00,109857000.0,111104000.0,109816000.0,111104000.0,165.38713274
2026-04-14T14:00:00,111105000.0,111996000.0,110667000.0,110692000.0,302.4532189
2026-04-14T15:00:00,110691000.0,111303000.0,110067000.0,111221000.0,158.22840438
2026-04-14T16:00:00,111221000.0,111651000.0,110200000.0,110323000.0,61.05186473
2026-04-14T17:00:00,110362000.0,110776000.0,109890000.0,110419000.0,57.8735919
2026-04-14T18:00:00,110419000.0,110540000.0,109380000.0,109737000.0,64.89584837
2026-04-14T19:00:00,109737000.0,110106000.0,109475000.0,109930000.0,32.60979623
2026-04-14T20:00:00,109939000.0,110182000.0,109671000.0,109725000.0,26.51586569
2026-04-14T21:00:00,109725000.0,110086000.0,109600000.0,110076000.0,41.91510948
2026-04-14T22:00:00,110060000.0,110133000.0,109466000.0,109789000.0,47.60565804
2026-04-14T23:00:00,109793000.0,109925000.0,109655000.0,109875000.0,56.55727447
2026-04-15T00:00:00,109870000.0,110599000.0,109708000.0,110440000.0,84.74233077
2026-04-15T01:00:00,110440000.0,110717000.0,110380000.0,110570000.0,52.10755591
2026-04-15T02:00:00,110570000.0,110611000.0,110000000.0,110225000.0,47.64663072
2026-04-15T03:00:00,110225000.0,110279000.0,110001000.0,110120000.0,35.7845137
2026-04-15T04:00:00,110126000.0,110300000.0,110001000.0,110020000.0,36.65958376
2026-04-15T05:00:00,110077000.0,110169000.0,109500000.0,109655000.0,68.92674706
2026-04-15T06:00:00,109655000.0,109800000.0,109512000.0,109512000.0,51.97356211
2026-04-15T07:00:00,109512000.0,109568000.0,109020000.0,109319000.0,92.70512641
2026-04-15T08:00:00,109319000.0,109850000.0,109295000.0,109830000.0,46.53751983
2026-04-15T09:00:00,109850000.0,109854000.0,109600000.0,109756000.0,25.10351685
2026-04-15T10:00:00,109756000.0,110000000.0,109490000.0,109538000.0,47.79395391
2026-04-15T11:00:00,109541000.0,110029000.0,109535000.0,109994000.0,43.50629221
2026-04-15T12:00:00,109994000.0,110346000.0,109793000.0,110120000.0,78.41012321
2026-04-15T13:00:00,110153000.0,110289000.0,109543000.0,109896000.0,89.34558118
2026-04-15T14:00:00,109892000.0,110245000.0,109501000.0,109679000.0,78.27060937
2026-04-15T15:00:00,109679000.0,109852000.0,109038000.0,109372000.0,91.83283431
2026-04-15T16:00:00,109372000.0,109668000.0,109190000.0,109268000.0,31.40034689
2026-04-15T17:00:00,109268000.0,109698000.0,109267000.0,109521000.0,14.73569024
2026-04-15T18:00:00,109525000.0,109842000.0,109438000.0,109842000.0,19.98121434
2026-04-15T19:00:00,109842000.0,110952000.0,109766000.0,110589000.0,61.594335
2026-04-15T20:00:00,110603000.0,110603000.0,109908000.0,110335000.0,34.68321331
2026-04-15T21:00:00,110335000.0,110368000.0,110042000.0,110150000.0,29.04703863
2026-04-15T22:00:00,110247000.0,111016000.0,110190000.0,110568000.0,88.13785395
2026-04-15T23:00:00,110568000.0,110568000.0,110261000.0,110456000.0,46.6614938
2026-04-16T00:00:00,110455000.0,110580000.0,110042000.0,110500000.0,61.64735138
2026-04-16T01:00:00,110500000.0,110507000.0,110090000.0,110169000.0,42.41543832
2026-04-16T02:00:00,110207000.0,110850000.0,110167000.0,110540000.0,55.3310503
2026-04-16T03:00:00,110533000.0,110700000.0,110322000.0,110410000.0,42.16011137
2026-04-16T04:00:00,110410000.0,110690000.0,110210000.0,110505000.0,41.50566877
2026-04-16T05:00:00,110506000.0,110730000.0,110459000.0,110623000.0,30.73662508
2026-04-16T06:00:00,110623000.0,110686000.0,110480000.0,110630000.0,26.75843206
2026-04-16T07:00:00,110634000.0,110653000.0,110285000.0,110325000.0,41.78099649
2026-04-16T08:00:00,110325000.0,110550000.0,110150000.0,110443000.0,76.88440876
2026-04-16T09:00:00,110413000.0,110653000.0,110295000.0,110355000.0,50.02696177
2026-04-16T10:00:00,110355000.0,110356000.0,109900000.0,109996000.0,73.21225811
2026-04-16T11:00:00,109999000.0,110340000.0,109930000.0,110308000.0,45.52056084
2026-04-16T12:00:00,110320000.0,110548000.0,110203000.0,110235000.0,40.36136771
2026-04-16T13:00:00,110271000.0,110632000.0,108661000.0,109355000.0,224.36913186
2026-04-16T14:00:00,109340000.0,109800000.0,108900000.0,109444000.0,140.08152504
2026-04-16T15:00:00,109481000.0,110630000.0,109481000.0,110416000.0,79.05066797
2026-04-16T16:00:00,110427000.0,110585000.0,109555000.0,109688000.0,58.17012119
2026-04-16T17:00:00,109778000.0,110100000.0,109470000.0,109900000.0,35.25605641
2026-04-16T18:00:00,109970000.0,110747000.0,109778000.0,110747000.0,36.18535783
2026-04-16T19:00:00,110747000.0,111113000.0,110310000.0,111020000.0,72.65738043
2026-04-16T20:00:00,111001000.0,111194000.0,110601000.0,110928000.0,58.87736806
2026-04-16T21:00:00,110928000.0,111012000.0,110400000.0,110550000.0,39.26110401
2026-04-16T22:00:00,110588000.0,110718000.0,110407000.0,110486000.0,40.10601451
2026-04-16T23:00:00,110486000.0,110845000.0,110453000.0,110782000.0,47.53176001
2026-04-17T00:00:00,110782000.0,110900000.0,110629000.0,110691000.0,68.12023679
2026-04-17T01:00:00,110712000.0,110733000.0,110200000.0,110418000.0,69.01915924
2026-04-17T02:00:00,110466000.0,110544000.0,110175000.0,110345000.0,35.16784494
2026-04-17T03:00:00,110345000.0,110500000.0,110291000.0,110305000.0,30.41421235
2026-04-17T04:00:00,110306000.0,110544000.0,110250000.0,110488000.0,21.12867487
2026-04-17T05:00:00,110481000.0,110580000.0,110227000.0,110311000.0,102.28126195
2026-04-17T06:00:00,110311000.0,110740000.0,110281000.0,110739000.0,42.83457095
2026-04-17T07:00:00,110740000.0,110950000.0,110738000.0,110920000.0,62.348081
2026-04-17T08:00:00,110920000.0,111995000.0,110898000.0,111930000.0,171.65428182
2026-04-17T09:00:00,111933000.0,112784000.0,111800000.0,112125000.0,223.2499568
2026-04-17T10:00:00,112125000.0,112240000.0,111200000.0,111502000.0,141.82795752
2026-04-17T11:00:00,111501000.0,111906000.0,111500000.0,111897000.0,56.90109673
2026-04-17T12:00:00,111897000.0,112603000.0,111843000.0,112477000.0,147.63386324
2026-04-17T13:00:00,112483000.0,113900000.0,112151000.0,113868000.0,481.57210167
2026-04-17T14:00:00,113868000.0,114480000.0,113310000.0,114316000.0,324.07728706
2026-04-17T15:00:00,114325000.0,114350000.0,113770000.0,114211000.0,156.78193784
2026-04-17T16:00:00,114213000.0,114891000.0,114000000.0,114136000.0,118.24565933
2026-04-17T17:00:00,114136000.0,114170000.0,113335000.0,113815000.0,75.4952498
2026-04-17T18:00:00,113815000.0,113885000.0,113390000.0,113482000.0,36.92651465
2026-04-17T19:00:00,113480000.0,113898000.0,113300000.0,113885000.0,33.23606482
2026-04-17T20:00:00,113857000.0,114109000.0,113620000.0,113852000.0,29.84646969
2026-04-17T21:00:00,113852000.0,114064000.0,113829000.0,114059000.0,43.93206785
2026-04-17T22:00:00,114059000.0,114125000.0,113930000.0,113930000.0,60.16120597
2026-04-17T23:00:00,113930000.0,113975000.0,113499000.0,113773000.0,83.79898372
2026-04-18T00:00:00,113741000.0,113995000.0,113700000.0,113913000.0,77.4622811
2026-04-18T01:00:00,113950000.0,114213000.0,113913000.0,114113000.0,63.01878023
2026-04-18T02:00:00,114114000.0,114399000.0,114041000.0,114232000.0,56.40378951
2026-04-18T03:00:00,114232000.0,114292000.0,113798000.0,113800000.0,61.06626217
2026-04-18T04:00:00,113800000.0,113968000.0,113658000.0,113954000.0,57.93825282
2026-04-18T05:00:00,113950000.0,114118000.0,113950000.0,114001000.0,33.42911946
2026-04-18T06:00:00,114001000.0,114140000.0,113969000.0,114055000.0,29.38344767
2026-04-18T07:00:00,114055000.0,114089000.0,113743000.0,113827000.0,39.45099522
2026-04-18T08:00:00,113827000.0,113904000.0,113183000.0,113493000.0,121.50204267
2026-04-18T09:00:00,113493000.0,113493000.0,113000000.0,113211000.0,85.32801184
2026-04-18T10:00:00,113210000.0,113210000.0,112437000.0,112486000.0,155.99628349
2026-04-18T11:00:00,112453000.0,112486000.0,112000000.0,112401000.0,168.38345645
2026-04-18T12:00:00,112401000.0,112894000.0,112400000.0,112807000.0,81.89815164
2026-04-18T13:00:00,112844000.0,112844000.0,112235000.0,112679000.0,72.18663221
2026-04-18T14:00:00,112679000.0,112962000.0,112490000.0,112961000.0,36.33626458
2026-04-18T15:00:00,112962000.0,113072000.0,112621000.0,112817000.0,44.06372408
2026-04-18T16:00:00,112817000.0,112817000.0,112200000.0,112421000.0,29.24910038
2026-04-18T17:00:00,112469000.0,112535000.0,112310000.0,112432000.0,16.16101565
2026-04-18T18:00:00,112432000.0,112442000.0,112000000.0,112172000.0,39.41106782
2026-04-18T19:00:00,112290000.0,112486000.0,112100000.0,112208000.0,11.36206808
2026-04-18T20:00:00,112222000.0,112485000.0,112057000.0,112304000.0,17.5809525
2026-04-18T21:00:00,112386000.0,112527000.0,112200000.0,112443000.0,16.92762031
2026-04-18T22:00:00,112492000.0,112592000.0,112215000.0,112562000.0,25.87872155
2026-04-18T23:00:00,112562000.0,112604000.0,112363000.0,112375000.0,26.3546822
2026-04-19T00:00:00,112417000.0,112600000.0,112155000.0,112357000.0,51.85040746
2026-04-19T01:00:00,112360000.0,112559000.0,112000000.0,112117000.0,64.71731947
2026-04-19T02:00:00,112117000.0,112198000.0,111900000.0,112067000.0,68.70183739
2026-04-19T03:00:00,112080000.0,112182000.0,111903000.0,112056000.0,24.9949724
2026-04-19T04:00:00,112070000.0,112400000.0,112000000.0,112370000.0,36.10869509
2026-04-19T05:00:00,112392000.0,112394000.0,112170000.0,112223000.0,25.08629771
2026-04-19T06:00:00,112224000.0,112293000.0,112000000.0,112050000.0,26.42301898
2026-04-19T07:00:00,112064000.0,112104000.0,111500000.0,111897000.0,96.77219095
2026-04-19T08:00:00,111897000.0,111897000.0,111631000.0,111771000.0,29.04142631
2026-04-19T09:00:00,111780000.0,111780000.0,111300000.0,111390000.0,62.99406713
2026-04-19T10:00:00,111390000.0,111769000.0,111311000.0,111764000.0,34.64346356
2026-04-19T11:00:00,111764000.0,112399000.0,111760000.0,112397000.0,41.50669006
2026-04-19T12:00:00,112370000.0,112537000.0,112228000.0,112440000.0,54.38284381
2026-04-19T13:00:00,112438000.0,113300000.0,112394000.0,112767000.0,95.60935839
2026-04-19T14:00:00,112769000.0,113000000.0,112401000.0,112819000.0,58.48823772
2026-04-19T15:00:00,112819000.0,113070000.0,112200000.0,112645000.0,49.00349615
2026-04-19T16:00:00,112646000.0,112741000.0,112051000.0,112168000.0,26.26029553
2026-04-19T17:00:00,112168000.0,112169000.0,111300000.0,111490000.0,57.51053651
2026-04-19T18:00:00,111490000.0,111614000.0,111224000.0,111454000.0,27.63305416
2026-04-19T19:00:00,111456000.0,111909000.0,111367000.0,111700000.0,9.4824583
2026-04-19T20:00:00,111651000.0,111700000.0,111100000.0,111381000.0,41.61717092
2026-04-19T21:00:00,111381000.0,111488000.0,110991000.0,110994000.0,67.0406302
2026-04-19T22:00:00,110994000.0,110994000.0,110207000.0,110325000.0,163.49303483
2026-04-19T23:00:00,110320000.0,110324000.0,110003000.0,110020000.0,116.04089975
2026-04-20T00:00:00,110040000.0,110783000.0,110000000.0,110753000.0,152.67612047
2026-04-20T01:00:00,110753000.0,111385000.0,110673000.0,111105000.0,88.82290216
2026-04-20T02:00:00,111098000.0,111106000.0,110671000.0,110672000.0,41.83834503
2026-04-20T03:00:00,110672000.0,110842000.0,110470000.0,110842000.0,42.93639688
2026-04-20T04:00:00,110842000.0,110842000.0,110562000.0,110758000.0,26.21700883
2026-04-20T05:00:00,110755000.0,110758000.0,110216000.0,110433000.0,53.09268525
2026-04-20T06:00:00,110436000.0,111267000.0,110418000.0,111137000.0,39.37220348
2026-04-20T07:00:00,111137000.0,112208000.0,111034000.0,111208000.0,106.33289898
2026-04-20T08:00:00,111243000.0,111544000.0,110998000.0,111097000.0,46.22007671
2026-04-20T09:00:00,111097000.0,111730000.0,111096000.0,111456000.0,44.54658657
2026-04-20T10:00:00,111456000.0,111892000.0,111400000.0,111400000.0,42.13617105
2026-04-20T11:00:00,111458000.0,111754000.0,111300000.0,111640000.0,37.76678734
2026-04-20T12:00:00,111640000.0,112200000.0,111431000.0,111740000.0,73.9383423
2026-04-20T13:00:00,111842000.0,111868000.0,111200000.0,111612000.0,59.70557797
2026-04-20T14:00:00,111612000.0,112148000.0,111090000.0,111193000.0,87.57843978
2026-04-20T15:00:00,111126000.0,112101000.0,110833000.0,112055000.0,70.44144374
2026-04-20T16:00:00,112055000.0,112055000.0,111459000.0,111594000.0,36.38183451
2026-04-20T17:00:00,111594000.0,112400000.0,111555000.0,112295000.0,27.69866799
2026-04-20T18:00:00,112286000.0,113058000.0,112286000.0,113000000.0,70.79089322
2026-04-20T19:00:00,113045000.0,113070000.0,112652000.0,112811000.0,23.88345705
2026-04-20T20:00:00,112811000.0,113200000.0,112629000.0,112755000.0,30.77744199
2026-04-20T21:00:00,112755000.0,112940000.0,112179000.0,112431000.0,34.30159501
2026-04-20T22:00:00,112431000.0,112663000.0,112260000.0,112464000.0,33.4705153
2026-04-20T23:00:00,112464000.0,112479000.0,112025000.0,112455000.0,51.12722051
2026-04-21T00:00:00,112455000.0,112703000.0,112216000.0,112703000.0,64.89739911
2026-04-21T01:00:00,112703000.0,112910000.0,112394000.0,112411000.0,53.27071139
2026-04-21T02:00:00,112411000.0,112411000.0,111900000.0,111937000.0,74.35778444
2026-04-21T03:00:00,111937000.0,112108000.0,111700000.0,112023000.0,55.99241456
2026-04-21T04:00:00,112029000.0,112137000.0,111900000.0,112134000.0,33.87415993
2026-04-21T05:00:00,112134000.0,112398000.0,112050000.0,112083000.0,49.26499506
2026-04-21T06:00:00,112117000.0,112500000.0,111998000.0,112433000.0,74.94952441
2026-04-21T07:00:00,112450000.0,112784000.0,112228000.0,112571000.0,52.23170351
2026-04-21T08:00:00,112572000.0,113500000.0,112499000.0,113091000.0,104.31892999
2026-04-21T09:00:00,113087000.0,113205000.0,112735000.0,112955000.0,53.22902708
2026-04-21T10:00:00,112972000.0,113500000.0,112956000.0,113401000.0,54.72625619
2026-04-21T11:00:00,113401000.0,113402000.0,112940000.0,113017000.0,55.45852036
2026-04-21T12:00:00,113039000.0,113221000.0,112200000.0,112604000.0,105.05030766
2026-04-21T13:00:00,112665000.0,112800000.0,112281000.0,112512000.0,69.59975675
2026-04-21T14:00:00,112512000.0,113263000.0,112100000.0,112162000.0,95.18035047
2026-04-21T15:00:00,112162000.0,112629000.0,111950000.0,112350000.0,72.78182181
2026-04-21T16:00:00,112382000.0,112870000.0,112332000.0,112449000.0,25.33513341
2026-04-21T17:00:00,112450000.0,112770000.0,111800000.0,112325000.0,46.42146373
2026-04-21T18:00:00,112325000.0,112506000.0,112051000.0,112369000.0,20.37610988
2026-04-21T19:00:00,112458000.0,112710000.0,111450000.0,111883000.0,73.64520971
2026-04-21T20:00:00,111746000.0,112689000.0,111730000.0,112466000.0,38.68041906
2026-04-21T21:00:00,112466000.0,112469000.0,112147000.0,112171000.0,31.15208967
2026-04-21T22:00:00,112281000.0,112316000.0,111944000.0,112316000.0,39.65926213
2026-04-21T23:00:00,112319000.0,113186000.0,112302000.0,113049000.0,82.50168762
2026-04-22T00:00:00,113049000.0,113231000.0,112779000.0,112967000.0,98.10882856
2026-04-22T01:00:00,112967000.0,113102000.0,112858000.0,112946000.0,39.58203031
2026-04-22T02:00:00,112945000.0,114743000.0,112900000.0,114743000.0,249.81681613
2026-04-22T03:00:00,114743000.0,114840000.0,114370000.0,114704000.0,150.70482065
2026-04-22T04:00:00,114703000.0,114750000.0,114400000.0,114484000.0,90.1611323
2026-04-22T05:00:00,114484000.0,115827000.0,114466000.0,115162000.0,260.24446478
2026-04-22T06:00:00,115162000.0,115314000.0,114995000.0,115076000.0,83.60191374
2026-04-22T07:00:00,115076000.0,115367000.0,114864000.0,115152000.0,87.77942821
2026-04-22T08:00:00,115182000.0,115380000.0,115058000.0,115152000.0,68.95297443
2026-04-22T09:00:00,115133000.0,115394000.0,115118000.0,115223000.0,49.73652684
2026-04-22T10:00:00,115223000.0,115548000.0,115175000.0,115430000.0,62.92557787
2026-04-22T11:00:00,115490000.0,115810000.0,115429000.0,115764000.0,77.69690823
2026-04-22T12:00:00,115765000.0,115900000.0,115564000.0,115681000.0,107.34158571
2026-04-22T13:00:00,115682000.0,116620000.0,115564000.0,116598000.0,216.19734701
2026-04-22T14:00:00,116597000.0,117000000.0,116328000.0,116799000.0,226.54896183
2026-04-22T15:00:00,116799000.0,117309000.0,116640000.0,117201000.0,129.08308686
2026-04-22T16:00:00,117201000.0,117471000.0,116351000.0,116455000.0,81.57197124
2026-04-22T17:00:00,116455000.0,116962000.0,116404000.0,116682000.0,34.41983344
2026-04-22T18:00:00,116682000.0,116911000.0,116525000.0,116807000.0,22.30061459
2026-04-22T19:00:00,116844000.0,116900000.0,116409000.0,116688000.0,42.5618361
2026-04-22T20:00:00,116688000.0,116736000.0,116021000.0,116050000.0,44.47441492
2026-04-22T21:00:00,116050000.0,116777000.0,116040000.0,116720000.0,42.05848
2026-04-22T22:00:00,116720000.0,116828000.0,116350000.0,116440000.0,62.49424287
2026-04-22T23:00:00,116503000.0,116570000.0,115900000.0,115901000.0,92.91154507
2026-04-23T00:00:00,115909000.0,116597000.0,115251000.0,116382000.0,199.69160469
2026-04-23T01:00:00,116384000.0,116391000.0,115900000.0,116244000.0,89.50166819
2026-04-23T02:00:00,116244000.0,116244000.0,115510000.0,115800000.0,140.02160632
2026-04-23T03:00:00,115800000.0,115803000.0,115220000.0,115488000.0,131.11810831
2026-04-23T04:00:00,115488000.0,115818000.0,115400000.0,115755000.0,52.21855104
2026-04-23T05:00:00,115755000.0,115986000.0,115640000.0,115910000.0,59.16370253
2026-04-23T06:00:00,115910000.0,116373000.0,115858000.0,116140000.0,63.54093803
2026-04-23T07:00:00,116140000.0,116200000.0,115914000.0,115994000.0,34.03042929
2026-04-23T08:00:00,115994000.0,116183000.0,115620000.0,115795000.0,48.21930707
2026-04-23T09:00:00,115792000.0,115795000.0,115332000.0,115420000.0,84.35150853
2026-04-23T10:00:00,115429000.0,115434000.0,114869000.0,115044000.0,127.58558521
2026-04-23T11:00:00,115044000.0,115574000.0,115044000.0,115546000.0,41.67223149
2026-04-23T12:00:00,115550000.0,115719000.0,115334000.0,115719000.0,51.09275187
2026-04-23T13:00:00,115719000.0,115881000.0,115150000.0,115390000.0,55.80785961
2026-04-23T14:00:00,115385000.0,116110000.0,115180000.0,116041000.0,65.34010823
2026-04-23T15:00:00,116041000.0,116800000.0,115849000.0,116381000.0,112.82368639
2026-04-23T16:00:00,116461000.0,116549000.0,115931000.0,116021000.0,40.18572108
2026-04-23T17:00:00,116023000.0,116133000.0,114750000.0,115617000.0,137.5980992
2026-04-23T18:00:00,115617000.0,116200000.0,115549000.0,115699000.0,59.11110091
2026-04-23T19:00:00,115698000.0,115915000.0,115508000.0,115747000.0,18.98928483
2026-04-23T20:00:00,115713000.0,116067000.0,115609000.0,115824000.0,21.42785856
2026-04-23T21:00:00,115824000.0,116121000.0,115751000.0,115830000.0,24.3172115
2026-04-23T22:00:00,115902000.0,116522000.0,115822000.0,116440000.0,57.76304345
2026-04-23T23:00:00,116440000.0,116442000.0,116172000.0,116429000.0,45.66098549
2026-04-24T00:00:00,116430000.0,116843000.0,116309000.0,116690000.0,82.50279281
2026-04-24T01:00:00,116690000.0,116722000.0,116100000.0,116573000.0,77.52486944
2026-04-24T02:00:00,116577000.0,116770000.0,116200000.0,116217000.0,43.84798962
2026-04-24T03:00:00,116258000.0,116301000.0,115668000.0,115901000.0,91.15193554
2026-04-24T04:00:00,115922000.0,116119000.0,115632000.0,115832000.0,69.32077019
2026-04-24T05:00:00,115832000.0,116166000.0,115552000.0,116120000.0,63.40697357
2026-04-24T06:00:00,116120000.0,116157000.0,115872000.0,115977000.0,37.44805626
2026-04-24T07:00:00,115977000.0,115995000.0,115646000.0,115728000.0,53.67798162
2026-04-24T08:00:00,115728000.0,116195000.0,115645000.0,115907000.0,47.73696675
2026-04-24T09:00:00,115914000.0,115964000.0,115500000.0,115602000.0,66.01656361
2026-04-24T10:00:00,115602000.0,115900000.0,115552000.0,115814000.0,33.65336277
2026-04-24T11:00:00,115818000.0,116513000.0,115814000.0,116289000.0,93.72978852
2026-04-24T12:00:00,116289000.0,116500000.0,116101000.0,116352000.0,46.18546653
2026-04-24T13:00:00,116352000.0,116537000.0,116050000.0,116298000.0,54.02407706
2026-04-24T14:00:00,116298000.0,116299000.0,115803000.0,116252000.0,57.74610145
2026-04-24T15:00:00,116252000.0,116344000.0,115700000.0,116065000.0,50.32523504
2026-04-24T16:00:00,116065000.0,116091000.0,115513000.0,115728000.0,55.83850781
2026-04-24T17:00:00,115728000.0,115728000.0,115409000.0,115500000.0,49.66268145
2026-04-24T18:00:00,115538000.0,115624000.0,115220000.0,115454000.0,28.00792352
2026-04-24T19:00:00,115454000.0,115662000.0,115401000.0,115584000.0,26.14423727
2026-04-24T20:00:00,115584000.0,115613000.0,115332000.0,115597000.0,36.615076
2026-04-24T21:00:00,115597000.0,115650000.0,115355000.0,115388000.0,43.60513841
2026-04-24T22:00:00,115388000.0,115506000.0,115140000.0,115215000.0,47.91131624
2026-04-24T23:00:00,115216000.0,115500000.0,115150000.0,115463000.0,39.83012472
2026-04-25T00:00:00,115464000.0,115499000.0,115250000.0,115400000.0,39.06861189
2026-04-25T01:00:00,115400000.0,115610000.0,115385000.0,115501000.0,43.75268382
2026-04-25T02:00:00,115512000.0,115694000.0,115450000.0,115647000.0,28.57786149
2026-04-25T03:00:00,115648000.0,115700000.0,115486000.0,115568000.0,21.16072687
2026-04-25T04:00:00,115568000.0,115632000.0,115481000.0,115548000.0,18.40199502
2026-04-25T05:00:00,115555000.0,115564000.0,115450000.0,115497000.0,26.07590301
2026-04-25T06:00:00,115497000.0,115549000.0,115343000.0,115393000.0,27.99202224
2026-04-25T07:00:00,115393000.0,115459000.0,115268000.0,115435000.0,24.45975481
2026-04-25T08:00:00,115437000.0,115601000.0,115365000.0,115600000.0,18.34943902
2026-04-25T09:00:00,115600000.0,115850000.0,115504000.0,115727000.0,25.39612827
2026-04-25T10:00:00,115727000.0,115935000.0,115692000.0,115791000.0,27.14528212
2026-04-25T11:00:00,115791000.0,115813000.0,115609000.0,115812000.0,22.48400526
2026-04-25T12:00:00,115812000.0,115911000.0,115620000.0,115727000.0,32.04275274
2026-04-25T13:00:00,115728000.0,115929000.0,115667000.0,115898000.0,26.11772746
2026-04-25T14:00:00,115898000.0,115920000.0,115791000.0,115819000.0,22.59397109
2026-04-25T15:00:00,115819000.0,115896000.0,115381000.0,115395000.0,48.62879015
2026-04-25T16:00:00,115443000.0,115563000.0,115200000.0,115426000.0,43.19484803
2026-04-25T17:00:00,115426000.0,115450000.0,115002000.0,115132000.0,49.83089684
2026-04-25T18:00:00,115127000.0,115396000.0,115127000.0,115296000.0,4.20077674
2026-04-25T19:00:00,115299000.0,115353000.0,115201000.0,115351000.0,9.17081832
2026-04-25T20:00:00,115351000.0,115579000.0,115325000.0,115579000.0,7.44007264
2026-04-25T21:00:00,115579000.0,115609000.0,115504000.0,115606000.0,10.69451089
2026-04-25T22:00:00,115607000.0,115650000.0,115599000.0,115623000.0,8.87344409
2026-04-25T23:00:00,115623000.0,115702000.0,115587000.0,115696000.0,17.10464071
2026-04-26T00:00:00,115696000.0,115760000.0,115595000.0,115595000.0,27.93477557
2026-04-26T01:00:00,115600000.0,115650000.0,115400000.0,115402000.0,24.93081275
2026-04-26T02:00:00,115402000.0,115557000.0,115400000.0,115443000.0,24.65600632
2026-04-26T03:00:00,115443000.0,115553000.0,115215000.0,115365000.0,27.07983229
2026-04-26T04:00:00,115363000.0,115760000.0,115274000.0,115744000.0,29.90564399
2026-04-26T05:00:00,115755000.0,116289000.0,115706000.0,115943000.0,69.62168057
2026-04-26T06:00:00,115941000.0,116008000.0,115855000.0,115942000.0,29.21930632
2026-04-26T07:00:00,115942000.0,116145000.0,115928000.0,116094000.0,30.71144852
2026-04-26T08:00:00,116094000.0,116220000.0,116037000.0,116118000.0,25.64547617
2026-04-26T09:00:00,116118000.0,116120000.0,115869000.0,115948000.0,25.66111988
2026-04-26T10:00:00,115948000.0,115970000.0,115934000.0,115946000.0,15.67419213
2026-04-26T11:00:00,115946000.0,116100000.0,115930000.0,116074000.0,15.85356638
2026-04-26T12:00:00,116074000.0,116074000.0,115668000.0,115763000.0,26.64624745
2026-04-26T13:00:00,115766000.0,115967000.0,115673000.0,115882000.0,30.13153892
2026-04-26T14:00:00,115918000.0,116100000.0,115810000.0,116054000.0,22.72374454
2026-04-26T15:00:00,116087000.0,116088000.0,115931000.0,115947000.0,10.66278698
2026-04-26T16:00:00,115947000.0,115985000.0,115810000.0,115810000.0,13.21602341
2026-04-26T17:00:00,115820000.0,115982000.0,115775000.0,115917000.0,11.18161927
2026-04-26T18:00:00,115917000.0,116233000.0,115850000.0,116192000.0,15.39370192
2026-04-26T19:00:00,116215000.0,116388000.0,115800000.0,116078000.0,19.96646403
2026-04-26T20:00:00,116066000.0,116257000.0,116018000.0,116072000.0,11.70565479
2026-04-26T21:00:00,116116000.0,117151000.0,115775000.0,116377000.0,86.85082985
2026-04-26T22:00:00,116377000.0,116999000.0,115883000.0,116322000.0,85.06612203
2026-04-26T23:00:00,116322000.0,116988000.0,116000000.0,116655000.0,61.7915335
2026-04-27T00:00:00,116692000.0,117501000.0,116400000.0,117446000.0,144.45407021
2026-04-27T01:00:00,117497000.0,117736000.0,116800000.0,117391000.0,140.21497158
2026-04-27T02:00:00,117391000.0,117450000.0,117130000.0,117187000.0,53.07494837
2026-04-27T03:00:00,117187000.0,117312000.0,117108000.0,117108000.0,59.19246998
2026-04-27T04:00:00,117109000.0,117118000.0,116674000.0,116750000.0,76.51817473
2026-04-27T05:00:00,116750000.0,116758000.0,115444000.0,115646000.0,295.48545078
2026-04-27T06:00:00,115650000.0,115700000.0,115313000.0,115636000.0,110.90820368
2026-04-27T07:00:00,115636000.0,115700000.0,115488000.0,115496000.0,61.66673748
2026-04-27T08:00:00,115496000.0,115684000.0,115385000.0,115659000.0,57.32927767
2026-04-27T09:00:00,115659000.0,115881000.0,115500000.0,115820000.0,47.72334209
2026-04-27T10:00:00,115820000.0,115863000.0,115641000.0,115720000.0,29.51175909
2026-04-27T11:00:00,115720000.0,115843000.0,115631000.0,115730000.0,34.890887
2026-04-27T12:00:00,115730000.0,115785000.0,115500000.0,115502000.0,43.79167159
2026-04-27T13:00:00,115504000.0,115782000.0,115485000.0,115700000.0,50.00570952
2026-04-27T14:00:00,115700000.0,116200000.0,115600000.0,115730000.0,63.13834839
2026-04-27T15:00:00,115730000.0,115730000.0,114378000.0,114592000.0,286.71773681
2026-04-27T16:00:00,114592000.0,114635000.0,114089000.0,114156000.0,117.13050202
2026-04-27T17:00:00,114230000.0,114676000.0,114143000.0,114525000.0,43.54984989
2026-04-27T18:00:00,114492000.0,114712000.0,114436000.0,114710000.0,20.40035844
2026-04-27T19:00:00,114710000.0,114837000.0,114210000.0,114689000.0,26.44716984
2026-04-27T20:00:00,114689000.0,114915000.0,114653000.0,114821000.0,19.2795777
2026-04-27T21:00:00,114821000.0,114850000.0,114669000.0,114689000.0,26.33866513
2026-04-27T22:00:00,114682000.0,115044000.0,114600000.0,115033000.0,39.17146179
2026-04-27T23:00:00,115034000.0,115406000.0,114999000.0,115338000.0,48.44885836
2026-04-28T00:00:00,115304000.0,115338000.0,115015000.0,115115000.0,65.3493267
2026-04-28T01:00:00,115114000.0,115115000.0,114534000.0,114534000.0,59.58717041
2026-04-28T02:00:00,114534000.0,114849000.0,114111000.0,114307000.0,68.5501559
2026-04-28T03:00:00,114285000.0,114307000.0,114050000.0,114211000.0,50.37762131
2026-04-28T04:00:00,114211000.0,114241000.0,113971000.0,114240000.0,95.22171876
2026-04-28T05:00:00,114241000.0,114561000.0,114159000.0,114260000.0,48.06424536
2026-04-28T06:00:00,114245000.0,114326000.0,113885000.0,114029000.0,46.63778877
2026-04-28T07:00:00,114029000.0,114241000.0,113561000.0,114177000.0,82.89155075
2026-04-28T08:00:00,114177000.0,114332000.0,113996000.0,114168000.0,35.61786097
2026-04-28T09:00:00,114169000.0,114222000.0,113601000.0,113799000.0,45.92966507
2026-04-28T10:00:00,113799000.0,113859000.0,113561000.0,113686000.0,44.41382907
2026-04-28T11:00:00,113686000.0,113700000.0,113137000.0,113268000.0,111.64055186
2026-04-28T12:00:00,113281000.0,113636000.0,113252000.0,113541000.0,72.73250183
2026-04-28T13:00:00,113542000.0,113575000.0,113050000.0,113286000.0,91.4635747
2026-04-28T14:00:00,113286000.0,113396000.0,112648000.0,112892000.0,137.82140244
2026-04-28T15:00:00,112892000.0,113265000.0,112830000.0,113151000.0,41.58224721
2026-04-28T16:00:00,113169000.0,113170000.0,112739000.0,113080000.0,23.45693144
2026-04-28T17:00:00,113080000.0,113281000.0,112806000.0,113134000.0,16.81674119
2026-04-28T18:00:00,113187000.0,113306000.0,113100000.0,113240000.0,9.84439093
2026-04-28T19:00:00,113211000.0,113440000.0,113068000.0,113416000.0,14.27389715
2026-04-28T20:00:00,113317000.0,113610000.0,113308000.0,113610000.0,18.25023004
2026-04-28T21:00:00,113609000.0,113692000.0,113488000.0,113630000.0,27.16804001
2026-04-28T22:00:00,113630000.0,113697000.0,113329000.0,113424000.0,26.17537884
2026-04-28T23:00:00,113398000.0,113502000.0,113290000.0,113437000.0,27.90571693
2026-04-29T00:00:00,113441000.0,113800000.0,113300000.0,113798000.0,54.05638321
2026-04-29T01:00:00,113798000.0,113912000.0,113317000.0,113872000.0,68.33039462
2026-04-29T02:00:00,113870000.0,113989000.0,113543000.0,113755000.0,48.63770605
2026-04-29T03:00:00,113755000.0,114494000.0,113705000.0,114365000.0,61.37710799
2026-04-29T04:00:00,114366000.0,114903000.0,114289000.0,114670000.0,60.51514619
2026-04-29T05:00:00,114687000.0,114750000.0,114593000.0,114640000.0,32.24454062
2026-04-29T06:00:00,114688000.0,114688000.0,114128000.0,114264000.0,38.29894951
2026-04-29T07:00:00,114304000.0,114598000.0,114224000.0,114351000.0,36.49421264
2026-04-29T08:00:00,114351000.0,114601000.0,114250000.0,114444000.0,26.8325789
2026-04-29T09:00:00,114463000.0,115400000.0,114365000.0,115258000.0,76.57823043
2026-04-29T10:00:00,115257000.0,115503000.0,115051000.0,115099000.0,73.48961019
2026-04-29T11:00:00,115151000.0,115343000.0,115027000.0,115165000.0,30.17592136
2026-04-29T12:00:00,115140000.0,115165000.0,114400000.0,114678000.0,62.49136624
2026-04-29T13:00:00,114680000.0,114790000.0,113862000.0,114300000.0,73.66333102
2026-04-29T14:00:00,114300000.0,114519000.0,114030000.0,114100000.0,37.2598909
2026-04-29T15:00:00,114100000.0,114170000.0,113065000.0,113367000.0,102.88019465
2026-04-29T16:00:00,113367000.0,113596000.0,113080000.0,113230000.0,39.78490525
2026-04-29T17:00:00,113230000.0,113641000.0,113163000.0,113620000.0,16.70024775
2026-04-29T18:00:00,113620000.0,113750000.0,112370000.0,113081000.0,142.78351115
2026-04-29T19:00:00,113085000.0,113278000.0,112865000.0,113248000.0,30.34176568
2026-04-29T20:00:00,113248000.0,113652000.0,113172000.0,113461000.0,34.28898988
2026-04-29T21:00:00,113501000.0,113943000.0,113320000.0,113829000.0,42.61926948
2026-04-29T22:00:00,113829000.0,113934000.0,113605000.0,113777000.0,32.70559729
2026-04-29T23:00:00,113777000.0,113788000.0,113392000.0,113406000.0,36.5956003
2026-04-30T00:00:00,113394000.0,113930000.0,113021000.0,113857000.0,81.21318978
2026-04-30T01:00:00,113856000.0,113968000.0,113646000.0,113760000.0,44.05607938
2026-04-30T02:00:00,113760000.0,113865000.0,112829000.0,113016000.0,71.42764365
2026-04-30T03:00:00,113016000.0,113339000.0,112996000.0,113323000.0,41.53467173
2026-04-30T04:00:00,113323000.0,113326000.0,112568000.0,112606000.0,86.91079649
2026-04-30T05:00:00,112606000.0,112983000.0,112500000.0,112789000.0,56.58548662
2026-04-30T06:00:00,112789000.0,113008000.0,112720000.0,112959000.0,28.15261526
2026-04-30T07:00:00,112959000.0,113595000.0,112913000.0,113501000.0,59.20073621
2026-04-30T08:00:00,113501000.0,113558000.0,113237000.0,113400000.0,46.69627517
2026-04-30T09:00:00,113400000.0,113679000.0,113250000.0,113403000.0,42.85748446
2026-04-30T10:00:00,113405000.0,113405000.0,113030000.0,113134000.0,32.53235122
2026-04-30T11:00:00,113134000.0,113382000.0,112976000.0,113159000.0,50.3205385
2026-04-30T12:00:00,113189000.0,113772000.0,113159000.0,113550000.0,63.03133449
2026-04-30T13:00:00,113524000.0,114079000.0,113334000.0,113870000.0,48.17757527
2026-04-30T14:00:00,113870000.0,113999000.0,113380000.0,113690000.0,29.73877437
2026-04-30T15:00:00,113680000.0,114081000.0,113500000.0,113861000.0,28.29649151
2026-04-30T16:00:00,113861000.0,113861000.0,113500000.0,113588000.0,19.86093901
2026-04-30T17:00:00,113590000.0,113632000.0,113300000.0,113560000.0,17.51292803
2026-04-30T18:00:00,113558000.0,113842000.0,113465000.0,113733000.0,6.44001071
2026-04-30T19:00:00,113733000.0,113840000.0,113600000.0,113732000.0,4.3676538
2026-04-30T20:00:00,113732000.0,114000000.0,113607000.0,113974000.0,14.06316211
2026-04-30T21:00:00,113968000.0,113968000.0,113633000.0,113636000.0,16.07702332
2026-04-30T22:00:00,113664000.0,113903000.0,113561000.0,113670000.0,14.94346193
2026-04-30T23:00:00,113676000.0,113841000.0,113669000.0,113810000.0,18.27501217
2026-05-01T00:00:00,113810000.0,114142000.0,113751000.0,114000000.0,54.09172828
2026-05-01T01:00:00,114001000.0,114250000.0,114000000.0,114175000.0,37.08541196
2026-05-01T02:00:00,114175000.0,114250000.0,113900000.0,113970000.0,25.61743019
2026-05-01T03:00:00,113970000.0,114999000.0,113900000.0,114640000.0,69.85798897
2026-05-01T04:00:00,114651000.0,114783000.0,114344000.0,114444000.0,36.34700967
2026-05-01T05:00:00,114539000.0,114728000.0,114387000.0,114629000.0,23.63074155
2026-05-01T06:00:00,114629000.0,114773000.0,114300000.0,114546000.0,26.92494692
2026-05-01T07:00:00,114573000.0,114700000.0,114484000.0,114691000.0,19.60653007
2026-05-01T08:00:00,114691000.0,115200000.0,114534000.0,115001000.0,65.37994652
2026-05-01T09:00:00,115002000.0,115002000.0,114740000.0,114824000.0,23.42285667
2026-05-01T10:00:00,114853000.0,115115000.0,114802000.0,114874000.0,17.63319875
2026-05-01T11:00:00,114874000.0,115226000.0,114869000.0,115040000.0,30.99441513
2026-05-01T12:00:00,115118000.0,115867000.0,115040000.0,115567000.0,114.8344227
2026-05-01T13:00:00,115567000.0,116777000.0,115551000.0,116550000.0,204.75299608
2026-05-01T14:00:00,116553000.0,116700000.0,115618000.0,115998000.0,136.99818394
2026-05-01T15:00:00,115998000.0,116530000.0,115788000.0,116174000.0,59.49070097
2026-05-01T16:00:00,116174000.0,116500000.0,115825000.0,115975000.0,42.76407443
2026-05-01T17:00:00,115975000.0,116462000.0,115870000.0,116450000.0,21.73823252
2026-05-01T18:00:00,116450000.0,116495000.0,116164000.0,116164000.0,10.34016041
2026-05-01T19:00:00,116164000.0,116284000.0,116007000.0,116154000.0,12.62011419
2026-05-01T20:00:00,116160000.0,116245000.0,115399000.0,115492000.0,28.89321804
2026-05-01T21:00:00,115492000.0,115905000.0,115473000.0,115905000.0,25.52322254
2026-05-01T22:00:00,115904000.0,116265000.0,115877000.0,115897000.0,33.65065228
2026-05-01T23:00:00,115937000.0,116000000.0,115800000.0,115947000.0,25.52290953
2026-05-02T00:00:00,115999000.0,116383000.0,115946000.0,116328000.0,75.25859922
2026-05-02T01:00:00,116354000.0,116400000.0,116159000.0,116215000.0,32.91555672
2026-05-02T02:00:00,116215000.0,116400000.0,116022000.0,116356000.0,29.37439012
2026-05-02T03:00:00,116363000.0,116455000.0,116114000.0,116383000.0,29.49095101
2026-05-02T04:00:00,116383000.0,116474000.0,116066000.0,116079000.0,26.72941321
2026-05-02T05:00:00,116079000.0,116184000.0,116000000.0,116181000.0,27.89266145
2026-05-02T06:00:00,116181000.0,116320000.0,116145000.0,116285000.0,20.88466593
2026-05-02T07:00:00,116312000.0,116335000.0,116144000.0,116190000.0,15.95780786
2026-05-02T08:00:00,116190000.0,116299000.0,116109000.0,116288000.0,17.91808786
2026-05-02T09:00:00,116288000.0,116300000.0,116140000.0,116299000.0,15.32171222
2026-05-02T10:00:00,116300000.0,116300000.0,116073000.0,116129000.0,16.32203837
2026-05-02T11:00:00,116129000.0,116129000.0,115797000.0,115851000.0,37.83423937
2026-05-02T12:00:00,115858000.0,116118000.0,115851000.0,116062000.0,27.80589916
2026-05-02T13:00:00,116062000.0,116300000.0,116050000.0,116276000.0,21.7927516
2026-05-02T14:00:00,116279000.0,116320000.0,116172000.0,116314000.0,18.08455656
2026-05-02T15:00:00,116315000.0,116340000.0,116244000.0,116334000.0,19.68983493
2026-05-02T16:00:00,116334000.0,116476000.0,116294000.0,116397000.0,23.81801448
2026-05-02T17:00:00,116397000.0,116397000.0,116204000.0,116249000.0,5.62104383
2026-05-02T18:00:00,116284000.0,116344000.0,116170000.0,116337000.0,6.35783177
2026-05-02T19:00:00,116344000.0,116360000.0,116237000.0,116324000.0,7.17794916
2026-05-02T20:00:00,116324000.0,116331000.0,116216000.0,116241000.0,5.03025931
2026-05-02T21:00:00,116241000.0,117000000.0,116240000.0,116620000.0,91.13115679
2026-05-02T22:00:00,116620000.0,116753000.0,116432000.0,116753000.0,36.14302286
2026-05-02T23:00:00,116756000.0,116800000.0,116500000.0,116561000.0,31.24190518
2026-05-03T00:00:00,116561000.0,116725000.0,116486000.0,116509000.0,42.12323883
2026-05-03T01:00:00,116509000.0,116537000.0,116100000.0,116300000.0,61.89442227
2026-05-03T02:00:00,116300000.0,116300000.0,116025000.0,116088000.0,35.4151392
2026-05-03T03:00:00,116087000.0,116159000.0,116020000.0,116157000.0,19.27852242
2026-05-03T04:00:00,116159000.0,116229000.0,116050000.0,116100000.0,18.20195335
2026-05-03T05:00:00,116136000.0,116274000.0,116100000.0,116264000.0,14.23134429
2026-05-03T06:00:00,116264000.0,116264000.0,116006000.0,116246000.0,29.37061038
2026-05-03T07:00:00,116246000.0,116476000.0,116213000.0,116319000.0,28.54525197
2026-05-03T08:00:00,116371000.0,116483000.0,116318000.0,116424000.0,20.66423155
2026-05-03T09:00:00,116420000.0,116653000.0,116401000.0,116597000.0,25.27889995
2026-05-03T10:00:00,116599000.0,116600000.0,116328000.0,116407000.0,26.52929744
2026-05-03T11:00:00,116407000.0,116950000.0,116258000.0,116644000.0,79.07577704
2026-05-03T12:00:00,116644000.0,116904000.0,116610000.0,116822000.0,35.54476709
2026-05-03T13:00:00,116822000.0,116822000.0,116530000.0,116700000.0,43.03706327
2026-05-03T14:00:00,116726000.0,116788000.0,116610000.0,116671000.0,25.05838005
2026-05-03T15:00:00,116750000.0,116750000.0,116567000.0,116597000.0,16.08311503
2026-05-03T16:00:00,116597000.0,116645000.0,116530000.0,116559000.0,11.59348625
2026-05-03T17:00:00,116560000.0,116721000.0,116500000.0,116633000.0,18.18589266
2026-05-03T18:00:00,116635000.0,116650000.0,116499000.0,116545000.0,8.69079175
2026-05-03T19:00:00,116545000.0,116742000.0,116499000.0,116683000.0,5.8038454
2026-05-03T20:00:00,116692000.0,117200000.0,116605000.0,116735000.0,57.21785214
2026-05-03T21:00:00,116735000.0,116939000.0,116475000.0,116724000.0,27.22577293
2026-05-03T22:00:00,116724000.0,117338000.0,116703000.0,117189000.0,105.54933251
2026-05-03T23:00:00,117197000.0,117283000.0,116500000.0,116590000.0,90.13532968
2026-05-04T00:00:00,116590000.0,116622000.0,116200000.0,116540000.0,82.4988907
2026-05-04T01:00:00,116615000.0,118000000.0,116367000.0,117988000.0,168.5482474
2026-05-04T02:00:00,117988000.0,118731000.0,117722000.0,118372000.0,291.82543634
2026-05-04T03:00:00,118371000.0,118754000.0,118060000.0,118461000.0,125.28529656
2026-05-04T04:00:00,118461000.0,118850000.0,118373000.0,118500000.0,111.0285476
2026-05-04T05:00:00,118500000.0,118595000.0,118055000.0,118061000.0,71.60970143
2026-05-04T06:00:00,118062000.0,118100000.0,117346000.0,117856000.0,111.65644248
2026-05-04T07:00:00,117880000.0,117969000.0,117596000.0,117625000.0,52.63945538
2026-05-04T08:00:00,117625000.0,117755000.0,117374000.0,117703000.0,38.22680244
2026-05-04T09:00:00,117703000.0,118100000.0,117628000.0,118000000.0,47.97207594
2026-05-04T10:00:00,118000000.0,118027000.0,116058000.0,116910000.0,323.56054316
2026-05-04T11:00:00,116910000.0,117156000.0,116609000.0,116798000.0,49.04372289
2026-05-04T12:00:00,116798000.0,117080000.0,116675000.0,116872000.0,70.54016745
2026-05-04T13:00:00,116872000.0,117206000.0,116490000.0,116839000.0,98.67013057
2026-05-04T14:00:00,116839000.0,118800000.0,116490000.0,118450000.0,235.24511603
2026-05-04T15:00:00,118450000.0,118681000.0,117350000.0,118499000.0,135.22012002
2026-05-04T16:00:00,118447000.0,118888000.0,117900000.0,118509000.0,113.1065473
2026-05-04T17:00:00,118510000.0,119427000.0,118415000.0,119021000.0,105.96376578
2026-05-04T18:00:00,119022000.0,119104000.0,118540000.0,118640000.0,42.15788103
2026-05-04T19:00:00,118640000.0,118641000.0,118355000.0,118614000.0,51.43243304
2026-05-04T20:00:00,118614000.0,118760000.0,118383000.0,118573000.0,26.67756075
2026-05-04T21:00:00,118582000.0,119119000.0,118573000.0,119061000.0,46.88502674
2026-05-04T22:00:00,119061000.0,119150000.0,118666000.0,118695000.0,69.99039949
2026-05-04T23:00:00,118796000.0,118819000.0,118443000.0,118620000.0,69.34094092
2026-05-05T00:00:00,118620000.0,119001000.0,118523000.0,118999000.0,67.36237441
2026-05-05T01:00:00,118999000.0,119450000.0,118994000.0,119410000.0,106.23554781
2026-05-05T02:00:00,119410000.0,119850000.0,119394000.0,119531000.0,120.9627139
2026-05-05T03:00:00,119549000.0,120000000.0,119478000.0,119947000.0,129.73966352
2026-05-05T04:00:00,119947000.0,120000000.0,119670000.0,119880000.0,90.80333238
2026-05-05T05:00:00,119880000.0,120490000.0,119808000.0,120101000.0,147.67564704
2026-05-05T06:00:00,120101000.0,120150000.0,119916000.0,120096000.0,84.01157601
2026-05-05T07:00:00,120149000.0,120258000.0,119840000.0,119842000.0,78.17535381
2026-05-05T08:00:00,119842000.0,119885000.0,119500000.0,119636000.0,82.56702257
2026-05-05T09:00:00,119636000.0,119641000.0,119290000.0,119298000.0,72.42344646
2026-05-05T10:00:00,119298000.0,119768000.0,119289000.0,119636000.0,76.67963861
2026-05-05T11:00:00,119636000.0,120017000.0,119601000.0,119901000.0,73.18703982
2026-05-05T12:00:00,119901000.0,120378000.0,119890000.0,120271000.0,100.25028197
2026-05-05T13:00:00,120271000.0,120749000.0,120180000.0,120340000.0,191.74393776
2026-05-05T14:00:00,120340000.0,120531000.0,119891000.0,120397000.0,112.7259892
2026-05-05T15:00:00,120398000.0,120950000.0,120258000.0,120768000.0,114.94635466
2026-05-05T16:00:00,120768000.0,120835000.0,120145000.0,120479000.0,44.83780792
2026-05-05T17:00:00,120479000.0,120720000.0,120357000.0,120375000.0,26.9038117
2026-05-05T18:00:00,120491000.0,120800000.0,120375000.0,120676000.0,19.59692836
2026-05-05T19:00:00,120699000.0,120838000.0,120586000.0,120663000.0,17.45333392
2026-05-05T20:00:00,120663000.0,120900000.0,120600000.0,120678000.0,28.37692646
2026-05-05T21:00:00,120679000.0,120803000.0,120251000.0,120457000.0,51.42346466
2026-05-05T22:00:00,120481000.0,120628000.0,119719000.0,120155000.0,129.63708997
2026-05-05T23:00:00,120156000.0,120212000.0,119591000.0,119724000.0,116.80136587
2026-05-06T00:00:00,119742000.0,119975000.0,119102000.0,119399000.0,176.89222823
2026-05-06T01:00:00,119399000.0,119900000.0,119385000.0,119770000.0,104.48208241
2026-05-06T02:00:00,119770000.0,119819000.0,119350000.0,119617000.0,70.91060068
2026-05-06T03:00:00,119617000.0,120014000.0,119608000.0,119973000.0,67.70970337
2026-05-06T04:00:00,119979000.0,120045000.0,119532000.0,119533000.0,76.5001813
2026-05-06T05:00:00,119533000.0,119606000.0,119332000.0,119516000.0,69.48839482
2026-05-06T06:00:00,119527000.0,119808000.0,119395000.0,119743000.0,55.134971
2026-05-06T07:00:00,119742000.0,119952000.0,119565000.0,119567000.0,63.55737322
2026-05-06T08:00:00,119569000.0,120084000.0,119550000.0,120080000.0,66.99371653
2026-05-06T09:00:00,120079000.0,120084000.0,119724000.0,119948000.0,99.3782703
2026-05-06T10:00:00,119951000.0,120380000.0,119945000.0,120323000.0,87.5661749
2026-05-06T11:00:00,120281000.0,120845000.0,120270000.0,120625000.0,123.8508676
2026-05-06T12:00:00,120620000.0,120621000.0,120268000.0,120300000.0,87.35034001
2026-05-06T13:00:00,120300000.0,120480000.0,120000000.0,120055000.0,116.15491282
2026-05-06T14:00:00,120055000.0,120300000.0,119450000.0,119852000.0,149.04532001
2026-05-06T15:00:00,119856000.0,120197000.0,119641000.0,120085000.0,51.24764867
2026-05-06T16:00:00,120085000.0,120227000.0,119700000.0,119900000.0,33.87538713
2026-05-06T17:00:00,119915000.0,119980000.0,119626000.0,119644000.0,28.77672873
2026-05-06T18:00:00,119704000.0,119959000.0,119501000.0,119715000.0,21.64365363
2026-05-06T19:00:00,119721000.0,119726000.0,119438000.0,119688000.0,31.69617974
2026-05-06T20:00:00,119688000.0,119954000.0,119499000.0,119640000.0,27.37742771
2026-05-06T21:00:00,119640000.0,119837000.0,119555000.0,119823000.0,32.11152222
2026-05-06T22:00:00,119823000.0,119823000.0,119524000.0,119660000.0,52.64199872
2026-05-06T23:00:00,119660000.0,119661000.0,119300000.0,119394000.0,96.41464638
2026-05-07T00:00:00,119394000.0,119438000.0,118760000.0,118805000.0,177.87031265
2026-05-07T01:00:00,118805000.0,119300000.0,118760000.0,119189000.0,82.94003443
2026-05-07T02:00:00,119189000.0,119237000.0,118816000.0,119101000.0,60.97551501
2026-05-07T03:00:00,119101000.0,119115000.0,118779000.0,118790000.0,57.14992885
2026-05-07T04:00:00,118790000.0,118969000.0,118680000.0,118941000.0,71.12593217
2026-05-07T05:00:00,118941000.0,119127000.0,118933000.0,119018000.0,43.33524391
2026-05-07T06:00:00,119018000.0,119572000.0,118800000.0,119562000.0,60.92608278
2026-05-07T07:00:00,119559000.0,119804000.0,119405000.0,119595000.0,85.49330608
2026-05-07T08:00:00,119595000.0,119690000.0,119173000.0,119241000.0,52.69299143
2026-05-07T09:00:00,119241000.0,119260000.0,118766000.0,118884000.0,54.80155523
2026-05-07T10:00:00,118910000.0,119001000.0,118600000.0,118839000.0,91.39991056
2026-05-07T11:00:00,118858000.0,119141000.0,118800000.0,118841000.0,38.7949004
2026-05-07T12:00:00,118870000.0,119193000.0,118837000.0,119138000.0,40.79120554
2026-05-07T13:00:00,119139000.0,119155000.0,118200000.0,118552000.0,128.48933192
2026-05-07T14:00:00,118525000.0,118620000.0,118000000.0,118048000.0,111.96860438
2026-05-07T15:00:00,118050000.0,118196000.0,117580000.0,117763000.0,138.53381553
2026-05-07T16:00:00,117763000.0,117865000.0,117500000.0,117502000.0,60.73319049
2026-05-07T17:00:00,117503000.0,118091000.0,117220000.0,118090000.0,66.95753172
2026-05-07T18:00:00,118090000.0,118249000.0,117891000.0,118249000.0,19.80223466
2026-05-07T19:00:00,118242000.0,118261000.0,117904000.0,118098000.0,11.28420513
2026-05-07T20:00:00,118116000.0,118460000.0,117850000.0,117895000.0,27.95680528
2026-05-07T21:00:00,117895000.0,117942000.0,117595000.0,117743000.0,38.27252314
2026-05-07T22:00:00,117743000.0,118000000.0,117439000.0,117772000.0,68.47907851
2026-05-07T23:00:00,117772000.0,117898000.0,117680000.0,117896000.0,37.02311228
2026-05-08T00:00:00,117896000.0,118144000.0,117756000.0,117880000.0,72.02988469
2026-05-08T01:00:00,117886000.0,118008000.0,117700000.0,117710000.0,42.42533178
2026-05-08T02:00:00,117709000.0,117722000.0,117250000.0,117439000.0,72.63166912
2026-05-08T03:00:00,117440000.0,117598000.0,117090000.0,117437000.0,57.71261824
2026-05-08T04:00:00,117437000.0,117757000.0,117434000.0,117753000.0,34.61496496
2026-05-08T05:00:00,117754000.0,117783000.0,117655000.0,117685000.0,32.83485751
2026-05-08T06:00:00,117685000.0,117821000.0,117500000.0,117609000.0,33.60003948
2026-05-08T07:00:00,117604000.0,117852000.0,117327000.0,117851000.0,44.48706261
2026-05-08T08:00:00,117851000.0,118270000.0,117801000.0,118210000.0,52.96505252
2026-05-08T09:00:00,118200000.0,118320000.0,118080000.0,118154000.0,43.43397245
2026-05-08T10:00:00,118154000.0,118777000.0,118081000.0,118730000.0,48.29411735
2026-05-08T11:00:00,118744000.0,118900000.0,118519000.0,118743000.0,47.88240838
2026-05-08T12:00:00,118743000.0,118990000.0,118332000.0,118377000.0,52.51837466
2026-05-08T13:00:00,118344000.0,118500000.0,117814000.0,117841000.0,83.43272871
2026-05-08T14:00:00,117894000.0,118800000.0,117840000.0,118427000.0,52.41416544
2026-05-08T15:00:00,118427000.0,118500000.0,117893000.0,118328000.0,42.47750456
2026-05-08T16:00:00,118328000.0,118498000.0,117850000.0,117897000.0,37.53737642
2026-05-08T17:00:00,117897000.0,118411000.0,117851000.0,118057000.0,23.96062758
2026-05-08T18:00:00,118057000.0,118410000.0,118022000.0,118034000.0,21.01452003
2026-05-08T19:00:00,118046000.0,118059000.0,117848000.0,118059000.0,28.46565977
2026-05-08T20:00:00,118065000.0,118237000.0,117998000.0,118043000.0,18.55048953
2026-05-08T21:00:00,118043000.0,118247000.0,118020000.0,118197000.0,25.59170026
2026-05-08T22:00:00,118220000.0,118423000.0,118175000.0,118232000.0,27.51710552
2026-05-08T23:00:00,118232000.0,118232000.0,118114000.0,118150000.0,39.46925117
2026-05-09T00:00:00,118170000.0,118377000.0,118106000.0,118377000.0,36.09461278
2026-05-09T01:00:00,118377000.0,118706000.0,118356000.0,118617000.0,45.19647937
2026-05-09T02:00:00,118617000.0,118707000.0,118555000.0,118556000.0,28.79508378
2026-05-09T03:00:00,118556000.0,118649000.0,118391000.0,118479000.0,27.56412651
2026-05-09T04:00:00,118479000.0,118750000.0,118407000.0,118494000.0,27.34942005
2026-05-09T05:00:00,118494000.0,118513000.0,118407000.0,118423000.0,19.3429295
2026-05-09T06:00:00,118424000.0,118504000.0,118200000.0,118229000.0,24.20452895
2026-05-09T07:00:00,118230000.0,118301000.0,118106000.0,118139000.0,30.12375673
2026-05-09T08:00:00,118139000.0,118513000.0,118109000.0,118475000.0,19.54130568
2026-05-09T09:00:00,118475000.0,118513000.0,118198000.0,118198000.0,20.60229096
2026-05-09T10:00:00,118209000.0,118294000.0,118123000.0,118274000.0,22.642556
2026-05-09T11:00:00,118274000.0,118487000.0,118256000.0,118456000.0,12.31274362
2026-05-09T12:00:00,118477000.0,118658000.0,118383000.0,118593000.0,28.6540425
2026-05-09T13:00:00,118597000.0,118663000.0,118486000.0,118572000.0,27.62997518
2026-05-09T14:00:00,118572000.0,118612000.0,118403000.0,118495000.0,16.31756337
2026-05-09T15:00:00,118495000.0,118868000.0,118448000.0,118802000.0,24.89268737
2026-05-09T16:00:00,118802000.0,119000000.0,118684000.0,118915000.0,21.32972428
2026-05-09T17:00:00,118915000.0,119126000.0,118881000.0,119030000.0,20.16372237
2026-05-09T18:00:00,119031000.0,119306000.0,119030000.0,119148000.0,17.65605489
2026-05-09T19:00:00,119149000.0,119218000.0,119000000.0,119188000.0,8.94708064
2026-05-09T20:00:00,119188000.0,119194000.0,118951000.0,119034000.0,9.01152069
2026-05-09T21:00:00,119094000.0,119151000.0,118904000.0,118914000.0,13.60661388
2026-05-09T22:00:00,118916000.0,119053000.0,118900000.0,119022000.0,15.06367548
2026-05-09T23:00:00,119022000.0,119053000.0,118899000.0,118954000.0,26.18939813
2026-05-10T00:00:00,118992000.0,119193000.0,118953000.0,119074000.0,37.9896923
2026-05-10T01:00:00,119087000.0,119090000.0,118963000.0,118978000.0,44.4130705
2026-05-10T02:00:00,118978000.0,119085000.0,118887000.0,119050000.0,18.56678459
2026-05-10T03:00:00,119050000.0,119170000.0,119028000.0,119095000.0,19.16536804
2026-05-10T04:00:00,119095000.0,119162000.0,119079000.0,119127000.0,14.43506316
2026-05-10T05:00:00,119102000.0,119127000.0,118920000.0,118938000.0,24.66311644
2026-05-10T06:00:00,118938000.0,118997000.0,118897000.0,118967000.0,23.44669457
2026-05-10T07:00:00,118975000.0,118988000.0,118920000.0,118988000.0,16.09921037
2026-05-10T08:00:00,118988000.0,119102000.0,118953000.0,119056000.0,18.72689277
2026-05-10T09:00:00,119056000.0,119093000.0,119000000.0,119021000.0,22.84704255
2026-05-10T10:00:00,119021000.0,119049000.0,118890000.0,118996000.0,28.06649281
2026-05-10T11:00:00,119000000.0,119103000.0,118894000.0,118965000.0,29.12952222
2026-05-10T12:00:00,118965000.0,119216000.0,118955000.0,119153000.0,46.00819885
2026-05-10T13:00:00,119153000.0,119334000.0,119100000.0,119246000.0,62.89037804
2026-05-10T14:00:00,119246000.0,119247000.0,118874000.0,119089000.0,63.06769577
2026-05-10T15:00:00,119089000.0,119637000.0,119070000.0,119619000.0,47.08385576
2026-05-10T16:00:00,119636000.0,119677000.0,119164000.0,119400000.0,37.26290091
2026-05-10T17:00:00,119400000.0,119560000.0,119150000.0,119332000.0,36.72597552
2026-05-10T18:00:00,119412000.0,119441000.0,118938000.0,118990000.0,42.66173659
2026-05-10T19:00:00,118990000.0,119299000.0,118825000.0,119104000.0,20.17776066
2026-05-10T20:00:00,119173000.0,119242000.0,118000000.0,118623000.0,92.25791523
2026-05-10T21:00:00,118601000.0,118897000.0,118385000.0,118387000.0,52.3151758
2026-05-10T22:00:00,118387000.0,120000000.0,118380000.0,119843000.0,171.31166248
2026-05-10T23:00:00,119880000.0,120570000.0,119844000.0,120433000.0,206.20466188
2026-05-11T00:00:00,120461000.0,120700000.0,119510000.0,119701000.0,183.49017144
2026-05-11T01:00:00,119701000.0,120294000.0,119567000.0,119987000.0,89.16821198
2026-05-11T02:00:00,119985000.0,120030000.0,119476000.0,119547000.0,66.91521031
2026-05-11T03:00:00,119547000.0,119547000.0,118771000.0,119024000.0,111.11302255
2026-05-11T04:00:00,119024000.0,119200000.0,118952000.0,119193000.0,60.38581862
2026-05-11T05:00:00,119191000.0,119327000.0,119044000.0,119153000.0,55.05372337
2026-05-11T06:00:00,119153000.0,119328000.0,119124000.0,119165000.0,37.67601907
2026-05-11T07:00:00,119176000.0,119188000.0,118904000.0,119002000.0,48.82955648
2026-05-11T08:00:00,119002000.0,119135000.0,118900000.0,119049000.0,50.98972099
2026-05-11T09:00:00,119049000.0,119199000.0,119000000.0,119199000.0,28.57975262
2026-05-11T10:00:00,119193000.0,119626000.0,119169000.0,119209000.0,45.44631307
2026-05-11T11:00:00,119209000.0,119581000.0,119194000.0,119519000.0,37.00056378
2026-05-11T12:00:00,119520000.0,119750000.0,119382000.0,119383000.0,48.40504558
2026-05-11T13:00:00,119400000.0,119700000.0,119091000.0,119384000.0,63.92247479
2026-05-11T14:00:00,119354000.0,119522000.0,118739000.0,119202000.0,89.02908408
2026-05-11T15:00:00,119202000.0,119749000.0,119127000.0,119749000.0,47.27378062
2026-05-11T16:00:00,119749000.0,120200000.0,119612000.0,119841000.0,68.74414691
2026-05-11T17:00:00,119845000.0,120533000.0,119639000.0,120426000.0,61.47167214
2026-05-11T18:00:00,120460000.0,120584000.0,120255000.0,120255000.0,39.50876227
2026-05-11T19:00:00,120255000.0,120573000.0,120126000.0,120422000.0,23.51983847
2026-05-11T20:00:00,120422000.0,120548000.0,120151000.0,120240000.0,27.37505439
2026-05-11T21:00:00,120240000.0,120355000.0,119940000.0,120340000.0,40.68371929
2026-05-11T22:00:00,120350000.0,120493000.0,120124000.0,120347000.0,47.32343007
2026-05-11T23:00:00,120345000.0,120347000.0,120000000.0,120095000.0,60.28111781
2026-05-12T00:00:00,120095000.0,120239000.0,120000000.0,120225000.0,72.62228266
2026-05-12T01:00:00,120225000.0,120297000.0,119347000.0,119778000.0,139.84882469
2026-05-12T02:00:00,119778000.0,119899000.0,119601000.0,119744000.0,83.74963765
2026-05-12T03:00:00,119749000.0,119872000.0,119687000.0,119687000.0,43.55464548
2026-05-12T04:00:00,119691000.0,119800000.0,119602000.0,119791000.0,45.85539615
2026-05-12T05:00:00,119791000.0,119803000.0,119679000.0,119758000.0,42.41039924
2026-05-12T06:00:00,119758000.0,119990000.0,119700000.0,119711000.0,50.36524963
2026-05-12T07:00:00,119711000.0,119830000.0,119577000.0,119606000.0,48.50361346
2026-05-12T08:00:00,119606000.0,119699000.0,119541000.0,119637000.0,35.11014413
2026-05-12T09:00:00,119637000.0,119743000.0,119550000.0,119638000.0,27.50439556
2026-05-12T10:00:00,119668000.0,119669000.0,119376000.0,119404000.0,51.20269098
2026-05-12T11:00:00,119404000.0,119523000.0,119222000.0,119508000.0,50.64038942
2026-05-12T12:00:00,119511000.0,119900000.0,119365000.0,119730000.0,68.97296491
2026-05-12T13:00:00,119731000.0,119775000.0,119200000.0,119254000.0,49.40084879
2026-05-12T14:00:00,119265000.0,119733000.0,119214000.0,119320000.0,62.40940189
2026-05-12T15:00:00,119323000.0,119434000.0,119000000.0,119121000.0,65.34743184
2026-05-12T16:00:00,119156000.0,119210000.0,118646000.0,118855000.0,78.41672918
2026-05-12T17:00:00,118855000.0,119428000.0,118750000.0,119369000.0,27.24968363
2026-05-12T18:00:00,119369000.0,119583000.0,119237000.0,119536000.0,7.98919618
2026-05-12T19:00:00,119576000.0,119674000.0,119491000.0,119658000.0,16.12492879
2026-05-12T20:00:00,119658000.0,119702000.0,119496000.0,119530000.0,16.72968955
2026-05-12T21:00:00,119530000.0,119575000.0,119320000.0,119383000.0,18.82610073
2026-05-12T22:00:00,119383000.0,119577000.0,119349000.0,119549000.0,18.56271081
2026-05-12T23:00:00,119549000.0,119549000.0,119201000.0,119202000.0,36.4714108
2026-05-13T00:00:00,119202000.0,119620000.0,119112000.0,119620000.0,70.19355047
2026-05-13T01:00:00,119620000.0,120257000.0,119596000.0,120061000.0,130.66890048
2026-05-13T02:00:00,120061000.0,120339000.0,119999000.0,120044000.0,48.42676371
2026-05-13T03:00:00,120044000.0,120250000.0,120000000.0,120233000.0,42.8980484
2026-05-13T04:00:00,120233000.0,120247000.0,120100000.0,120107000.0,40.54022714
2026-05-13T05:00:00,120126000.0,120126000.0,119846000.0,119860000.0,40.42585491
2026-05-13T06:00:00,119860000.0,119952000.0,119774000.0,119792000.0,34.17941539
2026-05-13T07:00:00,119792000.0,119797000.0,119606000.0,119771000.0,32.65243949
2026-05-13T08:00:00,119779000.0,120000000.0,119760000.0,119999000.0,33.51585331
2026-05-13T09:00:00,120000000.0,120140000.0,119933000.0,120000000.0,40.19032444
2026-05-13T10:00:00,120000000.0,120029000.0,119510000.0,119519000.0,42.88135992
2026-05-13T11:00:00,119519000.0,119523000.0,119239000.0,119275000.0,72.79815551
2026-05-13T12:00:00,119281000.0,119413000.0,118614000.0,118848000.0,169.70425658
2026-05-13T13:00:00,118850000.0,119100000.0,118191000.0,118200000.0,147.38720805
2026-05-13T14:00:00,118200000.0,118613000.0,118000000.0,118400000.0,102.29720946
2026-05-13T15:00:00,118397000.0,118494000.0,117400000.0,117404000.0,184.70816373
2026-05-13T16:00:00,117404000.0,117972000.0,117300000.0,117802000.0,76.54515749
2026-05-13T17:00:00,117800000.0,118346000.0,117800000.0,118292000.0,31.26649587
2026-05-13T18:00:00,118239000.0,118518000.0,118239000.0,118250000.0,19.37125721
2026-05-13T19:00:00,118331000.0,118400000.0,118141000.0,118393000.0,11.35524128
2026-05-13T20:00:00,118393000.0,118600000.0,118334000.0,118600000.0,21.40247722
2026-05-13T21:00:00,118591000.0,118600000.0,118133000.0,118260000.0,28.7741854
2026-05-13T22:00:00,118260000.0,118285000.0,117820000.0,118051000.0,55.22635596
2026-05-13T23:00:00,118051000.0,118140000.0,117822000.0,117854000.0,53.96366313
2026-05-14T00:00:00,117854000.0,118313000.0,117823000.0,118269000.0,63.00903004
2026-05-14T01:00:00,118269000.0,118269000.0,117954000.0,118173000.0,59.48412363
2026-05-14T02:00:00,118179000.0,118248000.0,117650000.0,117849000.0,60.35500016
2026-05-14T03:00:00,117849000.0,117985000.0,117325000.0,117390000.0,77.99321371
2026-05-14T04:00:00,117390000.0,117880000.0,117339000.0,117872000.0,47.72937507
2026-05-14T05:00:00,117872000.0,118655000.0,117871000.0,118481000.0,51.29601089
2026-05-14T06:00:00,118497000.0,118656000.0,118310000.0,118426000.0,42.19880813
2026-05-14T07:00:00,118426000.0,118530000.0,118292000.0,118345000.0,30.12484671
2026-05-14T08:00:00,118350000.0,118600000.0,118201000.0,118491000.0,35.49552617
2026-05-14T09:00:00,118459000.0,118582000.0,118074000.0,118204000.0,31.65655089
2026-05-14T10:00:00,118196000.0,118337000.0,117872000.0,118134000.0,34.52958327
2026-05-14T11:00:00,118134000.0,118137000.0,117700000.0,117715000.0,37.58817446
2026-05-14T12:00:00,117713000.0,118356000.0,117699000.0,118340000.0,54.89227523
2026-05-14T13:00:00,118339000.0,118675000.0,118149000.0,118263000.0,74.31726321
2026-05-14T14:00:00,118263000.0,119810000.0,118094000.0,119760000.0,130.07242836
2026-05-14T15:00:00,119761000.0,120200000.0,119506000.0,120151000.0,159.87519588
2026-05-14T16:00:00,120193000.0,120700000.0,119749000.0,120700000.0,187.55854696
2026-05-14T17:00:00,120688000.0,121000000.0,120055000.0,120442000.0,153.53326619
2026-05-14T18:00:00,120473000.0,120686000.0,120100000.0,120200000.0,47.11007783
2026-05-14T19:00:00,120217000.0,120391000.0,119900000.0,120083000.0,34.36305231
2026-05-14T20:00:00,120120000.0,120318000.0,119719000.0,120035000.0,47.56976509
2026-05-14T21:00:00,120047000.0,120302000.0,119985000.0,120131000.0,40.23644793
2026-05-14T22:00:00,120131000.0,120479000.0,120058000.0,120391000.0,48.80311265
2026-05-14T23:00:00,120391000.0,120391000.0,119848000.0,119848000.0,76.32511509
2026-05-15T00:00:00,119849000.0,120745000.0,119808000.0,120741000.0,116.46128829
2026-05-15T01:00:00,120741000.0,121000000.0,120305000.0,120307000.0,99.13020543
2026-05-15T02:00:00,120308000.0,120366000.0,119751000.0,120274000.0,97.03782403
2026-05-15T03:00:00,120319000.0,120342000.0,119900000.0,119932000.0,35.05636467
2026-05-15T04:00:00,119933000.0,119933000.0,119500000.0,119501000.0,61.32903656
2026-05-15T05:00:00,119535000.0,119671000.0,119121000.0,119215000.0,119.32050027
2026-05-15T06:00:00,119215000.0,119541000.0,119073000.0,119502000.0,85.66616689
2026-05-15T07:00:00,119500000.0,119935000.0,119493000.0,119700000.0,42.93209883
2026-05-15T08:00:00,119700000.0,119738000.0,119383000.0,119536000.0,37.22453741
2026-05-15T09:00:00,119548000.0,119553000.0,119258000.0,119437000.0,30.82744256
2026-05-15T10:00:00,119437000.0,119607000.0,119301000.0,119590000.0,29.36641548
2026-05-15T11:00:00,119605000.0,119605000.0,119375000.0,119499000.0,21.59188896
2026-05-15T12:00:00,119500000.0,119592000.0,119266000.0,119301000.0,21.70859538
2026-05-15T13:00:00,119301000.0,119311000.0,117300000.0,117320000.0,320.24266868
2026-05-15T14:00:00,117358000.0,117988000.0,117093000.0,117899000.0,185.57465982
2026-05-15T15:00:00,117900000.0,118044000.0,117745000.0,117851000.0,50.46225011
2026-05-15T16:00:00,117869000.0,118163000.0,117781000.0,118019000.0,25.75574728
2026-05-15T17:00:00,118020000.0,118221000.0,117899000.0,118127000.0,16.898946
2026-05-15T18:00:00,118221000.0,118300000.0,117892000.0,118009000.0,21.45132685
2026-05-15T19:00:00,118009000.0,118075000.0,117740000.0,117855000.0,17.4286429
2026-05-15T20:00:00,117943000.0,117963000.0,117719000.0,117821000.0,37.95910978
2026-05-15T21:00:00,117822000.0,117947000.0,117601000.0,117618000.0,30.08676064
2026-05-15T22:00:00,117617000.0,117900000.0,117603000.0,117890000.0,28.19830749
2026-05-15T23:00:00,117890000.0,117927000.0,117700000.0,117780000.0,38.833906
2026-05-16T00:00:00,117783000.0,118050000.0,117670000.0,117913000.0,42.46994862
2026-05-16T01:00:00,117913000.0,117956000.0,117628000.0,117755000.0,36.52708409
2026-05-16T02:00:00,117755000.0,117956000.0,117736000.0,117850000.0,21.3822941
2026-05-16T03:00:00,117850000.0,117950000.0,117758000.0,117835000.0,19.7305795
2026-05-16T04:00:00,117831000.0,117831000.0,117559000.0,117671000.0,23.82845558
2026-05-16T05:00:00,117674000.0,117700000.0,117593000.0,117611000.0,14.42430471
2026-05-16T06:00:00,117652000.0,117668000.0,117050000.0,117158000.0,76.37421245
2026-05-16T07:00:00,117158000.0,117158000.0,116700000.0,116872000.0,154.74634338
2026-05-16T08:00:00,116873000.0,116896000.0,116705000.0,116748000.0,54.54787038
2026-05-16T09:00:00,116748000.0,116800000.0,116327000.0,116334000.0,123.47845711
2026-05-16T10:00:00,116334000.0,116354000.0,115833000.0,116351000.0,174.32624734
2026-05-16T11:00:00,116352000.0,116748000.0,116351000.0,116544000.0,58.85472148
2026-05-16T12:00:00,116535000.0,116540000.0,116125000.0,116387000.0,43.94542675
2026-05-16T13:00:00,116387000.0,116387000.0,115952000.0,116180000.0,52.14618432
2026-05-16T14:00:00,116180000.0,116576000.0,116001000.0,116361000.0,48.56494001
2026-05-16T15:00:00,116361000.0,116706000.0,116319000.0,116695000.0,19.9606294
2026-05-16T16:00:00,116695000.0,116778000.0,116423000.0,116498000.0,22.91733191
2026-05-16T17:00:00,116498000.0,116755000.0,116498000.0,116617000.0,7.43774668
2026-05-16T18:00:00,116612000.0,116692000.0,116448000.0,116628000.0,6.14531805
2026-05-16T19:00:00,116540000.0,116729000.0,116502000.0,116595000.0,6.64602132
2026-05-16T20:00:00,116594000.0,116713000.0,116594000.0,116700000.0,8.48675606
2026-05-16T21:00:00,116636000.0,116780000.0,116624000.0,116778000.0,12.04199158
2026-05-16T22:00:00,116778000.0,116793000.0,116673000.0,116712000.0,14.49668978
2026-05-16T23:00:00,116712000.0,116792000.0,116681000.0,116697000.0,17.51844013
2026-05-17T00:00:00,116706000.0,116893000.0,116276000.0,116389000.0,40.02660843
2026-05-17T01:00:00,116389000.0,116623000.0,116008000.0,116025000.0,43.12085214
2026-05-17T02:00:00,116009000.0,116280000.0,116008000.0,116192000.0,22.65473796
2026-05-17T03:00:00,116192000.0,116434000.0,116171000.0,116386000.0,20.19598614
2026-05-17T04:00:00,116388000.0,116598000.0,116385000.0,116550000.0,18.60021899
2026-05-17T05:00:00,116558000.0,116785000.0,116550000.0,116572000.0,23.08573353
2026-05-17T06:00:00,116573000.0,116700000.0,116450000.0,116499000.0,15.27881059
2026-05-17T07:00:00,116500000.0,116556000.0,116344000.0,116547000.0,19.23509683
2026-05-17T08:00:00,116550000.0,116603000.0,116445000.0,116494000.0,12.02174737
2026-05-17T09:00:00,116494000.0,116687000.0,116494000.0,116686000.0,12.07578214
2026-05-17T10:00:00,116684000.0,117199000.0,116684000.0,117052000.0,52.10680948
2026-05-17T11:00:00,117062000.0,117072000.0,116845000.0,117055000.0,28.36512852
2026-05-17T12:00:00,117055000.0,117162000.0,117000000.0,117001000.0,26.00846002
2026-05-17T13:00:00,117001000.0,117027000.0,116650000.0,116728000.0,33.76172392
2026-05-17T14:00:00,116728000.0,116728000.0,116154000.0,116243000.0,42.08749867
2026-05-17T15:00:00,116243000.0,116369000.0,116170000.0,116272000.0,19.27291794
2026-05-17T16:00:00,116272000.0,116399000.0,116240000.0,116338000.0,12.21560628
2026-05-17T17:00:00,116354000.0,116384000.0,116129000.0,116384000.0,13.12160257
2026-05-17T18:00:00,116384000.0,116500000.0,116253000.0,116470000.0,8.00011606
2026-05-17T19:00:00,116470000.0,116759000.0,116387000.0,116667000.0,10.5210495
2026-05-17T20:00:00,116670000.0,116753000.0,116539000.0,116600000.0,4.96770345
2026-05-17T21:00:00,116601000.0,116700000.0,116486000.0,116627000.0,14.08280004
2026-05-17T22:00:00,116627000.0,116627000.0,116010000.0,116063000.0,37.3175101
2026-05-17T23:00:00,116103000.0,116103000.0,114953000.0,115494000.0,273.39974636
2026-05-18T00:00:00,115494000.0,115494000.0,114300000.0,114668000.0,314.49235326
2026-05-18T01:00:00,114668000.0,114976000.0,114210000.0,114772000.0,118.16507436
2026-05-18T02:00:00,114772000.0,114943000.0,114300000.0,114413000.0,66.23149301
2026-05-18T03:00:00,114413000.0,114555000.0,114348000.0,114443000.0,47.84809131
2026-05-18T04:00:00,114443000.0,114525000.0,114210000.0,114525000.0,55.95542504
2026-05-18T05:00:00,114525000.0,114655000.0,114390000.0,114399000.0,37.75395081
2026-05-18T06:00:00,114399000.0,114431000.0,114017000.0,114293000.0,86.43173611
2026-05-18T07:00:00,114296000.0,114518000.0,114173000.0,114515000.0,44.26785146
2026-05-18T08:00:00,114508000.0,114613000.0,114231000.0,114430000.0,39.43441118
2026-05-18T09:00:00,114430000.0,114450000.0,114138000.0,114140000.0,35.8869055
2026-05-18T10:00:00,114140000.0,114180000.0,113858000.0,113858000.0,92.70228645
2026-05-18T11:00:00,113858000.0,114794000.0,113801000.0,114700000.0,114.36703097
2026-05-18T12:00:00,114751000.0,115600000.0,114700000.0,115425000.0,140.09224653
2026-05-18T13:00:00,115425000.0,115428000.0,114161000.0,114467000.0,102.03296103
2026-05-18T14:00:00,114467000.0,114506000.0,113523000.0,113655000.0,126.21316074
2026-05-18T15:00:00,113636000.0,113870000.0,113305000.0,113762000.0,95.88929881
2026-05-18T16:00:00,113762000.0,113978000.0,113426000.0,113732000.0,32.12163295
2026-05-18T17:00:00,113695000.0,114051000.0,113694000.0,114051000.0,13.70692104
2026-05-18T18:00:00,114051000.0,114063000.0,113388000.0,113480000.0,12.82714019
2026-05-18T19:00:00,113480000.0,114398000.0,113471000.0,114302000.0,22.3575032
2026-05-18T20:00:00,114303000.0,114551000.0,114158000.0,114304000.0,23.01188875
2026-05-18T21:00:00,114326000.0,114533000.0,114095000.0,114471000.0,27.92138892
2026-05-18T22:00:00,114471000.0,114687000.0,114211000.0,114382000.0,27.72058266
2026-05-18T23:00:00,114353000.0,114526000.0,114310000.0,114328000.0,30.43882464
2026-05-19T00:00:00,114350000.0,114900000.0,114314000.0,114800000.0,60.61085786
2026-05-19T01:00:00,114775000.0,114804000.0,113958000.0,114000000.0,58.87419535
2026-05-19T02:00:00,113972000.0,114301000.0,113708000.0,113857000.0,62.73555169
2026-05-19T03:00:00,113856000.0,114205000.0,113808000.0,114203000.0,29.5131401
2026-05-19T04:00:00,114200000.0,114338000.0,114000000.0,114336000.0,32.55908692
2026-05-19T05:00:00,114337000.0,114500000.0,114040000.0,114478000.0,28.01311344
2026-05-19T06:00:00,114479000.0,114738000.0,114430000.0,114680000.0,22.82442933
2026-05-19T07:00:00,114679000.0,115063000.0,114509000.0,115051000.0,42.43311323
2026-05-19T08:00:00,115052000.0,115062000.0,114578000.0,114694000.0,31.39426808
2026-05-19T09:00:00,114674000.0,114717000.0,114305000.0,114471000.0,27.48224297
2026-05-19T10:00:00,114476000.0,114836000.0,114304000.0,114735000.0,17.76237902
2026-05-19T11:00:00,114735000.0,114784000.0,114225000.0,114307000.0,15.6343959
2026-05-19T12:00:00,114307000.0,114635000.0,114244000.0,114614000.0,19.43573963
2026-05-19T13:00:00,114607000.0,114770000.0,114124000.0,114612000.0,32.7688921
2026-05-19T14:00:00,114574000.0,114703000.0,113657000.0,113850000.0,77.35305449
2026-05-19T15:00:00,113869000.0,114251000.0,113850000.0,114093000.0,19.88934127
2026-05-19T16:00:00,114116000.0,114543000.0,113930000.0,114541000.0,11.13495558
2026-05-19T17:00:00,114542000.0,114762000.0,114406000.0,114550000.0,8.98815067
2026-05-19T18:00:00,114550000.0,114720000.0,114370000.0,114472000.0,9.29562191
2026-05-19T19:00:00,114519000.0,114762000.0,114463000.0,114463000.0,5.51295156
2026-05-19T20:00:00,114560000.0,114850000.0,114487000.0,114783000.0,15.10253122
2026-05-19T21:00:00,114783000.0,114900000.0,114775000.0,114781000.0,16.1450038
2026-05-19T22:00:00,114772000.0,114832000.0,114300000.0,114400000.0,23.87927434
2026-05-19T23:00:00,114440000.0,114571000.0,114330000.0,114473000.0,25.57377839
2026-05-20T00:00:00,114473000.0,114476000.0,114010000.0,114246000.0,70.92097818
2026-05-20T01:00:00,114246000.0,114486000.0,114000000.0,114275000.0,43.56219303
2026-05-20T02:00:00,114275000.0,114360000.0,113950000.0,113978000.0,32.29077045
2026-05-20T03:00:00,113978000.0,114126000.0,113900000.0,114000000.0,34.11064337
2026-05-20T04:00:00,113998000.0,114189000.0,113998000.0,114056000.0,24.86263749
2026-05-20T05:00:00,114130000.0,114850000.0,114084000.0,114610000.0,60.37464487
2026-05-20T06:00:00,114647000.0,114912000.0,114610000.0,114900000.0,29.68783769
2026-05-20T07:00:00,114900000.0,114945000.0,114740000.0,114740000.0,32.19655109
2026-05-20T08:00:00,114740000.0,115141000.0,114614000.0,115090000.0,53.38292109
2026-05-20T09:00:00,115090000.0,115297000.0,114984000.0,115221000.0,32.8524662
2026-05-20T10:00:00,115221000.0,115505000.0,115214000.0,115350000.0,37.57606982
2026-05-20T11:00:00,115350000.0,115351000.0,115000000.0,115097000.0,31.14717843
2026-05-20T12:00:00,115097000.0,115612000.0,115080000.0,115601000.0,38.55201878
2026-05-20T13:00:00,115530000.0,115603000.0,114731000.0,114938000.0,66.55801683
2026-05-20T14:00:00,114938000.0,115400000.0,114536000.0,115014000.0,66.88579898
2026-05-20T15:00:00,115014000.0,115507000.0,114800000.0,114897000.0,53.59543273
2026-05-20T16:00:00,114897000.0,115077000.0,114327000.0,114725000.0,43.17876104
2026-05-20T17:00:00,114725000.0,115300000.0,114647000.0,115026000.0,14.36947002
2026-05-20T18:00:00,114960000.0,115204000.0,114881000.0,114942000.0,8.01894116
2026-05-20T19:00:00,114900000.0,115273000.0,114821000.0,115200000.0,6.53733496
2026-05-20T20:00:00,115236000.0,115308000.0,115050000.0,115272000.0,21.51226691
2026-05-20T21:00:00,115272000.0,115345000.0,115120000.0,115128000.0,17.55740352
2026-05-20T22:00:00,115128000.0,115128000.0,114802000.0,114942000.0,28.70388501
2026-05-20T23:00:00,114942000.0,115000000.0,114808000.0,114949000.0,29.09166064
2026-05-21T00:00:00,114949000.0,115612000.0,114948000.0,115606000.0,56.41870069
2026-05-21T01:00:00,115601000.0,115841000.0,115411000.0,115524000.0,59.53812611
2026-05-21T02:00:00,115462000.0,115854000.0,115436000.0,115792000.0,38.8161544
2026-05-21T03:00:00,115792000.0,115899000.0,115640000.0,115897000.0,35.9956301
2026-05-21T04:00:00,115897000.0,115935000.0,115754000.0,115800000.0,35.30886008
2026-05-21T05:00:00,115800000.0,115900000.0,115484000.0,115487000.0,37.03044058
2026-05-21T06:00:00,115487000.0,115579000.0,115223000.0,115273000.0,34.34146857
2026-05-21T07:00:00,115273000.0,115660000.0,115205000.0,115660000.0,26.44624717
2026-05-21T08:00:00,115662000.0,116000000.0,115600000.0,115718000.0,44.888544
2026-05-21T09:00:00,115720000.0,115804000.0,115409000.0,115409000.0,21.6741387
2026-05-21T10:00:00,115413000.0,115453000.0,114850000.0,114857000.0,67.68355169
2026-05-21T11:00:00,114851000.0,115067000.0,114676000.0,114698000.0,44.91131634
2026-05-21T12:00:00,114698000.0,115012000.0,114676000.0,114958000.0,31.28639533
2026-05-21T13:00:00,114958000.0,115085000.0,114215000.0,114662000.0,61.02678102
2026-05-21T14:00:00,114662000.0,114883000.0,114278000.0,114507000.0,41.41745404
2026-05-21T15:00:00,114508000.0,114910000.0,114435000.0,114703000.0,17.43060039
2026-05-21T16:00:00,114703000.0,114875000.0,114501000.0,114653000.0,11.68664074
2026-05-21T17:00:00,114653000.0,115700000.0,114653000.0,115416000.0,29.80253067
2026-05-21T18:00:00,115417000.0,115500000.0,114680000.0,114823000.0,19.35451239
2026-05-21T19:00:00,114851000.0,115351000.0,114841000.0,115259000.0,7.75012648
2026-05-21T20:00:00,115259000.0,115408000.0,115223000.0,115229000.0,12.2243131
2026-05-21T21:00:00,115270000.0,115424000.0,115165000.0,115165000.0,16.30800776
2026-05-21T22:00:00,115198000.0,115208000.0,115026000.0,115152000.0,20.70069439
2026-05-21T23:00:00,115153000.0,115236000.0,115090000.0,115159000.0,39.87877512
2026-05-22T00:00:00,115159000.0,115180000.0,114905000.0,114905000.0,42.23771315
2026-05-22T01:00:00,114905000.0,115298000.0,114830000.0,115291000.0,34.39120528
2026-05-22T02:00:00,115288000.0,115380000.0,115263000.0,115365000.0,34.72433492
2026-05-22T03:00:00,115380000.0,115581000.0,115279000.0,115566000.0,27.57230827
2026-05-22T04:00:00,115567000.0,115651000.0,115431000.0,115438000.0,26.81041007
2026-05-22T05:00:00,115437000.0,115490000.0,115251000.0,115251000.0,23.47469001
2026-05-22T06:00:00,115251000.0,115400000.0,115174000.0,115394000.0,35.42581749
2026-05-22T07:00:00,115366000.0,115450000.0,115132000.0,115345000.0,21.99551151
2026-05-22T08:00:00,115345000.0,115430000.0,115056000.0,115197000.0,30.32706737
2026-05-22T09:00:00,115181000.0,115322000.0,115050000.0,115322000.0,29.74563263
2026-05-22T10:00:00,115322000.0,115350000.0,115195000.0,115204000.0,15.86490518
2026-05-22T11:00:00,115207000.0,115390000.0,115144000.0,115343000.0,20.72095243
2026-05-22T12:00:00,115356000.0,115538000.0,115330000.0,115378000.0,23.27928861
2026-05-22T13:00:00,115373000.0,115402000.0,115000000.0,115119000.0,37.38744243
2026-05-22T14:00:00,115119000.0,115119000.0,114511000.0,114580000.0,83.45707588
2026-05-22T15:00:00,114580000.0,114862000.0,114414000.0,114670000.0,43.62127067
2026-05-22T16:00:00,114670000.0,114910000.0,114651000.0,114826000.0,14.27589643
2026-05-22T17:00:00,114826000.0,115001000.0,114649000.0,114649000.0,18.40932902
2026-05-22T18:00:00,114649000.0,114742000.0,114000000.0,114470000.0,55.63048858
2026-05-22T19:00:00,114470000.0,114484000.0,113453000.0,113754000.0,90.41698268
2026-05-22T20:00:00,113753000.0,113960000.0,113700000.0,113876000.0,47.64481781
2026-05-22T21:00:00,113875000.0,114072000.0,113870000.0,114005000.0,25.23765953
2026-05-22T22:00:00,114005000.0,114005000.0,113301000.0,113506000.0,67.69570138
2026-05-22T23:00:00,113506000.0,113688000.0,113186000.0,113350000.0,64.11221033
2026-05-23T00:00:00,113350000.0,113500000.0,112900000.0,113001000.0,137.35571731
2026-05-23T01:00:00,113001000.0,113198000.0,112861000.0,112966000.0,97.93885054
2026-05-23T02:00:00,112966000.0,113115000.0,112950000.0,113100000.0,36.88822088
2026-05-23T03:00:00,113100000.0,113450000.0,113062000.0,113385000.0,30.11262124
2026-05-23T04:00:00,113385000.0,113450000.0,113260000.0,113298000.0,21.00155984
2026-05-23T05:00:00,113299000.0,113299000.0,113105000.0,113117000.0,19.42602737
2026-05-23T06:00:00,113117000.0,113186000.0,113000000.0,113002000.0,23.91593
2026-05-23T07:00:00,113025000.0,113059000.0,111944000.0,112067000.0,195.2997922
2026-05-23T08:00:00,112067000.0,112319000.0,111750000.0,112037000.0,166.50525356
2026-05-23T09:00:00,112039000.0,112267000.0,111974000.0,112156000.0,57.08847035
2026-05-23T10:00:00,112156000.0,112346000.0,112079000.0,112207000.0,36.69047589
2026-05-23T11:00:00,112206000.0,112398000.0,112079000.0,112135000.0,29.86098441
2026-05-23T12:00:00,112135000.0,112140000.0,111863000.0,111864000.0,55.82513038
2026-05-23T13:00:00,111866000.0,112701000.0,111866000.0,112699000.0,62.7986029
2026-05-23T14:00:00,112699000.0,113367000.0,112506000.0,113252000.0,70.85800286
2026-05-23T15:00:00,113283000.0,113395000.0,112950000.0,113176000.0,34.73138445
2026-05-23T16:00:00,113176000.0,113349000.0,112945000.0,112974000.0,17.63285216
2026-05-23T17:00:00,112972000.0,113108000.0,112800000.0,113003000.0,20.11969877
2026-05-23T18:00:00,113003000.0,113559000.0,112934000.0,113492000.0,24.29225733
2026-05-23T19:00:00,113486000.0,113592000.0,113269000.0,113586000.0,9.92984027
2026-05-23T20:00:00,113586000.0,115367000.0,113565000.0,115253000.0,105.87509595
2026-05-23T21:00:00,115253000.0,115500000.0,114250000.0,114885000.0,79.18249853
2026-05-23T22:00:00,114885000.0,114908000.0,114228000.0,114597000.0,53.13659196
2026-05-23T23:00:00,114597000.0,114875000.0,114500000.0,114869000.0,34.13884038
2026-05-24T00:00:00,114869000.0,115156000.0,114750000.0,115111000.0,43.60822982
2026-05-24T01:00:00,115110000.0,115201000.0,115029000.0,115171000.0,40.91937064
2026-05-24T02:00:00,115170000.0,115202000.0,114787000.0,115000000.0,25.85398846
2026-05-24T03:00:00,114997000.0,115165000.0,114802000.0,114868000.0,23.58007254
2026-05-24T04:00:00,114897000.0,114983000.0,114676000.0,114792000.0,21.43831817
2026-05-24T05:00:00,114793000.0,114795000.0,114564000.0,114756000.0,22.27618496
2026-05-24T06:00:00,114756000.0,115050000.0,114679000.0,115047000.0,22.10970935
2026-05-24T07:00:00,115047000.0,115049000.0,114800000.0,114813000.0,15.65275347
2026-05-24T08:00:00,114813000.0,114989000.0,114800000.0,114900000.0,13.56423595
2026-05-24T09:00:00,114900000.0,115200000.0,114886000.0,115177000.0,18.60661999
2026-05-24T10:00:00,115200000.0,115707000.0,115100000.0,115307000.0,54.01185691
2026-05-24T11:00:00,115308000.0,115549000.0,115307000.0,115509000.0,31.56288981
2026-05-24T12:00:00,115509000.0,115546000.0,115077000.0,115151000.0,39.09179328
2026-05-24T13:00:00,115151000.0,115222000.0,114524000.0,114580000.0,41.12813538
2026-05-24T14:00:00,114675000.0,114685000.0,114000000.0,114388000.0,49.75028713
2026-05-24T15:00:00,114388000.0,114473000.0,114290000.0,114290000.0,15.94162985
2026-05-24T16:00:00,114290000.0,114726000.0,114187000.0,114691000.0,11.40567586
2026-05-24T17:00:00,114699000.0,114847000.0,114585000.0,114837000.0,11.22922932
2026-05-24T18:00:00,114837000.0,114870000.0,114580000.0,114652000.0,5.2113849
2026-05-24T19:00:00,114653000.0,114896000.0,114627000.0,114884000.0,5.68203198
2026-05-24T20:00:00,114896000.0,114908000.0,114652000.0,114754000.0,14.64541258
2026-05-24T21:00:00,114754000.0,114901000.0,114081000.0,114150000.0,31.79448342
2026-05-24T22:00:00,114146000.0,115257000.0,114101000.0,115001000.0,37.02768576
2026-05-24T23:00:00,115001000.0,115471000.0,115000000.0,115381000.0,37.48688118
2026-05-25T00:00:00,115381000.0,115500000.0,115293000.0,115322000.0,38.93358656
2026-05-25T01:00:00,115321000.0,115401000.0,115000000.0,115015000.0,38.77418375
2026-05-25T02:00:00,115015000.0,115650000.0,115015000.0,115265000.0,34.09278335
2026-05-25T03:00:00,115263000.0,115330000.0,115015000.0,115118000.0,21.88139499
2026-05-25T04:00:00,115118000.0,115574000.0,115066000.0,115473000.0,23.61292471
2026-05-25T05:00:00,115529000.0,115593000.0,115387000.0,115510000.0,21.98780808
2026-05-25T06:00:00,115511000.0,115700000.0,115150000.0,115433000.0,35.02714334
2026-05-25T07:00:00,115433000.0,115654000.0,115115000.0,115376000.0,25.90105193
2026-05-25T08:00:00,115376000.0,115455000.0,115211000.0,115445000.0,11.93493587
2026-05-25T09:00:00,115450000.0,115730000.0,115444000.0,115700000.0,34.3051517
2026-05-25T10:00:00,115727000.0,115732000.0,115555000.0,115597000.0,19.06873678
2026-05-25T11:00:00,115597000.0,115597000.0,115221000.0,115225000.0,24.40440571
2026-05-25T12:00:00,115226000.0,115349000.0,115225000.0,115324000.0,20.91017959
2026-05-25T13:00:00,115317000.0,115373000.0,115150000.0,115150000.0,22.80629268
2026-05-25T14:00:00,115219000.0,115641000.0,115144000.0,115572000.0,29.53201872
2026-05-25T15:00:00,115572000.0,115732000.0,115393000.0,115530000.0,23.41598239
2026-05-25T16:00:00,115530000.0,115656000.0,115390000.0,115656000.0,9.34469332
2026-05-25T17:00:00,115656000.0,115718000.0,115367000.0,115367000.0,9.09684731
2026-05-25T18:00:00,115367000.0,115441000.0,115350000.0,115409000.0,7.03235233
2026-05-25T19:00:00,115385000.0,115422000.0,115100000.0,115191000.0,12.24726968
2026-05-25T20:00:00,115157000.0,115306000.0,115000000.0,115068000.0,17.3799355
2026-05-25T21:00:00,115068000.0,115166000.0,114930000.0,114989000.0,25.53777854
2026-05-25T22:00:00,114989000.0,115215000.0,114675000.0,114863000.0,40.76876277
2026-05-25T23:00:00,114862000.0,115011000.0,114709000.0,114891000.0,63.08551217
2026-05-26T00:00:00,114935000.0,114966000.0,113838000.0,114069000.0,128.20535683
2026-05-26T01:00:00,114069000.0,114156000.0,113798000.0,113922000.0,70.24294085
2026-05-26T02:00:00,113925000.0,114016000.0,113597000.0,113701000.0,79.79069149
2026-05-26T03:00:00,113733000.0,113790000.0,113597000.0,113744000.0,51.62231633
2026-05-26T04:00:00,113745000.0,114000000.0,113612000.0,113915000.0,50.41656909
2026-05-26T05:00:00,113916000.0,114113000.0,113866000.0,114050000.0,40.26666047
2026-05-26T06:00:00,114050000.0,114125000.0,113900000.0,113957000.0,26.17811209
2026-05-26T07:00:00,113957000.0,114000000.0,113654000.0,113710000.0,31.08168827
2026-05-26T08:00:00,113708000.0,113899000.0,113671000.0,113796000.0,19.25218671
2026-05-26T09:00:00,113795000.0,113796000.0,113650000.0,113652000.0,24.10197833
2026-05-26T10:00:00,113651000.0,114750000.0,113650000.0,114621000.0,76.24937363
2026-05-26T11:00:00,114621000.0,114685000.0,114205000.0,114334000.0,34.13979879
2026-05-26T12:00:00,114332000.0,114345000.0,113927000.0,114143000.0,42.58061073
2026-05-26T13:00:00,114143000.0,114519000.0,113648000.0,114191000.0,47.10879734
2026-05-26T14:00:00,114191000.0,115250000.0,113724000.0,113906000.0,145.97013397
2026-05-26T15:00:00,113900000.0,114000000.0,113272000.0,113612000.0,75.66722812
2026-05-26T16:00:00,113613000.0,113850000.0,113230000.0,113604000.0,19.97703635
2026-05-26T17:00:00,113639000.0,113804000.0,112922000.0,113031000.0,51.15431929
2026-05-26T18:00:00,113021000.0,113440000.0,112880000.0,112945000.0,20.82165872
2026-05-26T19:00:00,112945000.0,113200000.0,112899000.0,113196000.0,15.24274017
2026-05-26T20:00:00,113196000.0,113358000.0,113100000.0,113278000.0,12.47593253
2026-05-26T21:00:00,113278000.0,113278000.0,112910000.0,112922000.0,50.33822231
2026-05-26T22:00:00,112922000.0,112923000.0,112500000.0,112501000.0,93.23634939
2026-05-26T23:00:00,112501000.0,112710000.0,112420000.0,112425000.0,116.55899052
2026-05-27T00:00:00,112425000.0,112546000.0,112267000.0,112546000.0,112.27861411
2026-05-27T01:00:00,112546000.0,112607000.0,112267000.0,112323000.0,81.80958139
2026-05-27T02:00:00,112323000.0,112323000.0,111914000.0,112014000.0,118.24882178
2026-05-27T03:00:00,112014000.0,112254000.0,111746000.0,111746000.0,80.07277959
2026-05-27T04:00:00,111746000.0,111878000.0,111100000.0,111450000.0,167.27294551
2026-05-27T05:00:00,111450000.0,111800000.0,111419000.0,111720000.0,70.27868401
2026-05-27T06:00:00,111714000.0,112000000.0,111692000.0,111965000.0,47.26846768
2026-05-27T07:00:00,111965000.0,112221000.0,111889000.0,112215000.0,38.2675422
2026-05-27T08:00:00,112215000.0,112255000.0,112000000.0,112013000.0,33.17745197
2026-05-27T09:00:00,112013000.0,112176000.0,111669000.0,112048000.0,41.29580067
2026-05-27T10:00:00,112048000.0,112187000.0,111900000.0,111904000.0,34.02830025
2026-05-27T11:00:00,111904000.0,112091000.0,111640000.0,111640000.0,39.53381504
2026-05-27T12:00:00,111641000.0,112148000.0,111375000.0,111556000.0,87.50058347
2026-05-27T13:00:00,111557000.0,111665000.0,110510000.0,110666000.0,219.92790876
2026-05-27T14:00:00,110666000.0,110871000.0,110114000.0,110539000.0,127.01593412
2026-05-27T15:00:00,110532000.0,111150000.0,110517000.0,111000000.0,50.49673006
2026-05-27T16:00:00,111000000.0,111100000.0,110568000.0,110839000.0,21.84133763
2026-05-27T17:00:00,110839000.0,110993000.0,110199000.0,110394000.0,23.73719905
2026-05-27T18:00:00,110392000.0,110486000.0,110158000.0,110456000.0,29.08249097
2026-05-27T19:00:00,110456000.0,110722000.0,110407000.0,110665000.0,14.01688821
2026-05-27T20:00:00,110665000.0,111187000.0,110665000.0,110887000.0,24.83690772
2026-05-27T21:00:00,110885000.0,110888000.0,110000000.0,110150000.0,110.44991069
2026-05-27T22:00:00,110150000.0,110504000.0,109908000.0,109911000.0,125.08812124
2026-05-27T23:00:00,109911000.0,109911000.0,109248000.0,109549000.0,207.74930078
2026-05-28T00:00:00,109549000.0,110001000.0,109499000.0,109940000.0,93.58157387
2026-05-28T01:00:00,109940000.0,109955000.0,109276000.0,109556000.0,85.73616385
2026-05-28T02:00:00,109556000.0,109589000.0,109284000.0,109480000.0,74.58820796
2026-05-28T03:00:00,109480000.0,109550000.0,107759000.0,107998000.0,371.41131441
2026-05-28T04:00:00,107914000.0,107998000.0,107175000.0,107962000.0,307.39993785
2026-05-28T05:00:00,107962000.0,107962000.0,107500000.0,107619000.0,108.14334743
2026-05-28T06:00:00,107618000.0,108033000.0,107208000.0,108010000.0,101.90775424
2026-05-28T07:00:00,108010000.0,108607000.0,108000000.0,108607000.0,94.10790464
2026-05-28T08:00:00,108607000.0,108650000.0,108221000.0,108418000.0,52.31669594
2026-05-28T09:00:00,108417000.0,108660000.0,108253000.0,108653000.0,33.5874002
2026-05-28T10:00:00,108651000.0,108700000.0,108224000.0,108300000.0,48.56362872
2026-05-28T11:00:00,108300000.0,108355000.0,108090000.0,108340000.0,51.4928017
2026-05-28T12:00:00,108340000.0,108633000.0,108101000.0,108617000.0,67.6509336
2026-05-28T13:00:00,108602000.0,108619000.0,107418000.0,107900000.0,112.76924898
2026-05-28T14:00:00,107900000.0,108675000.0,107373000.0,107809000.0,124.96428766
2026-05-28T15:00:00,107809000.0,108008000.0,107314000.0,107645000.0,57.39964826
2026-05-28T16:00:00,107645000.0,108347000.0,107495000.0,108313000.0,35.3604896
2026-05-28T17:00:00,108338000.0,108708000.0,108180000.0,108570000.0,30.10325766
2026-05-28T18:00:00,108556000.0,108747000.0,108446000.0,108638000.0,26.76746344
2026-05-28T19:00:00,108638000.0,108655000.0,108258000.0,108318000.0,14.20289992
2026-05-28T20:00:00,108318000.0,108699000.0,108083000.0,108649000.0,22.65927885
2026-05-28T21:00:00,108608000.0,109168000.0,108570000.0,109100000.0,61.08419999
2026-05-28T22:00:00,109100000.0,109200000.0,108455000.0,108471000.0,53.00017802
2026-05-28T23:00:00,108515000.0,108641000.0,108452000.0,108465000.0,58.35647553
2026-05-29T00:00:00,108469000.0,108861000.0,108464000.0,108700000.0,77.03411278
2026-05-29T01:00:00,108699000.0,108894000.0,108143000.0,108404000.0,77.54338791
2026-05-29T02:00:00,108404000.0,108528000.0,107793000.0,107807000.0,84.96019105
2026-05-29T03:00:00,107802000.0,108070000.0,107771000.0,107970000.0,65.19332047
2026-05-29T04:00:00,107970000.0,108157000.0,107771000.0,108156000.0,60.10908809
2026-05-29T05:00:00,108157000.0,108500000.0,108144000.0,108500000.0,55.38821408
2026-05-29T06:00:00,108500000.0,108946000.0,108480000.0,108842000.0,48.58740418
2026-05-29T07:00:00,108832000.0,109018000.0,108468000.0,108624000.0,52.24658083
2026-05-29T08:00:00,108683000.0,109260000.0,108625000.0,109009000.0,42.43103238
2026-05-29T09:00:00,109009000.0,109370000.0,108983000.0,109126000.0,76.1735872
2026-05-29T10:00:00,109133000.0,109134000.0,108947000.0,108998000.0,23.52767075
2026-05-29T11:00:00,108985000.0,109117000.0,108610000.0,108756000.0,29.88365579
2026-05-29T12:00:00,108756000.0,108804000.0,108413000.0,108595000.0,39.16491361
2026-05-29T13:00:00,108609000.0,108614000.0,108000000.0,108333000.0,69.91082806
2026-05-29T14:00:00,108335000.0,108361000.0,107484000.0,108217000.0,96.50763641
2026-05-29T15:00:00,108225000.0,109700000.0,108100000.0,109210000.0,135.56697587
2026-05-29T16:00:00,109186000.0,109509000.0,108853000.0,109444000.0,46.53252994
2026-05-29T17:00:00,109475000.0,109823000.0,109251000.0,109365000.0,30.92331683
2026-05-29T18:00:00,109384000.0,109450000.0,108319000.0,108567000.0,22.74138024
2026-05-29T19:00:00,108567000.0,109070000.0,108474000.0,108750000.0,12.75202611
2026-05-29T20:00:00,108801000.0,109136000.0,108750000.0,108884000.0,15.80873271
2026-05-29T21:00:00,108884000.0,109230000.0,108722000.0,108725000.0,20.07802924
2026-05-29T22:00:00,108725000.0,108948000.0,108680000.0,108853000.0,22.25874635
2026-05-29T23:00:00,108853000.0,108875000.0,108561000.0,108790000.0,28.19041553
2026-05-30T00:00:00,108790000.0,109176000.0,108725000.0,109011000.0,35.83857776
2026-05-30T01:00:00,109042000.0,109202000.0,108981000.0,109200000.0,35.14978721
2026-05-30T02:00:00,109201000.0,109251000.0,108997000.0,109251000.0,32.06319501
2026-05-30T03:00:00,109251000.0,109411000.0,109001000.0,109025000.0,23.66507462
2026-05-30T04:00:00,109036000.0,109036000.0,108591000.0,108805000.0,34.33619893
2026-05-30T05:00:00,108805000.0,109150000.0,108765000.0,109117000.0,20.88901495
2026-05-30T06:00:00,109117000.0,109227000.0,109001000.0,109100000.0,21.41063245
2026-05-30T07:00:00,109099000.0,109100000.0,108827000.0,108890000.0,27.1953392
2026-05-30T08:00:00,108890000.0,108951000.0,108825000.0,108895000.0,26.08379431
2026-05-30T09:00:00,108897000.0,109040000.0,108832000.0,109039000.0,10.85198849
2026-05-30T10:00:00,109039000.0,109091000.0,109000000.0,109047000.0,10.8072136
2026-05-30T11:00:00,109047000.0,109144000.0,108993000.0,108993000.0,22.09472807
2026-05-30T12:00:00,108994000.0,109195000.0,108992000.0,109166000.0,13.66664239
2026-05-30T13:00:00,109140000.0,109390000.0,109124000.0,109320000.0,23.49522427
2026-05-30T14:00:00,109319000.0,109698000.0,109309000.0,109501000.0,31.69386347
2026-05-30T15:00:00,109501000.0,109619000.0,109389000.0,109494000.0,19.21418466
2026-05-30T16:00:00,109494000.0,109596000.0,109406000.0,109472000.0,7.01634128
2026-05-30T17:00:00,109471000.0,109557000.0,109401000.0,109543000.0,11.0123707
2026-05-30T18:00:00,109533000.0,109698000.0,109454000.0,109636000.0,12.21255833
2026-05-30T19:00:00,109635000.0,109671000.0,109530000.0,109605000.0,3.62797728
2026-05-30T20:00:00,109605000.0,109663000.0,109398000.0,109501000.0,8.92213759
2026-05-30T21:00:00,109501000.0,109582000.0,109466000.0,109556000.0,7.94135737
2026-05-30T22:00:00,109575000.0,109575000.0,109370000.0,109430000.0,19.92190338
2026-05-30T23:00:00,109430000.0,109582000.0,109388000.0,109399000.0,15.03374761
2026-05-31T00:00:00,109399000.0,109700000.0,109394000.0,109683000.0,34.19597896
2026-05-31T01:00:00,109683000.0,109900000.0,109624000.0,109700000.0,32.05694641
2026-05-31T02:00:00,109654000.0,109891000.0,109460000.0,109692000.0,28.68532834
2026-05-31T03:00:00,109692000.0,109885000.0,109658000.0,109820000.0,18.62148375
2026-05-31T04:00:00,109820000.0,109849000.0,109770000.0,109798000.0,14.89901662
2026-05-31T05:00:00,109798000.0,109822000.0,109668000.0,109671000.0,16.69700937
2026-05-31T06:00:00,109677000.0,109677000.0,109507000.0,109536000.0,19.58996253
2026-05-31T07:00:00,109537000.0,109563000.0,109214000.0,109225000.0,36.74058809
2026-05-31T08:00:00,109229000.0,109351000.0,109225000.0,109326000.0,23.41695654
2026-05-31T09:00:00,109326000.0,109428000.0,109203000.0,109204000.0,22.90656356
2026-05-31T10:00:00,109204000.0,109333000.0,109197000.0,109220000.0,13.79163706
2026-05-31T11:00:00,109221000.0,109360000.0,109213000.0,109259000.0,16.17221814
2026-05-31T12:00:00,109273000.0,109305000.0,109123000.0,109136000.0,28.08545882
2026-05-31T13:00:00,109136000.0,109269000.0,109000000.0,109014000.0,41.25666325
2026-05-31T14:00:00,109014000.0,109016000.0,108570000.0,108630000.0,54.25569653
2026-05-31T15:00:00,108630000.0,108769000.0,108499000.0,108621000.0,33.12131289
2026-05-31T16:00:00,108663000.0,108731000.0,108300000.0,108378000.0,42.66998667
2026-05-31T17:00:00,108379000.0,108787000.0,108379000.0,108758000.0,9.15913611
2026-05-31T18:00:00,108760000.0,108800000.0,108662000.0,108664000.0,5.88679838
2026-05-31T19:00:00,108664000.0,108769000.0,108342000.0,108512000.0,13.85127846
2026-05-31T20:00:00,108571000.0,108815000.0,108512000.0,108810000.0,12.66466013
2026-05-31T21:00:00,108734000.0,108946000.0,108572000.0,108915000.0,25.18559876
2026-05-31T22:00:00,108916000.0,109016000.0,108726000.0,108945000.0,37.46028379
2026-05-31T23:00:00,108945000.0,109279000.0,108276000.0,108445000.0,57.6870196
2026-06-01T00:00:00,108445000.0,109030000.0,108401000.0,108735000.0,84.36579602
2026-06-01T01:00:00,108735000.0,108735000.0,107944000.0,107947000.0,96.75650004
2026-06-01T02:00:00,107947000.0,108654000.0,107890000.0,108616000.0,98.0855113
2026-06-01T03:00:00,108581000.0,108876000.0,108332000.0,108398000.0,63.68178417
2026-06-01T04:00:00,108398000.0,108509000.0,107934000.0,108122000.0,81.09309917
2026-06-01T05:00:00,108112000.0,108112000.0,107777000.0,107777000.0,71.75254283
2026-06-01T06:00:00,107777000.0,107793000.0,107205000.0,107330000.0,135.03399173
2026-06-01T07:00:00,107382000.0,107474000.0,106874000.0,106898000.0,134.12976246
2026-06-01T08:00:00,106898000.0,106960000.0,106609000.0,106958000.0,111.18744929
2026-06-01T09:00:00,106958000.0,107280000.0,106846000.0,106894000.0,53.57302203
2026-06-01T10:00:00,106894000.0,106925000.0,106412000.0,106640000.0,97.58498826
2026-06-01T11:00:00,106640000.0,106727000.0,106191000.0,106301000.0,67.91139331
2026-06-01T12:00:00,106301000.0,106574000.0,105545000.0,105660000.0,292.5792691
2026-06-01T13:00:00,105660000.0,105665000.0,104665000.0,105131000.0,383.24672742
2026-06-01T14:00:00,105131000.0,105423000.0,104623000.0,104771000.0,166.61101953
2026-06-01T15:00:00,104786000.0,104981000.0,104238000.0,104271000.0,117.92915281
2026-06-01T16:00:00,104271000.0,105110000.0,103751000.0,105110000.0,147.81640731
2026-06-01T17:00:00,105110000.0,105408000.0,104902000.0,105200000.0,33.9346916
2026-06-01T18:00:00,105200000.0,105225000.0,104681000.0,104866000.0,28.76864612
2026-06-01T19:00:00,104866000.0,105020000.0,104709000.0,104900000.0,26.42098041
2026-06-01T20:00:00,104900000.0,105039000.0,104679000.0,104679000.0,31.20741781
2026-06-01T21:00:00,104681000.0,104681000.0,103858000.0,104040000.0,120.40968136
2026-06-01T22:00:00,104040000.0,104498000.0,103747000.0,104461000.0,136.21985825
2026-06-01T23:00:00,104460000.0,104493000.0,103883000.0,104140000.0,175.68661883
2026-06-02T00:00:00,104140000.0,104140000.0,103332000.0,103750000.0,246.09664298
2026-06-02T01:00:00,103752000.0,103790000.0,102731000.0,102740000.0,175.21642772
2026-06-02T02:00:00,102740000.0,102988000.0,102000000.0,102981000.0,271.65214559
2026-06-02T03:00:00,102972000.0,103577000.0,102930000.0,103499000.0,100.73833291
2026-06-02T04:00:00,103472000.0,103756000.0,103140000.0,103388000.0,63.71041965
2026-06-02T05:00:00,103388000.0,103388000.0,102468000.0,102490000.0,84.98810412
2026-06-02T06:00:00,102490000.0,102800000.0,102271000.0,102504000.0,120.07273963
2026-06-02T07:00:00,102505000.0,102769000.0,102096000.0,102699000.0,95.84169435
2026-06-02T08:00:00,102699000.0,102699000.0,102226000.0,102350000.0,62.85422983
2026-06-02T09:00:00,102358000.0,102392000.0,101591000.0,101627000.0,165.55148605
2026-06-02T10:00:00,101627000.0,101977000.0,101500000.0,101705000.0,124.80004281
2026-06-02T11:00:00,101705000.0,101819000.0,101498000.0,101695000.0,46.46918793
2026-06-02T12:00:00,101693000.0,101705000.0,100811000.0,100828000.0,158.18150449
2026-06-02T13:00:00,100886000.0,101006000.0,100371000.0,100401000.0,250.15044815
2026-06-02T14:00:00,100400000.0,100410000.0,99400000.0,100001000.0,644.75384022
2026-06-02T15:00:00,100001000.0,100094000.0,98919000.0,99244000.0,403.78362336
2026-06-02T16:00:00,99246000.0,100400000.0,99172000.0,99340000.0,147.83395379
2026-06-02T17:00:00,99339000.0,99957000.0,99290000.0,99493000.0,61.2143902
2026-06-02T18:00:00,99493000.0,99757000.0,99042000.0,99288000.0,56.1351799
2026-06-02T19:00:00,99288000.0,99697000.0,98210000.0,99400000.0,163.05481246
2026-06-02T20:00:00,99400000.0,100003000.0,98779000.0,99920000.0,85.00953304
2026-06-02T21:00:00,99920000.0,100400000.0,99644000.0,99909000.0,95.59079191
2026-06-02T22:00:00,99912000.0,99912000.0,98129000.0,98176000.0,192.93324476
2026-06-02T23:00:00,98176000.0,98888000.0,98110000.0,98760000.0,199.22073913
2026-06-03T00:00:00,98760000.0,99460000.0,98711000.0,99265000.0,226.55669474
2026-06-03T01:00:00,99241000.0,99460000.0,98516000.0,99151000.0,158.54994257
2026-06-03T02:00:00,99151000.0,99165000.0,98760000.0,98762000.0,83.39363242
2026-06-03T03:00:00,98762000.0,98800000.0,97110000.0,97476000.0,361.05952477
2026-06-03T04:00:00,97476000.0,98591000.0,97471000.0,98232000.0,116.67706174
2026-06-03T05:00:00,98233000.0,99681000.0,98233000.0,99675000.0,155.78494971
2026-06-03T06:00:00,99680000.0,100073000.0,99299000.0,99300000.0,149.40721682
2026-06-03T07:00:00,99359000.0,99771000.0,99160000.0,99668000.0,61.83111215
2026-06-03T08:00:00,99668000.0,99695000.0,99200000.0,99336000.0,57.735728
2026-06-03T09:00:00,99348000.0,99600000.0,98679000.0,99306000.0,82.32079571
2026-06-03T10:00:00,99355000.0,99885000.0,99306000.0,99632000.0,72.93882738
2026-06-03T11:00:00,99632000.0,99814000.0,99363000.0,99428000.0,51.51141136
2026-06-03T12:00:00,99428000.0,99446000.0,99000000.0,99328000.0,65.53512586
2026-06-03T13:00:00,99328000.0,99526000.0,98764000.0,99000000.0,76.95482293
2026-06-03T14:00:00,99026000.0,99163000.0,98764000.0,98997000.0,53.13623262
2026-06-03T15:00:00,98997000.0,98997000.0,97881000.0,97888000.0,100.0059597
2026-06-03T16:00:00,97888000.0,98249000.0,97225000.0,97950000.0,103.87710612
2026-06-03T17:00:00,97958000.0,98096000.0,97492000.0,97782000.0,33.73311405
2026-06-03T18:00:00,97781000.0,98094000.0,97570000.0,98016000.0,23.76417337
2026-06-03T19:00:00,98016000.0,98028000.0,97000000.0,97255000.0,62.09880385
2026-06-03T20:00:00,97255000.0,97447000.0,96330000.0,96498000.0,166.60340828
2026-06-03T21:00:00,96498000.0,97600000.0,96467000.0,97535000.0,107.28041656
2026-06-03T22:00:00,97582000.0,97582000.0,96000000.0,96061000.0,204.75113514
2026-06-03T23:00:00,96061000.0,96199000.0,95015000.0,95032000.0,324.61455835
2026-06-04T00:00:00,95032000.0,95552000.0,93637000.0,94000000.0,513.75200858
2026-06-04T01:00:00,94000000.0,94148000.0,92310000.0,92390000.0,506.28828744
2026-06-04T02:00:00,92390000.0,94680000.0,91523000.0,94083000.0,520.00358396
2026-06-04T03:00:00,94103000.0,96207000.0,94060000.0,95865000.0,287.48745304
2026-06-04T04:00:00,95865000.0,96604000.0,95681000.0,95784000.0,176.20568963
2026-06-04T05:00:00,95784000.0,95784000.0,94556000.0,95098000.0,124.23824679
2026-06-04T06:00:00,95099000.0,95912000.0,95000000.0,95408000.0,81.74394429
2026-06-04T07:00:00,95409000.0,95537000.0,94653000.0,94851000.0,89.68512471
2026-06-04T08:00:00,94851000.0,95317000.0,94400000.0,94979000.0,103.12422404
2026-06-04T09:00:00,94992000.0,94992000.0,93600000.0,94308000.0,156.66947469
2026-06-04T10:00:00,94326000.0,94370000.0,93100000.0,93231000.0,140.80738944
2026-06-04T11:00:00,93279000.0,93702000.0,92866000.0,93432000.0,143.65350333
2026-06-04T12:00:00,93411000.0,95617000.0,93200000.0,95253000.0,165.09205541
2026-06-04T13:00:00,95253000.0,95826000.0,94204000.0,95813000.0,152.0382545
2026-06-04T14:00:00,95813000.0,96311000.0,95340000.0,95543000.0,100.57583357
2026-06-04T15:00:00,95543000.0,96060000.0,95154000.0,95478000.0,49.4377593
2026-06-04T16:00:00,95477000.0,95483000.0,94700000.0,94855000.0,36.16696499
2026-06-04T17:00:00,94855000.0,95068000.0,94000000.0,94817000.0,43.82243244
2026-06-04T18:00:00,94760000.0,95604000.0,94200000.0,95283000.0,22.97333231
2026-06-04T19:00:00,95239000.0,95604000.0,94800000.0,94946000.0,20.19702238
2026-06-04T20:00:00,94905000.0,95033000.0,94336000.0,95001000.0,27.83255989
2026-06-04T21:00:00,95033000.0,95400000.0,94347000.0,94659000.0,56.27343379
2026-06-04T22:00:00,94616000.0,95361000.0,94515000.0,95321000.0,76.57714983
2026-06-04T23:00:00,95258000.0,95506000.0,94833000.0,95506000.0,64.36822657
2026-06-05T00:00:00,95506000.0,95506000.0,94726000.0,94747000.0,108.31883142
2026-06-05T01:00:00,94747000.0,95000000.0,94210000.0,94787000.0,119.85153285
2026-06-05T02:00:00,94800000.0,94843000.0,93794000.0,93798000.0,99.2253057
2026-06-05T03:00:00,93798000.0,94277000.0,93501000.0,94100000.0,88.33522335
2026-06-05T04:00:00,94100000.0,95377000.0,93831000.0,95359000.0,98.48011593
2026-06-05T05:00:00,95371000.0,95377000.0,93649000.0,93696000.0,110.01323034
2026-06-05T06:00:00,93696000.0,94215000.0,92500000.0,93270000.0,307.55206223
2026-06-05T07:00:00,93270000.0,94776000.0,92684000.0,94771000.0,167.95940004
2026-06-05T08:00:00,94771000.0,94800000.0,93627000.0,93901000.0,81.15607055
2026-06-05T09:00:00,93851000.0,94999000.0,93851000.0,94330000.0,69.58010012
2026-06-05T10:00:00,94330000.0,94384000.0,93692000.0,93889000.0,64.44288694
2026-06-05T11:00:00,93889000.0,94200000.0,93265000.0,93304000.0,76.34865074
2026-06-05T12:00:00,93309000.0,94077000.0,93000000.0,93448000.0,105.9273341
2026-06-05T13:00:00,93448000.0,93943000.0,92016000.0,92028000.0,172.8900982
2026-06-05T14:00:00,92022000.0,92842000.0,91559000.0,92306000.0,355.25727825
2026-06-05T15:00:00,92293000.0,92778000.0,91454000.0,91978000.0,220.18197554
2026-06-05T16:00:00,91952000.0,93520000.0,91263000.0,93250000.0,212.99357959
2026-06-05T17:00:00,93223000.0,93343000.0,92200000.0,92360000.0,63.4517478
2026-06-05T18:00:00,92360000.0,92542000.0,90507000.0,90773000.0,232.55738879
2026-06-05T19:00:00,90768000.0,92070000.0,90500000.0,91774000.0,118.48102159
2026-06-05T20:00:00,91763000.0,93695000.0,91300000.0,93484000.0,114.71068937
2026-06-05T21:00:00,93484000.0,94000000.0,93200000.0,93510000.0,75.30991548
2026-06-05T22:00:00,93509000.0,93985000.0,92886000.0,93468000.0,65.98817239
2026-06-05T23:00:00,93468000.0,93727000.0,92054000.0,93000000.0,115.13251786
2026-06-06T00:00:00,93000000.0,93600000.0,92966000.0,93170000.0,80.56034922
2026-06-06T01:00:00,93170000.0,93360000.0,92700000.0,92842000.0,61.47439673
2026-06-06T02:00:00,92842000.0,92893000.0,92201000.0,92674000.0,62.03693713
2026-06-06T03:00:00,92685000.0,92685000.0,92133000.0,92351000.0,62.16024491
2026-06-06T04:00:00,92351000.0,92550000.0,90895000.0,91603000.0,229.98239375
2026-06-06T05:00:00,91603000.0,92858000.0,91001000.0,92580000.0,135.96581762
2026-06-06T06:00:00,92580000.0,93048000.0,92200000.0,92240000.0,59.66300917
2026-06-06T07:00:00,92240000.0,92927000.0,92200000.0,92576000.0,39.20625347
2026-06-06T08:00:00,92576000.0,93275000.0,92430000.0,93073000.0,61.9697928
2026-06-06T09:00:00,93081000.0,93150000.0,92544000.0,92679000.0,42.28720023
2026-06-06T10:00:00,92652000.0,92680000.0,91639000.0,92212000.0,72.4087475
2026-06-06T11:00:00,92239000.0,92669000.0,92133000.0,92451000.0,31.63295611
2026-06-06T12:00:00,92451000.0,92901000.0,92177000.0,92721000.0,46.86312728
2026-06-06T13:00:00,92721000.0,92800000.0,92194000.0,92375000.0,37.14538434
2026-06-06T14:00:00,92375000.0,92629000.0,92323000.0,92398000.0,28.90299361
2026-06-06T15:00:00,92396000.0,92532000.0,91847000.0,92394000.0,36.69340331
2026-06-06T16:00:00,92350000.0,92568000.0,91822000.0,92187000.0,22.62040941
2026-06-06T17:00:00,92187000.0,92345000.0,91971000.0,91998000.0,12.80931774
2026-06-06T18:00:00,91998000.0,92284000.0,91807000.0,92183000.0,8.63382543
2026-06-06T19:00:00,92185000.0,92297000.0,91938000.0,92106000.0,11.83485477
2026-06-06T20:00:00,92106000.0,92286000.0,92020000.0,92224000.0,9.95887352
2026-06-06T21:00:00,92246000.0,92629000.0,92241000.0,92327000.0,23.43355159
2026-06-06T22:00:00,92354000.0,92388000.0,91929000.0,92110000.0,24.24837407
2026-06-06T23:00:00,92110000.0,92600000.0,92100000.0,92560000.0,28.54580819
2026-06-07T00:00:00,92560000.0,92592000.0,92353000.0,92405000.0,38.27098221
2026-06-07T01:00:00,92404000.0,93574000.0,92400000.0,93333000.0,140.8449975
2026-06-07T02:00:00,93323000.0,93477000.0,92920000.0,93426000.0,62.27537843
2026-06-07T03:00:00,93426000.0,93803000.0,93249000.0,93800000.0,66.34370801
2026-06-07T04:00:00,93800000.0,94099000.0,93516000.0,94095000.0,66.64842008
2026-06-07T05:00:00,94094000.0,94300000.0,93768000.0,93907000.0,77.43920278
2026-06-07T06:00:00,93900000.0,94568000.0,93678000.0,94433000.0,78.34774062
2026-06-07T07:00:00,94430000.0,94970000.0,94305000.0,94939000.0,97.16902221
2026-06-07T08:00:00,94934000.0,95700000.0,94714000.0,95584000.0,138.12932048
2026-06-07T09:00:00,95585000.0,95750000.0,94904000.0,95078000.0,147.76658299
2026-06-07T10:00:00,95078000.0,95099000.0,94610000.0,94708000.0,67.63575376
2026-06-07T11:00:00,94745000.0,95400000.0,94712000.0,95185000.0,44.02571031
2026-06-07T12:00:00,95185000.0,95205000.0,93550000.0,94086000.0,157.41076869
2026-06-07T13:00:00,94086000.0,94086000.0,93531000.0,93755000.0,60.6081018
2026-06-07T14:00:00,93776000.0,94550000.0,93743000.0,93929000.0,46.79303198
2026-06-07T15:00:00,93992000.0,94335000.0,93651000.0,94158000.0,49.5589333
2026-06-07T16:00:00,94158000.0,94450000.0,93905000.0,94039000.0,23.72380611
2026-06-07T17:00:00,94067000.0,94489000.0,94041000.0,94270000.0,15.32814552
2026-06-07T18:00:00,94260000.0,94400000.0,94015000.0,94016000.0,8.90082784
2026-06-07T19:00:00,94053000.0,94053000.0,93000000.0,93162000.0,66.37219816
2026-06-07T20:00:00,93162000.0,94000000.0,93036000.0,93921000.0,24.23962127
2026-06-07T21:00:00,93921000.0,94077000.0,93389000.0,93689000.0,31.99252596
2026-06-07T22:00:00,93694000.0,97000000.0,93640000.0,95047000.0,232.65717344
2026-06-07T23:00:00,95047000.0,95746000.0,94886000.0,95430000.0,150.35869108
2026-06-08T00:00:00,95502000.0,96400000.0,95100000.0,96139000.0,209.85437335
2026-06-08T01:00:00,96138000.0,96142000.0,94720000.0,95338000.0,111.46502131
2026-06-08T02:00:00,95366000.0,95400000.0,95015000.0,95284000.0,49.67831748
2026-06-08T03:00:00,95284000.0,95702000.0,95100000.0,95313000.0,42.76922229
2026-06-08T04:00:00,95310000.0,95355000.0,94625000.0,94737000.0,50.47836392
2026-06-08T05:00:00,94789000.0,94928000.0,94000000.0,94361000.0,87.53516823
2026-06-08T06:00:00,94333000.0,94855000.0,94308000.0,94546000.0,49.80329212
2026-06-08T07:00:00,94587000.0,95090000.0,94393000.0,95001000.0,40.08891819
2026-06-08T08:00:00,95012000.0,95012000.0,94614000.0,94853000.0,35.61397374
2026-06-08T09:00:00,94825000.0,95400000.0,94754000.0,95252000.0,41.2582207
2026-06-08T10:00:00,95260000.0,95317000.0,94657000.0,94697000.0,35.31053794
2026-06-08T11:00:00,94700000.0,95682000.0,94614000.0,95106000.0,55.07139608
2026-06-08T12:00:00,95157000.0,95661000.0,94116000.0,95560000.0,103.50396295
2026-06-08T13:00:00,95589000.0,95699000.0,94940000.0,95510000.0,84.19686025
2026-06-08T14:00:00,95470000.0,95923000.0,95242000.0,95813000.0,55.58408506
2026-06-08T15:00:00,95793000.0,96000000.0,95400000.0,95452000.0,62.78782761
2026-06-08T16:00:00,95462000.0,95820000.0,95012000.0,95047000.0,26.09750117
2026-06-08T17:00:00,95097000.0,95245000.0,94789000.0,95087000.0,26.03841751
2026-06-08T18:00:00,95087000.0,95198000.0,94704000.0,94810000.0,20.18528034
2026-06-08T19:00:00,94886000.0,95019000.0,94721000.0,94721000.0,11.8237557
2026-06-08T20:00:00,94733000.0,94915000.0,94500000.0,94912000.0,18.48566776
2026-06-08T21:00:00,94915000.0,95468000.0,94863000.0,95314000.0,35.40679915
2026-06-08T22:00:00,95286000.0,95313000.0,94649000.0,95086000.0,49.52725138
2026-06-08T23:00:00,95100000.0,95296000.0,94590000.0,94730000.0,60.30361689
2026-06-09T00:00:00,94735000.0,94857000.0,93776000.0,93868000.0,118.30062662
2026-06-09T01:00:00,93935000.0,94205000.0,93853000.0,94000000.0,62.77257756
2026-06-09T02:00:00,94000000.0,94267000.0,93713000.0,94248000.0,52.41543846
2026-06-09T03:00:00,94248000.0,94448000.0,94005000.0,94291000.0,33.91668194
2026-06-09T04:00:00,94291000.0,94900000.0,94050000.0,94670000.0,53.28225993
2026-06-09T05:00:00,94700000.0,94980000.0,94480000.0,94599000.0,41.13320758
2026-06-09T06:00:00,94586000.0,94732000.0,94328000.0,94470000.0,37.13454873
2026-06-09T07:00:00,94470000.0,94728000.0,94128000.0,94450000.0,29.70381084
2026-06-09T08:00:00,94450000.0,94459000.0,93900000.0,94015000.0,39.39553917
2026-06-09T09:00:00,94004000.0,94150000.0,93700000.0,93925000.0,38.55731188
2026-06-09T10:00:00,93925000.0,94095000.0,93757000.0,94094000.0,24.79864732
2026-06-09T11:00:00,94093000.0,94094000.0,93701000.0,93962000.0,33.17949665
2026-06-09T12:00:00,93962000.0,94238000.0,93508000.0,93863000.0,54.41495582
2026-06-09T13:00:00,93863000.0,93981000.0,93264000.0,93355000.0,79.20660649
2026-06-09T14:00:00,93354000.0,93470000.0,92003000.0,92466000.0,215.44257355
2026-06-09T15:00:00,92488000.0,92790000.0,91962000.0,92129000.0,128.81380505
2026-06-09T16:00:00,92088000.0,92600000.0,91700000.0,92428000.0,96.35953769
2026-06-09T17:00:00,92428000.0,93000000.0,92428000.0,92684000.0,42.86679078
2026-06-09T18:00:00,92661000.0,92959000.0,92500000.0,92730000.0,14.81037828
2026-06-09T19:00:00,92730000.0,93175000.0,92685000.0,93168000.0,14.14131695
2026-06-09T20:00:00,93168000.0,93390000.0,92919000.0,93133000.0,16.47511596
2026-06-09T21:00:00,93133000.0,93168000.0,92499000.0,92624000.0,27.49444027
2026-06-09T22:00:00,92624000.0,92947000.0,92432000.0,92580000.0,34.49185958
2026-06-09T23:00:00,92580000.0,92739000.0,92311000.0,92555000.0,44.73743265
2026-06-10T00:00:00,92555000.0,92800000.0,92100000.0,92719000.0,70.45676983
2026-06-10T01:00:00,92719000.0,92803000.0,92330000.0,92538000.0,54.29522109
2026-06-10T02:00:00,92537000.0,92671000.0,91988000.0,92061000.0,71.46584024
2026-06-10T03:00:00,92057000.0,92337000.0,92006000.0,92255000.0,27.98238542
2026-06-10T04:00:00,92254000.0,92255000.0,91800000.0,91894000.0,67.17553356
2026-06-10T05:00:00,91871000.0,92000000.0,91659000.0,91999000.0,70.7096968
2026-06-10T06:00:00,91998000.0,92300000.0,91788000.0,92299000.0,36.5445355
2026-06-10T07:00:00,92296000.0,92800000.0,92251000.0,92598000.0,37.85334636
2026-06-10T08:00:00,92597000.0,92634000.0,91883000.0,92018000.0,45.03309543
2026-06-10T09:00:00,92028000.0,92349000.0,91500000.0,92261000.0,65.5260034
2026-06-10T10:00:00,92262000.0,92350000.0,91904000.0,92314000.0,32.01885994
2026-06-10T11:00:00,92300000.0,92374000.0,91600000.0,91891000.0,47.38489438
2026-06-10T12:00:00,91876000.0,93159000.0,91814000.0,92582000.0,127.59428424
2026-06-10T13:00:00,92580000.0,93848000.0,92350000.0,93411000.0,103.52602022
2026-06-10T14:00:00,93364000.0,93525000.0,92913000.0,93491000.0,63.18304714
2026-06-10T15:00:00,93491000.0,94470000.0,92982000.0,94159000.0,78.26390717
2026-06-10T16:00:00,94159000.0,94160000.0,93174000.0,93642000.0,34.27604461
2026-06-10T17:00:00,93642000.0,93852000.0,92850000.0,93366000.0,25.33556006
2026-06-10T18:00:00,93307000.0,93637000.0,92845000.0,93181000.0,16.06931755
2026-06-10T19:00:00,93267000.0,93525000.0,92947000.0,93366000.0,8.88244909
2026-06-10T20:00:00,93384000.0,93398000.0,93012000.0,93200000.0,18.91156257
2026-06-10T21:00:00,93200000.0,93200000.0,92323000.0,92568000.0,47.41187217
2026-06-10T22:00:00,92567000.0,92746000.0,92060000.0,92491000.0,45.15206675
2026-06-10T23:00:00,92490000.0,92673000.0,92070000.0,92601000.0,62.22801997
2026-06-11T00:00:00,92560000.0,93240000.0,92558000.0,93085000.0,48.88024733
2026-06-11T01:00:00,93101000.0,93862000.0,93065000.0,93601000.0,64.09569701
2026-06-11T02:00:00,93601000.0,93730000.0,93193000.0,93512000.0,41.09338667
2026-06-11T03:00:00,93512000.0,94294000.0,93217000.0,94108000.0,41.75534177
2026-06-11T04:00:00,94143000.0,94300000.0,93920000.0,94067000.0,52.72428522
2026-06-11T05:00:00,94083000.0,94140000.0,93910000.0,94026000.0,22.20935792
2026-06-11T06:00:00,94026000.0,94597000.0,93942000.0,94355000.0,56.53764739
2026-06-11T07:00:00,94355000.0,94500000.0,94140000.0,94329000.0,29.29355094
2026-06-11T08:00:00,94401000.0,94835000.0,94329000.0,94715000.0,45.95830512
2026-06-11T09:00:00,94716000.0,94771000.0,94470000.0,94685000.0,34.04468615
2026-06-11T10:00:00,94685000.0,95100000.0,94525000.0,95050000.0,36.94393191
2026-06-11T11:00:00,95082000.0,95130000.0,94852000.0,94933000.0,40.43843347
2026-06-11T12:00:00,94933000.0,95012000.0,94102000.0,94851000.0,71.91572834
2026-06-11T13:00:00,94850000.0,95100000.0,94348000.0,94911000.0,47.37298045
2026-06-11T14:00:00,94911000.0,94926000.0,94420000.0,94435000.0,23.41942589
2026-06-11T15:00:00,94435000.0,94633000.0,94210000.0,94396000.0,22.48695294
2026-06-11T16:00:00,94396000.0,94500000.0,94156000.0,94227000.0,8.47582751
2026-06-11T17:00:00,94235000.0,95500000.0,93950000.0,95414000.0,77.96495014
2026-06-11T18:00:00,95417000.0,95700000.0,95074000.0,95235000.0,45.20273718
2026-06-11T19:00:00,95242000.0,95800000.0,95181000.0,95432000.0,44.74362114
2026-06-11T20:00:00,95495000.0,95495000.0,94908000.0,95143000.0,40.09834917
2026-06-11T21:00:00,95143000.0,95445000.0,95143000.0,95326000.0,43.89150816
2026-06-11T22:00:00,95326000.0,95660000.0,95326000.0,95429000.0,45.23283103
2026-06-11T23:00:00,95429000.0,95777000.0,95238000.0,95623000.0,50.4567959
2026-06-12T00:00:00,95623000.0,95934000.0,95545000.0,95709000.0,83.33740597
2026-06-12T01:00:00,95680000.0,95708000.0,95106000.0,95282000.0,50.18747606
2026-06-12T02:00:00,95250000.0,95730000.0,95250000.0,95489000.0,35.25357777
2026-06-12T03:00:00,95489000.0,95513000.0,95200000.0,95343000.0,30.91439171
2026-06-12T04:00:00,95343000.0,95867000.0,95251000.0,95768000.0,40.51954896
2026-06-12T05:00:00,95766000.0,95766000.0,95250000.0,95303000.0,36.54615193
2026-06-12T06:00:00,95348000.0,95386000.0,94598000.0,94772000.0,49.32429007
2026-06-12T07:00:00,94770000.0,95079000.0,94770000.0,94950000.0,23.32809022
2026-06-12T08:00:00,94950000.0,95662000.0,94923000.0,95465000.0,40.3327343
2026-06-12T09:00:00,95465000.0,95999000.0,95367000.0,95786000.0,62.99744359
2026-06-12T10:00:00,95809000.0,95943000.0,95646000.0,95864000.0,30.75664767
2026-06-12T11:00:00,95873000.0,96200000.0,95798000.0,96108000.0,61.54613999
2026-06-12T12:00:00,96108000.0,96120000.0,95564000.0,95701000.0,37.74954021
2026-06-12T13:00:00,95701000.0,95817000.0,95170000.0,95397000.0,44.66882584
2026-06-12T14:00:00,95393000.0,96323000.0,95333000.0,96286000.0,61.11147895
2026-06-12T15:00:00,96323000.0,96947000.0,95800000.0,95845000.0,97.51930509
2026-06-12T16:00:00,95899000.0,96524000.0,95831000.0,96500000.0,26.94805198
2026-06-12T17:00:00,96450000.0,96640000.0,96068000.0,96293000.0,19.16786094
2026-06-12T18:00:00,96289000.0,96472000.0,96058000.0,96136000.0,18.1409363
2026-06-12T19:00:00,96130000.0,96303000.0,96000000.0,96000000.0,16.77515909
2026-06-12T20:00:00,96027000.0,96174000.0,95625000.0,95766000.0,16.46909421
2026-06-12T21:00:00,95794000.0,96056000.0,95700000.0,95860000.0,11.81272697
2026-06-12T22:00:00,95859000.0,96092000.0,95834000.0,95900000.0,17.23236832
2026-06-12T23:00:00,95900000.0,96030000.0,95794000.0,96029000.0,21.35624824
2026-06-13T00:00:00,96029000.0,96100000.0,95909000.0,96000000.0,25.19718812
2026-06-13T01:00:00,96000000.0,96350000.0,95969000.0,96326000.0,35.9160459
2026-06-13T02:00:00,96326000.0,96329000.0,95900000.0,96079000.0,33.08341396
2026-06-13T03:00:00,96079000.0,96170000.0,95801000.0,95894000.0,23.96415719
2026-06-13T04:00:00,95894000.0,96031000.0,95822000.0,95912000.0,16.63506298
2026-06-13T05:00:00,95912000.0,96031000.0,95821000.0,95918000.0,16.23687882
2026-06-13T06:00:00,95937000.0,96170000.0,95886000.0,96169000.0,11.80982486
2026-06-13T07:00:00,96169000.0,96350000.0,96070000.0,96270000.0,35.06180017
2026-06-13T08:00:00,96267000.0,96436000.0,96161000.0,96240000.0,28.27690818
2026-06-13T09:00:00,96241000.0,96313000.0,96210000.0,96212000.0,20.52103242
2026-06-13T10:00:00,96212000.0,96438000.0,96200000.0,96318000.0,24.56413146
2026-06-13T11:00:00,96318000.0,96543000.0,96318000.0,96521000.0,26.78310031
2026-06-13T12:00:00,96521000.0,96918000.0,96464000.0,96852000.0,47.54639773
2026-06-13T13:00:00,96879000.0,97080000.0,96740000.0,96750000.0,81.63163547
2026-06-13T14:00:00,96778000.0,96999000.0,96750000.0,96912000.0,25.00765048
2026-06-13T15:00:00,96941000.0,97096000.0,96807000.0,96997000.0,36.82320714
2026-06-13T16:00:00,96976000.0,97000000.0,96500000.0,96596000.0,22.24301957
2026-06-13T17:00:00,96590000.0,96788000.0,96500000.0,96520000.0,13.31492306
2026-06-13T18:00:00,96520000.0,96999000.0,96520000.0,96808000.0,10.48973907
2026-06-13T19:00:00,96836000.0,97036000.0,96800000.0,97025000.0,7.9935867
2026-06-13T20:00:00,97000000.0,97090000.0,96966000.0,97077000.0,15.02539662
2026-06-13T21:00:00,97077000.0,97713000.0,97008000.0,97383000.0,44.11808851
2026-06-13T22:00:00,97383000.0,97607000.0,97300000.0,97467000.0,42.03262699
2026-06-13T23:00:00,97476000.0,97701000.0,97450000.0,97475000.0,43.90928461
2026-06-14T00:00:00,97476000.0,97755000.0,97400000.0,97709000.0,43.98405163
2026-06-14T01:00:00,97703000.0,97920000.0,97700000.0,97883000.0,62.63717408
2026-06-14T02:00:00,97807000.0,97904000.0,97520000.0,97616000.0,40.48941464
2026-06-14T03:00:00,97645000.0,97775000.0,97610000.0,97701000.0,28.51153265
2026-06-14T04:00:00,97701000.0,97721000.0,97205000.0,97253000.0,36.44620784
2026-06-14T05:00:00,97278000.0,97346000.0,97090000.0,97172000.0,33.56689093
2026-06-14T06:00:00,97197000.0,97455000.0,97050000.0,97108000.0,32.49803216
2026-06-14T07:00:00,97108000.0,97394000.0,97050000.0,97350000.0,15.93431027
2026-06-14T08:00:00,97350000.0,97500000.0,97259000.0,97467000.0,24.01870446
2026-06-14T09:00:00,97456000.0,97776000.0,97186000.0,97746000.0,30.14701477
2026-06-14T10:00:00,97745000.0,97801000.0,97545000.0,97563000.0,35.76495158
2026-06-14T11:00:00,97563000.0,97740000.0,97520000.0,97639000.0,24.58287707
2026-06-14T12:00:00,97639000.0,97670000.0,97118000.0,97118000.0,35.08857848
2026-06-14T13:00:00,97118000.0,97300000.0,97005000.0,97006000.0,31.1840683
2026-06-14T14:00:00,97006000.0,97006000.0,96350000.0,96487000.0,71.04503853
2026-06-14T15:00:00,96487000.0,96766000.0,96425000.0,96628000.0,27.87598062
2026-06-14T16:00:00,96600000.0,96763000.0,96398000.0,96399000.0,17.04587809
2026-06-14T17:00:00,96399000.0,96565000.0,96060000.0,96111000.0,28.00699463
2026-06-14T18:00:00,96099000.0,96248000.0,96060000.0,96237000.0,9.56515752
2026-06-14T19:00:00,96248000.0,96303000.0,96085000.0,96261000.0,10.40198527
2026-06-14T20:00:00,96242000.0,96589000.0,96168000.0,96555000.0,21.38720552
2026-06-14T21:00:00,96555000.0,98855000.0,96510000.0,98451000.0,198.04705921
2026-06-14T22:00:00,98416000.0,98840000.0,97901000.0,98663000.0,185.42266507
2026-06-14T23:00:00,98684000.0,99265000.0,98437000.0,99190000.0,189.86072778
2026-06-15T00:00:00,99200000.0,99265000.0,98077000.0,98377000.0,153.34593046
2026-06-15T01:00:00,98345000.0,98619000.0,98000000.0,98315000.0,74.18671532
2026-06-15T02:00:00,98350000.0,98802000.0,98200000.0,98218000.0,54.17988617
2026-06-15T03:00:00,98249000.0,98949000.0,98220000.0,98866000.0,50.56565032
2026-06-15T04:00:00,98867000.0,98921000.0,98551000.0,98560000.0,35.23777489
2026-06-15T05:00:00,98576000.0,98900000.0,98500000.0,98740000.0,39.58868131
2026-06-15T06:00:00,98740000.0,98949000.0,98727000.0,98741000.0,39.82876994
2026-06-15T07:00:00,98741000.0,98958000.0,98600000.0,98626000.0,33.88754778
2026-06-15T08:00:00,98601000.0,98815000.0,98513000.0,98581000.0,32.86291912
2026-06-15T09:00:00,98581000.0,98788000.0,98217000.0,98411000.0,44.73585177
2026-06-15T10:00:00,98411000.0,98900000.0,98410000.0,98885000.0,27.21091198
2026-06-15T11:00:00,98872000.0,99548000.0,98740000.0,99469000.0,127.15982684
2026-06-15T12:00:00,99469000.0,100200000.0,99379000.0,100190000.0,167.65795119
2026-06-15T13:00:00,100190000.0,100675000.0,100001000.0,100001000.0,235.54759413
2026-06-15T14:00:00,100001000.0,100139000.0,99751000.0,100067000.0,99.45191079
2026-06-15T15:00:00,100067000.0,100950000.0,100047000.0,100950000.0,90.41789972
2026-06-15T16:00:00,100946000.0,100992000.0,100700000.0,100872000.0,45.86352723
2026-06-15T17:00:00,100872000.0,100872000.0,100102000.0,100330000.0,41.12394585
2026-06-15T18:00:00,100330000.0,100386000.0,100079000.0,100175000.0,23.28033766
2026-06-15T19:00:00,100212000.0,100350000.0,99770000.0,100003000.0,38.00795761
2026-06-15T20:00:00,100033000.0,100145000.0,99791000.0,99821000.0,37.7523565
2026-06-15T21:00:00,99851000.0,99876000.0,99500000.0,99501000.0,63.67410864
2026-06-15T22:00:00,99501000.0,99680000.0,99013000.0,99099000.0,85.91610971
2026-06-15T23:00:00,99080000.0,99589000.0,99010000.0,99588000.0,56.12649272
2026-06-16T00:00:00,99576000.0,99946000.0,99526000.0,99528000.0,97.94717104
2026-06-16T01:00:00,99535000.0,99792000.0,99528000.0,99604000.0,46.87498993
2026-06-16T02:00:00,99604000.0,99663000.0,98550000.0,98560000.0,85.32414937
2026-06-16T03:00:00,98560000.0,99492000.0,98500000.0,99398000.0,53.85835297
2026-06-16T04:00:00,99370000.0,99501000.0,98795000.0,98906000.0,41.92165185
2026-06-16T05:00:00,98910000.0,99407000.0,98866000.0,99278000.0,30.66848911
2026-06-16T06:00:00,99278000.0,99995000.0,99278000.0,99804000.0,43.10922685
2026-06-16T07:00:00,99804000.0,99987000.0,99620000.0,99723000.0,32.1068003
2026-06-16T08:00:00,99723000.0,100633000.0,99670000.0,100592000.0,58.36226176
2026-06-16T09:00:00,100592000.0,100639000.0,99832000.0,99833000.0,55.50125172
2026-06-16T10:00:00,99833000.0,100246000.0,99799000.0,99868000.0,28.18866723
2026-06-16T11:00:00,99869000.0,99999000.0,99600000.0,99859000.0,31.27298469
2026-06-16T12:00:00,99861000.0,100251000.0,99743000.0,99807000.0,52.73903271
2026-06-16T13:00:00,99814000.0,99814000.0,99058000.0,99199000.0,73.48798141
2026-06-16T14:00:00,99199000.0,99444000.0,98225000.0,98656000.0,95.94015797
2026-06-16T15:00:00,98656000.0,99173000.0,98582000.0,98991000.0,46.10408911
2026-06-16T16:00:00,98981000.0,99105000.0,98747000.0,98789000.0,15.34223302
2026-06-16T17:00:00,98789000.0,99133000.0,98725000.0,99045000.0,11.15069407
2026-06-16T18:00:00,99046000.0,99450000.0,98755000.0,98855000.0,12.63138671
2026-06-16T19:00:00,98855000.0,98855000.0,98500000.0,98598000.0,20.11435841
2026-06-16T20:00:00,98570000.0,98907000.0,98489000.0,98899000.0,17.48283568
2026-06-16T21:00:00,98900000.0,99069000.0,98617000.0,98781000.0,18.60275302
2026-06-16T22:00:00,98781000.0,99040000.0,98742000.0,98909000.0,13.68179373
2026-06-16T23:00:00,98909000.0,98983000.0,98621000.0,98645000.0,26.62890133
2026-06-17T00:00:00,98624000.0,99050000.0,98620000.0,98788000.0,44.01682279
2026-06-17T01:00:00,98830000.0,99074000.0,98500000.0,99073000.0,46.092645
2026-06-17T02:00:00,99063000.0,99333000.0,98919000.0,99010000.0,34.33444304
2026-06-17T03:00:00,99034000.0,99034000.0,98765000.0,98969000.0,21.54367797
2026-06-17T04:00:00,98988000.0,99250000.0,98930000.0,99000000.0,18.88597917
2026-06-17T05:00:00,99009000.0,99102000.0,98814000.0,98979000.0,27.33220044
2026-06-17T06:00:00,98937000.0,98979000.0,98621000.0,98717000.0,29.30931495
2026-06-17T07:00:00,98717000.0,98781000.0,98209000.0,98472000.0,51.42199197
2026-06-17T08:00:00,98471000.0,98516000.0,97381000.0,97521000.0,129.88403496
2026-06-17T09:00:00,97536000.0,97812000.0,97404000.0,97507000.0,46.4747257
2026-06-17T10:00:00,97507000.0,97669000.0,97242000.0,97287000.0,49.26445655
2026-06-17T11:00:00,97287000.0,97559000.0,97000000.0,97503000.0,68.22199978
2026-06-17T12:00:00,97480000.0,97797000.0,97160000.0,97751000.0,60.04109933
2026-06-17T13:00:00,97751000.0,98228000.0,97500000.0,98030000.0,56.42731572
2026-06-17T14:00:00,98030000.0,98324000.0,97320000.0,97825000.0,38.22411862
2026-06-17T15:00:00,97829000.0,98850000.0,97665000.0,98642000.0,42.28827864
2026-06-17T16:00:00,98643000.0,99633000.0,98603000.0,98789000.0,52.43820865
2026-06-17T17:00:00,98789000.0,99299000.0,98684000.0,99138000.0,14.42964957
2026-06-17T18:00:00,99144000.0,99221000.0,97500000.0,98376000.0,69.62067807
2026-06-17T19:00:00,98371000.0,98719000.0,96650000.0,97001000.0,91.6684472
2026-06-17T20:00:00,96974000.0,97300000.0,96827000.0,97179000.0,38.83480603
2026-06-17T21:00:00,97239000.0,97240000.0,96750000.0,96937000.0,55.23962352
2026-06-17T22:00:00,96937000.0,97169000.0,96511000.0,96958000.0,62.09009836
2026-06-17T23:00:00,96961000.0,97281000.0,96866000.0,97219000.0,48.52784135
2026-06-18T00:00:00,97277000.0,97542000.0,97000000.0,97029000.0,60.2988317
2026-06-18T01:00:00,97029000.0,97495000.0,97001000.0,97189000.0,42.00811067
2026-06-18T02:00:00,97189000.0,97458000.0,97096000.0,97364000.0,34.94112698
2026-06-18T03:00:00,97362000.0,97362000.0,96654000.0,96694000.0,40.71676007
2026-06-18T04:00:00,96654000.0,96791000.0,95915000.0,96051000.0,133.34451879
2026-06-18T05:00:00,96086000.0,96264000.0,95732000.0,96260000.0,103.85553685
2026-06-18T06:00:00,96260000.0,96453000.0,96008000.0,96376000.0,39.24810815
2026-06-18T07:00:00,96351000.0,97025000.0,96206000.0,97018000.0,37.92778868
2026-06-18T08:00:00,96998000.0,97200000.0,96893000.0,96991000.0,34.70536711
2026-06-18T09:00:00,96991000.0,97161000.0,96828000.0,96866000.0,24.91921678
2026-06-18T10:00:00,96866000.0,96868000.0,96417000.0,96719000.0,35.63380416
2026-06-18T11:00:00,96719000.0,96835000.0,96397000.0,96559000.0,31.98385302
2026-06-18T12:00:00,96574000.0,97156000.0,96482000.0,97156000.0,36.9913386
2026-06-18T13:00:00,97152000.0,97222000.0,96442000.0,96598000.0,45.56479119
2026-06-18T14:00:00,96646000.0,96884000.0,96020000.0,96366000.0,45.12178957
2026-06-18T15:00:00,96378000.0,96378000.0,94403000.0,94554000.0,205.67434961
2026-06-18T16:00:00,94504000.0,95200000.0,94468000.0,94899000.0,61.15853738
2026-06-18T17:00:00,94899000.0,95046000.0,94323000.0,94840000.0,47.54093829
2026-06-18T18:00:00,94877000.0,95300000.0,94789000.0,94952000.0,24.3738366
2026-06-18T19:00:00,94952000.0,95297000.0,94870000.0,95213000.0,13.9306499
2026-06-18T20:00:00,95284000.0,95627000.0,95231000.0,95341000.0,38.10595527
2026-06-18T21:00:00,95335000.0,95366000.0,95000000.0,95162000.0,24.74722907
2026-06-18T22:00:00,95161000.0,95162000.0,94746000.0,94951000.0,59.41838519
2026-06-18T23:00:00,94976000.0,94995000.0,94750000.0,94988000.0,60.26872489
2026-06-19T00:00:00,94988000.0,95162000.0,94797000.0,95104000.0,69.02618362
2026-06-19T01:00:00,95105000.0,95163000.0,94862000.0,95159000.0,55.13479224
2026-06-19T02:00:00,95159000.0,95302000.0,95000000.0,95146000.0,34.50498692
2026-06-19T03:00:00,95147000.0,95166000.0,94300000.0,94692000.0,90.76017717
2026-06-19T04:00:00,94680000.0,94836000.0,94040000.0,94119000.0,85.69422171
2026-06-19T05:00:00,94119000.0,94600000.0,94084000.0,94600000.0,55.79148243
2026-06-19T06:00:00,94600000.0,94694000.0,94445000.0,94675000.0,59.59369609
2026-06-19T07:00:00,94673000.0,94745000.0,94109000.0,94409000.0,34.48702804
2026-06-19T08:00:00,94409000.0,94572000.0,94233000.0,94387000.0,29.60443904
2026-06-19T09:00:00,94387000.0,94468000.0,94046000.0,94175000.0,35.91475281
2026-06-19T10:00:00,94176000.0,94477000.0,94100000.0,94400000.0,22.20209301
2026-06-19T11:00:00,94400000.0,94732000.0,94300000.0,94596000.0,26.39210488
2026-06-19T12:00:00,94596000.0,95000000.0,94216000.0,94877000.0,40.71795601
2026-06-19T13:00:00,94877000.0,95732000.0,94696000.0,95553000.0,69.6721468
2026-06-19T14:00:00,95553000.0,95781000.0,95256000.0,95508000.0,44.11066066
2026-06-19T15:00:00,95508000.0,95550000.0,95064000.0,95400000.0,33.97179928
2026-06-19T16:00:00,95422000.0,95658000.0,95100000.0,95138000.0,11.3207997
2026-06-19T17:00:00,95138000.0,95476000.0,94980000.0,95364000.0,13.61501252
2026-06-19T18:00:00,95364000.0,95413000.0,95109000.0,95205000.0,6.4603204
2026-06-19T19:00:00,95298000.0,95380000.0,95072000.0,95213000.0,7.86167224
2026-06-19T20:00:00,95220000.0,95553000.0,95121000.0,95536000.0,6.97647958
2026-06-19T21:00:00,95536000.0,95600000.0,95200000.0,95270000.0,12.87541249
2026-06-19T22:00:00,95296000.0,95725000.0,95270000.0,95722000.0,19.14402106
2026-06-19T23:00:00,95722000.0,96199000.0,95625000.0,96102000.0,26.56998085
2026-06-20T00:00:00,96074000.0,96405000.0,95902000.0,96095000.0,55.48260935
2026-06-20T01:00:00,96112000.0,96293000.0,95912000.0,96212000.0,31.02416073
2026-06-20T02:00:00,96212000.0,96245000.0,95850000.0,95875000.0,22.85081103
2026-06-20T03:00:00,95875000.0,96150000.0,95850000.0,96086000.0,14.21256097
2026-06-20T04:00:00,96086000.0,96268000.0,96007000.0,96198000.0,13.55946893
2026-06-20T05:00:00,96213000.0,96584000.0,96146000.0,96309000.0,30.79237456
2026-06-20T06:00:00,96309000.0,96505000.0,96309000.0,96473000.0,25.69567972
2026-06-20T07:00:00,96502000.0,96580000.0,96320000.0,96370000.0,22.60521723
2026-06-20T08:00:00,96370000.0,96400000.0,95925000.0,95972000.0,25.19435546
2026-06-20T09:00:00,95976000.0,96487000.0,95972000.0,96457000.0,30.84732482
2026-06-20T10:00:00,96441000.0,96513000.0,96187000.0,96304000.0,10.69060596
2026-06-20T11:00:00,96304000.0,96500000.0,96286000.0,96446000.0,11.81121881
2026-06-20T12:00:00,96421000.0,96514000.0,96168000.0,96256000.0,20.10791545
2026-06-20T13:00:00,96256000.0,96257000.0,95698000.0,95918000.0,43.91115129
2026-06-20T14:00:00,95917000.0,96860000.0,95600000.0,96649000.0,46.31643807
2026-06-20T15:00:00,96648000.0,97220000.0,96500000.0,96879000.0,44.44700989
2026-06-20T16:00:00,96880000.0,96880000.0,96600000.0,96726000.0,17.91856546
2026-06-20T17:00:00,96792000.0,96799000.0,96400000.0,96587000.0,9.40836562
2026-06-20T18:00:00,96580000.0,96639000.0,96449000.0,96452000.0,6.35552797
2026-06-20T19:00:00,96520000.0,96700000.0,96465000.0,96700000.0,5.84535415
2026-06-20T20:00:00,96700000.0,96810000.0,96573000.0,96628000.0,9.12577234
2026-06-20T21:00:00,96673000.0,96913000.0,96628000.0,96800000.0,14.1399246
2026-06-20T22:00:00,96861000.0,97216000.0,96791000.0,97105000.0,29.97278735
2026-06-20T23:00:00,97105000.0,97332000.0,97080000.0,97291000.0,18.64769178
2026-06-21T00:00:00,97261000.0,97380000.0,97209000.0,97335000.0,30.39327053
2026-06-21T01:00:00,97288000.0,97336000.0,97211000.0,97297000.0,20.0563381
2026-06-21T02:00:00,97254000.0,97302000.0,97138000.0,97181000.0,15.60294062
2026-06-21T03:00:00,97167000.0,97500000.0,97118000.0,97461000.0,34.7676774
2026-06-21T04:00:00,97461000.0,97593000.0,97161000.0,97161000.0,23.9550811
2026-06-21T05:00:00,97163000.0,97354000.0,97101000.0,97101000.0,28.79412187
2026-06-21T06:00:00,97108000.0,97232000.0,97065000.0,97179000.0,13.50986796
2026-06-21T07:00:00,97179000.0,97179000.0,96905000.0,96940000.0,15.4437549
2026-06-21T08:00:00,96989000.0,96991000.0,96498000.0,96648000.0,37.12968222
2026-06-21T09:00:00,96671000.0,96912000.0,96536000.0,96900000.0,20.75533171
2026-06-21T10:00:00,96898000.0,97204000.0,96853000.0,97162000.0,18.18520704
2026-06-21T11:00:00,97161000.0,97243000.0,96793000.0,96859000.0,22.3214376
2026-06-21T12:00:00,96895000.0,97049000.0,96616000.0,96936000.0,30.59735887
2026-06-21T13:00:00,96980000.0,96980000.0,96614000.0,96802000.0,14.05921214
2026-06-21T14:00:00,96810000.0,96810000.0,96550000.0,96692000.0,17.51247349
2026-06-21T15:00:00,96755000.0,96939000.0,96673000.0,96674000.0,15.63580052
2026-06-21T16:00:00,96675000.0,96750000.0,96487000.0,96600000.0,16.63758627
2026-06-21T17:00:00,96600000.0,96755000.0,96541000.0,96737000.0,12.30528202
2026-06-21T18:00:00,96737000.0,96800000.0,96460000.0,96773000.0,8.02869263
2026-06-21T19:00:00,96773000.0,96864000.0,96673000.0,96700000.0,13.86200194
2026-06-21T20:00:00,96759000.0,96774000.0,96046000.0,96269000.0,23.64080065
2026-06-21T21:00:00,96279000.0,96532000.0,95900000.0,96244000.0,34.13168935
2026-06-21T22:00:00,96243000.0,96312000.0,95938000.0,96176000.0,35.10847581
2026-06-21T23:00:00,96176000.0,96176000.0,95300000.0,95395000.0,85.05956299
2026-06-22T00:00:00,95395000.0,96478000.0,95300000.0,96250000.0,64.90478372
2026-06-22T01:00:00,96250000.0,97400000.0,96150000.0,97300000.0,94.94285991
2026-06-22T02:00:00,97323000.0,97328000.0,96860000.0,96860000.0,43.59405744
2026-06-22T03:00:00,96870000.0,97104000.0,96330000.0,96458000.0,49.93844427
2026-06-22T04:00:00,96457000.0,96600000.0,96320000.0,96596000.0,38.44862329
2026-06-22T05:00:00,96596000.0,96859000.0,96544000.0,96775000.0,34.43607885
2026-06-22T06:00:00,96775000.0,96900000.0,96500000.0,96544000.0,25.89374614
2026-06-22T07:00:00,96564000.0,97055000.0,96505000.0,96825000.0,36.51969682
2026-06-22T08:00:00,96817000.0,96999000.0,96614000.0,96719000.0,21.42879977
2026-06-22T09:00:00,96719000.0,96883000.0,96660000.0,96728000.0,12.35151204
2026-06-22T10:00:00,96701000.0,96892000.0,96575000.0,96639000.0,21.32141198
2026-06-22T11:00:00,96639000.0,97488000.0,96559000.0,97369000.0,62.113014
2026-06-22T12:00:00,97366000.0,98222000.0,97290000.0,98101000.0,113.23768688
2026-06-22T13:00:00,98136000.0,98597000.0,97700000.0,98580000.0,104.20586399
2026-06-22T14:00:00,98574000.0,98625000.0,97746000.0,97880000.0,69.02739153
2026-06-22T15:00:00,97900000.0,98088000.0,97590000.0,97646000.0,28.27552682
2026-06-22T16:00:00,97647000.0,97724000.0,97294000.0,97562000.0,28.53871415
2026-06-22T17:00:00,97565000.0,97648000.0,97140000.0,97472000.0,13.85478456
2026-06-22T18:00:00,97470000.0,97604000.0,97000000.0,97000000.0,11.03607696
2026-06-22T19:00:00,97072000.0,97290000.0,96980000.0,97275000.0,10.52409669
2026-06-22T20:00:00,97228000.0,97536000.0,97087000.0,97150000.0,17.00151144
2026-06-22T21:00:00,97233000.0,97267000.0,96851000.0,97043000.0,21.01572003
2026-06-22T22:00:00,97043000.0,97217000.0,96470000.0,96724000.0,53.29670796
2026-06-22T23:00:00,96724000.0,96764000.0,96518000.0,96640000.0,29.55253071
2026-06-23T00:00:00,96640000.0,96800000.0,96345000.0,96785000.0,58.0600699
2026-06-23T01:00:00,96797000.0,97000000.0,96361000.0,96713000.0,56.31627318
2026-06-23T02:00:00,96685000.0,96740000.0,96500000.0,96625000.0,53.99386971
2026-06-23T03:00:00,96625000.0,96655000.0,96154000.0,96281000.0,52.20375999
2026-06-23T04:00:00,96281000.0,96350000.0,95640000.0,95661000.0,65.27559685
2026-06-23T05:00:00,95661000.0,95833000.0,95200000.0,95202000.0,97.55124846
2026-06-23T06:00:00,95202000.0,95205000.0,94210000.0,94837000.0,161.37695059
2026-06-23T07:00:00,94837000.0,95100000.0,94767000.0,94800000.0,42.46558718
2026-06-23T08:00:00,94768000.0,94851000.0,93569000.0,94065000.0,189.12594425
2026-06-23T09:00:00,94065000.0,94376000.0,94039000.0,94089000.0,42.30172871
2026-06-23T10:00:00,94089000.0,94333000.0,93806000.0,93998000.0,52.65631328
2026-06-23T11:00:00,93998000.0,94595000.0,93960000.0,94461000.0,43.80336411
2026-06-23T12:00:00,94461000.0,94515000.0,93952000.0,94000000.0,35.62850375
2026-06-23T13:00:00,93997000.0,94350000.0,93600000.0,94306000.0,70.9179678
2026-06-23T14:00:00,94269000.0,94851000.0,94225000.0,94319000.0,46.23336571
2026-06-23T15:00:00,94319000.0,94420000.0,94000000.0,94289000.0,25.43696969
2026-06-23T16:00:00,94317000.0,94800000.0,94191000.0,94495000.0,14.00256036
2026-06-23T17:00:00,94457000.0,94685000.0,94090000.0,94138000.0,15.33836505
2026-06-23T18:00:00,94138000.0,94272000.0,93863000.0,94055000.0,14.4444008
2026-06-23T19:00:00,94055000.0,94325000.0,93977000.0,94227000.0,11.3989194
2026-06-23T20:00:00,94170000.0,94439000.0,94170000.0,94346000.0,10.04669112
2026-06-23T21:00:00,94346000.0,94598000.0,94304000.0,94539000.0,20.96768738
2026-06-23T22:00:00,94512000.0,94784000.0,94304000.0,94390000.0,36.81631727
2026-06-23T23:00:00,94390000.0,94576000.0,94203000.0,94490000.0,37.30555464
2026-06-24T00:00:00,94490000.0,94950000.0,94404000.0,94919000.0,55.45948631
2026-06-24T01:00:00,94919000.0,94998000.0,94536000.0,94774000.0,37.40289301
2026-06-24T02:00:00,94752000.0,94838000.0,94253000.0,94253000.0,39.40608283
2026-06-24T03:00:00,94253000.0,94531000.0,94000000.0,94473000.0,41.14873188
2026-06-24T04:00:00,94400000.0,94559000.0,94185000.0,94556000.0,41.84490027
2026-06-24T05:00:00,94556000.0,95000000.0,94500000.0,94808000.0,24.42848206
2026-06-24T06:00:00,94806000.0,94808000.0,94585000.0,94684000.0,18.29870326
2026-06-24T07:00:00,94684000.0,94777000.0,94550000.0,94596000.0,21.60105493
2026-06-24T08:00:00,94595000.0,94809000.0,94550000.0,94799000.0,15.31116149
2026-06-24T09:00:00,94799000.0,94800000.0,94640000.0,94779000.0,16.24195822
2026-06-24T10:00:00,94778000.0,94778000.0,94420000.0,94463000.0,25.95210328
2026-06-24T11:00:00,94473000.0,95448000.0,94300000.0,95049000.0,48.87747643
2026-06-24T12:00:00,95049000.0,95200000.0,94689000.0,94741000.0,36.22418073
2026-06-24T13:00:00,94741000.0,94741000.0,92975000.0,93050000.0,232.56342657
2026-06-24T14:00:00,93050000.0,93223000.0,92500000.0,92750000.0,204.15912812
2026-06-24T15:00:00,92750000.0,92781000.0,91710000.0,91744000.0,259.44242288
2026-06-24T16:00:00,91744000.0,92260000.0,91006000.0,91325000.0,230.78828451
2026-06-24T17:00:00,91325000.0,91571000.0,90500000.0,90939000.0,269.84957767
2026-06-24T18:00:00,90939000.0,91446000.0,90743000.0,91010000.0,92.15699485
2026-06-24T19:00:00,91065000.0,91660000.0,90897000.0,91600000.0,63.47692373
2026-06-24T20:00:00,91600000.0,93177000.0,91479000.0,92715000.0,121.16318767
2026-06-24T21:00:00,92715000.0,92889000.0,92268000.0,92785000.0,64.90025998
2026-06-24T22:00:00,92784000.0,92999000.0,92269000.0,92318000.0,67.60378654
2026-06-24T23:00:00,92318000.0,92611000.0,92270000.0,92583000.0,69.90307396
2026-06-25T00:00:00,92583000.0,92850000.0,92255000.0,92332000.0,83.41925705
2026-06-25T01:00:00,92385000.0,92588000.0,92214000.0,92546000.0,55.26791448
2026-06-25T02:00:00,92537000.0,92601000.0,92240000.0,92353000.0,47.06824009
2026-06-25T03:00:00,92353000.0,92402000.0,92149000.0,92300000.0,54.24396697
2026-06-25T04:00:00,92300000.0,93000000.0,92251000.0,92990000.0,45.75666677
2026-06-25T05:00:00,92990000.0,93500000.0,92900000.0,93238000.0,87.30074963
2026-06-25T06:00:00,93240000.0,93542000.0,93238000.0,93430000.0,35.19152218
2026-06-25T07:00:00,93442000.0,93699000.0,93299000.0,93640000.0,39.651029
2026-06-25T08:00:00,93630000.0,93641000.0,93240000.0,93297000.0,31.62557575
2026-06-25T09:00:00,93297000.0,93400000.0,93158000.0,93343000.0,27.80808759
2026-06-25T10:00:00,93277000.0,93368000.0,92590000.0,92659000.0,34.35040562
2026-06-25T11:00:00,92648000.0,92939000.0,92317000.0,92855000.0,52.66183185
2026-06-25T12:00:00,92850000.0,93435000.0,92513000.0,92798000.0,58.19801825
2026-06-25T13:00:00,92814000.0,93000000.0,89390000.0,89496000.0,694.21972332
2026-06-25T14:00:00,89496000.0,92000000.0,89496000.0,90540000.0,478.59894402
2026-06-25T15:00:00,90515000.0,90876000.0,89800000.0,90779000.0,196.35756933
2026-06-25T16:00:00,90785000.0,91377000.0,90187000.0,90415000.0,64.82101086
2026-06-25T17:00:00,90416000.0,90958000.0,90150000.0,90852000.0,28.21776053
2026-06-25T18:00:00,90822000.0,90998000.0,90479000.0,90653000.0,22.57844306
2026-06-25T19:00:00,90723000.0,90724000.0,90072000.0,90300000.0,52.49720683
2026-06-25T20:00:00,90257000.0,90884000.0,90257000.0,90416000.0,46.37375095
2026-06-25T21:00:00,90450000.0,91499000.0,90450000.0,91482000.0,52.10864823
2026-06-25T22:00:00,91433000.0,91482000.0,90790000.0,90964000.0,50.89388061
2026-06-25T23:00:00,90963000.0,91300000.0,90817000.0,90890000.0,74.03698255
2026-06-26T00:00:00,90899000.0,91074000.0,90551000.0,90585000.0,80.42541129
2026-06-26T01:00:00,90585000.0,90756000.0,90002000.0,90282000.0,104.43597809
2026-06-26T02:00:00,90288000.0,90300000.0,89000000.0,89021000.0,373.77618468
2026-06-26T03:00:00,89128000.0,91234000.0,89000000.0,91060000.0,264.77911094
2026-06-26T04:00:00,91054000.0,91399000.0,90724000.0,90819000.0,100.21261966
2026-06-26T05:00:00,90866000.0,90997000.0,90586000.0,90812000.0,73.3000344
2026-06-26T06:00:00,90810000.0,91450000.0,90451000.0,91239000.0,72.88516229
2026-06-26T07:00:00,91239000.0,92000000.0,91235000.0,91739000.0,81.88871906
2026-06-26T08:00:00,91709000.0,91779000.0,91026000.0,91125000.0,42.92302877
2026-06-26T09:00:00,91198000.0,91219000.0,90316000.0,90553000.0,42.09836683
2026-06-26T10:00:00,90553000.0,90800000.0,89979000.0,90000000.0,63.03331029
2026-06-26T11:00:00,90000000.0,90433000.0,89990000.0,90197000.0,48.17028045
2026-06-26T12:00:00,90174000.0,91028000.0,89654000.0,90001000.0,91.08882921
2026-06-26T13:00:00,90001000.0,91291000.0,89100000.0,91236000.0,177.92932263
2026-06-26T14:00:00,91236000.0,91392000.0,90136000.0,90444000.0,74.33650289
2026-06-26T15:00:00,90486000.0,91600000.0,90394000.0,91330000.0,53.76900518
2026-06-26T16:00:00,91264000.0,91700000.0,90809000.0,90924000.0,37.867144
2026-06-26T17:00:00,90948000.0,91285000.0,90736000.0,90908000.0,16.21393524
2026-06-26T18:00:00,90870000.0,91110000.0,90195000.0,90316000.0,21.36172587
2026-06-26T19:00:00,90310000.0,90924000.0,90202000.0,90420000.0,12.22632401
2026-06-26T20:00:00,90420000.0,90807000.0,90200000.0,90395000.0,14.94572024
2026-06-26T21:00:00,90438000.0,90959000.0,90352000.0,90790000.0,19.16366766
2026-06-26T22:00:00,90785000.0,91077000.0,90545000.0,91064000.0,23.81085423
2026-06-26T23:00:00,91063000.0,91170000.0,90886000.0,91165000.0,16.82596554
2026-06-27T00:00:00,91165000.0,91285000.0,90800000.0,91038000.0,29.46262782
2026-06-27T01:00:00,91051000.0,91051000.0,90800000.0,90825000.0,19.33821229
2026-06-27T02:00:00,90800000.0,91501000.0,90777000.0,91426000.0,43.47624795
2026-06-27T03:00:00,91486000.0,91569000.0,91291000.0,91530000.0,34.51849369
2026-06-27T04:00:00,91461000.0,91777000.0,91401000.0,91449000.0,40.08734757
2026-06-27T05:00:00,91449000.0,91530000.0,91300000.0,91384000.0,17.14380687
2026-06-27T06:00:00,91372000.0,91755000.0,91173000.0,91601000.0,23.417645
2026-06-27T07:00:00,91603000.0,91830000.0,91470000.0,91828000.0,31.23158183
2026-06-27T08:00:00,91828000.0,91872000.0,91550000.0,91727000.0,16.82463098
2026-06-27T09:00:00,91727000.0,91727000.0,91431000.0,91653000.0,17.30568983
2026-06-27T10:00:00,91666000.0,91780000.0,91653000.0,91697000.0,14.36288286
2026-06-27T11:00:00,91697000.0,91762000.0,91326000.0,91572000.0,22.98456961
2026-06-27T12:00:00,91570000.0,91607000.0,91371000.0,91599000.0,13.27271798
2026-06-27T13:00:00,91599000.0,91950000.0,91557000.0,91863000.0,33.12443552
2026-06-27T14:00:00,91863000.0,91995000.0,91800000.0,91811000.0,19.9316124
2026-06-27T15:00:00,91821000.0,92300000.0,91805000.0,92122000.0,33.04890475
2026-06-27T16:00:00,92122000.0,92182000.0,91889000.0,92109000.0,10.35972117
2026-06-27T17:00:00,92109000.0,92109000.0,91651000.0,91756000.0,19.53528745
2026-06-27T18:00:00,91756000.0,91848000.0,91683000.0,91751000.0,7.99160314
2026-06-27T19:00:00,91778000.0,91889000.0,91206000.0,91337000.0,21.05204729
2026-06-27T20:00:00,91338000.0,91577000.0,91314000.0,91560000.0,9.15265391
2026-06-27T21:00:00,91566000.0,91858000.0,91385000.0,91428000.0,11.53706553
2026-06-27T22:00:00,91426000.0,91498000.0,91000000.0,91475000.0,36.54319699
2026-06-27T23:00:00,91475000.0,91598000.0,91021000.0,91144000.0,22.82343878
2026-06-28T00:00:00,91130000.0,91303000.0,91047000.0,91268000.0,16.36018003
2026-06-28T01:00:00,91268000.0,91460000.0,91047000.0,91410000.0,22.40846583
2026-06-28T02:00:00,91395000.0,91555000.0,91150000.0,91297000.0,12.89383112
2026-06-28T03:00:00,91297000.0,91445000.0,91251000.0,91362000.0,11.8188231
2026-06-28T04:00:00,91308000.0,91390000.0,91203000.0,91316000.0,13.85104507
2026-06-28T05:00:00,91316000.0,91317000.0,90756000.0,90950000.0,38.9773365
2026-06-28T06:00:00,90950000.0,91018000.0,90780000.0,90990000.0,15.99150551
2026-06-28T07:00:00,90990000.0,91347000.0,90967000.0,91291000.0,13.89295104
2026-06-28T08:00:00,91291000.0,91700000.0,91148000.0,91498000.0,27.01081389
2026-06-28T09:00:00,91498000.0,91612000.0,91290000.0,91297000.0,13.87644975
2026-06-28T10:00:00,91297000.0,91389000.0,91042000.0,91174000.0,12.63984862
2026-06-28T11:00:00,91176000.0,91473000.0,91171000.0,91366000.0,12.17460306
2026-06-28T12:00:00,91412000.0,91549000.0,91233000.0,91389000.0,17.96372996
2026-06-28T13:00:00,91391000.0,91391000.0,90954000.0,91110000.0,26.58209917
2026-06-28T14:00:00,91110000.0,91279000.0,90953000.0,90953000.0,16.1162564
2026-06-28T15:00:00,90954000.0,91050000.0,90630000.0,90643000.0,23.4965865
2026-06-28T16:00:00,90642000.0,90725000.0,90358000.0,90477000.0,40.57632553
2026-06-28T17:00:00,90477000.0,90725000.0,90136000.0,90387000.0,23.14611414
2026-06-28T18:00:00,90453000.0,90576000.0,90276000.0,90455000.0,10.13309293
2026-06-28T19:00:00,90449000.0,90464000.0,90000000.0,90247000.0,24.38192315
2026-06-28T20:00:00,90247000.0,90590000.0,90194000.0,90415000.0,12.00206981
2026-06-28T21:00:00,90414000.0,90550000.0,90066000.0,90177000.0,29.16242076
2026-06-28T22:00:00,90162000.0,90771000.0,89550000.0,89740000.0,127.37212442
2026-06-28T23:00:00,89744000.0,90678000.0,89700000.0,90224000.0,61.20521091
2026-06-29T00:00:00,90240000.0,90465000.0,89600000.0,90376000.0,119.46945479
2026-06-29T01:00:00,90376000.0,90400000.0,89736000.0,90102000.0,59.10406319
2026-06-29T02:00:00,90102000.0,90600000.0,89454000.0,90517000.0,106.52480442
2026-06-29T03:00:00,90516000.0,91120000.0,90507000.0,90915000.0,89.5641871
2026-06-29T04:00:00,90915000.0,90924000.0,90560000.0,90655000.0,39.0529018
2026-06-29T05:00:00,90655000.0,91000000.0,90098000.0,91000000.0,42.39254993
2026-06-29T06:00:00,91000000.0,91300000.0,90932000.0,90933000.0,52.20337744
2026-06-29T07:00:00,90941000.0,91097000.0,90782000.0,90944000.0,18.47690602
2026-06-29T08:00:00,90944000.0,90990000.0,90586000.0,90759000.0,23.4898025
2026-06-29T09:00:00,90758000.0,91047000.0,90685000.0,91000000.0,20.4817061
2026-06-29T10:00:00,90994000.0,91300000.0,90971000.0,91000000.0,38.29429495
2026-06-29T11:00:00,91006000.0,91187000.0,90709000.0,90858000.0,31.18298929
2026-06-29T12:00:00,90854000.0,91960000.0,90370000.0,90866000.0,130.36033751
2026-06-29T13:00:00,90866000.0,91364000.0,90064000.0,90408000.0,87.07997885
2026-06-29T14:00:00,90408000.0,90644000.0,89700000.0,90263000.0,105.80511404
2026-06-29T15:00:00,90300000.0,90924000.0,89851000.0,90700000.0,43.702813
2026-06-29T16:00:00,90700000.0,90966000.0,90381000.0,90811000.0,15.21415502
2026-06-29T17:00:00,90811000.0,91795000.0,90798000.0,91441000.0,45.41270535
2026-06-29T18:00:00,91367000.0,91505000.0,91060000.0,91230000.0,15.96016697
2026-06-29T19:00:00,91230000.0,91503000.0,91036000.0,91422000.0,12.43293793
2026-06-29T20:00:00,91350000.0,91541000.0,91120000.0,91122000.0,21.187473
2026-06-29T21:00:00,91143000.0,91506000.0,91104000.0,91436000.0,31.49446278
2026-06-29T22:00:00,91394000.0,91436000.0,91180000.0,91251000.0,26.99168159
2026-06-29T23:00:00,91251000.0,91276000.0,91059000.0,91106000.0,24.58670806
2026-06-30T00:00:00,91135000.0,91187000.0,90501000.0,90699000.0,52.24306394
2026-06-30T01:00:00,90700000.0,91069000.0,90630000.0,90793000.0,39.3558215
2026-06-30T02:00:00,90793000.0,91062000.0,90569000.0,90936000.0,27.07306737
2026-06-30T03:00:00,90936000.0,91016000.0,90476000.0,90512000.0,38.45593678
2026-06-30T04:00:00,90509000.0,90616000.0,90306000.0,90394000.0,46.01972213
2026-06-30T05:00:00,90374000.0,90569000.0,90200000.0,90522000.0,39.31902691
2026-06-30T06:00:00,90508000.0,90587000.0,90396000.0,90493000.0,21.61299797
2026-06-30T07:00:00,90500000.0,90551000.0,90300000.0,90405000.0,23.88375139
2026-06-30T08:00:00,90404000.0,90405000.0,90062000.0,90186000.0,38.00302356
2026-06-30T09:00:00,90186000.0,90381000.0,90132000.0,90353000.0,25.57804346
2026-06-30T10:00:00,90359000.0,90434000.0,90192000.0,90278000.0,28.7474618
2026-06-30T11:00:00,90303000.0,90350000.0,90060000.0,90135000.0,37.98111619
2026-06-30T12:00:00,90137000.0,90137000.0,89280000.0,89282000.0,189.63124944
2026-06-30T13:00:00,89286000.0,89622000.0,89098000.0,89576000.0,172.11383288
2026-06-30T14:00:00,89573000.0,90216000.0,89163000.0,89248000.0,111.91630501
2026-06-30T15:00:00,89253000.0,89690000.0,89000000.0,89016000.0,96.05261037
2026-06-30T16:00:00,89016000.0,89392000.0,89005000.0,89348000.0,33.0437132
2026-06-30T17:00:00,89355000.0,89467000.0,89086000.0,89275000.0,16.38653286
2026-06-30T18:00:00,89247000.0,89481000.0,89076000.0,89408000.0,17.50136319
2026-06-30T19:00:00,89408000.0,89648000.0,89289000.0,89594000.0,18.25015203
2026-06-30T20:00:00,89594000.0,89727000.0,89440000.0,89497000.0,25.66653486
2026-06-30T21:00:00,89497000.0,89510000.0,89165000.0,89446000.0,37.25880224
2026-06-30T22:00:00,89428000.0,89537000.0,89200000.0,89299000.0,38.79599075
2026-06-30T23:00:00,89299000.0,89382000.0,89226000.0,89290000.0,42.34826626
2026-07-01T00:00:00,89348000.0,89382000.0,89000000.0,89292000.0,103.72973288
2026-07-01T01:00:00,89296000.0,89999000.0,88770000.0,89725000.0,219.25546914
2026-07-01T02:00:00,89676000.0,90090000.0,89500000.0,90000000.0,94.23806507
2026-07-01T03:00:00,90017000.0,90250000.0,89682000.0,90095000.0,45.55371748
2026-07-01T04:00:00,90095000.0,90396000.0,89930000.0,90215000.0,43.44498094
2026-07-01T05:00:00,90215000.0,90248000.0,89870000.0,89897000.0,32.1287314
2026-07-01T06:00:00,89894000.0,89930000.0,89155000.0,89500000.0,66.8239988
2026-07-01T07:00:00,89493000.0,89610000.0,89311000.0,89584000.0,36.9064605
2026-07-01T08:00:00,89575000.0,89800000.0,89230000.0,89800000.0,33.3171558
2026-07-01T09:00:00,89800000.0,89955000.0,89667000.0,89826000.0,26.92547133
2026-07-01T10:00:00,89820000.0,89827000.0,89393000.0,89416000.0,22.5033017
2026-07-01T11:00:00,89414000.0,89617000.0,89351000.0,89397000.0,21.63323988
2026-07-01T12:00:00,89397000.0,89489000.0,89076000.0,89293000.0,56.92110051
2026-07-01T13:00:00,89324000.0,90493000.0,89320000.0,90452000.0,116.49283217
2026-07-01T14:00:00,90479000.0,91200000.0,90228000.0,90467000.0,166.39194492
2026-07-01T15:00:00,90451000.0,91770000.0,90450000.0,91188000.0,95.75987897
2026-07-01T16:00:00,91239000.0,91374000.0,90790000.0,90876000.0,30.95210093
2026-07-01T17:00:00,90879000.0,91388000.0,90700000.0,91299000.0,22.1850259
2026-07-01T18:00:00,91299000.0,91496000.0,91000000.0,91338000.0,26.87140074
2026-07-01T19:00:00,91337000.0,91500000.0,91033000.0,91087000.0,19.85635012
2026-07-01T20:00:00,91052000.0,91312000.0,90800000.0,91254000.0,22.48698225
2026-07-01T21:00:00,91254000.0,92239000.0,91238000.0,92217000.0,96.80145725
2026-07-01T22:00:00,92217000.0,92890000.0,91648000.0,91790000.0,110.55261043
2026-07-01T23:00:00,91795000.0,91795000.0,91060000.0,91116000.0,68.86607601
2026-07-02T00:00:00,91163000.0,91221000.0,90500000.0,90630000.0,87.78878109
2026-07-02T01:00:00,90630000.0,91460000.0,90620000.0,91306000.0,76.62349149
2026-07-02T02:00:00,91306000.0,91700000.0,91022000.0,91616000.0,37.4399996
2026-07-02T03:00:00,91616000.0,92543000.0,91397000.0,92425000.0,71.45139411
2026-07-02T04:00:00,92424000.0,92425000.0,91942000.0,92103000.0,50.89985506
2026-07-02T05:00:00,92103000.0,92226000.0,91689000.0,91689000.0,45.37066906
2026-07-02T06:00:00,91689000.0,91836000.0,91299000.0,91336000.0,59.3096043
2026-07-02T07:00:00,91364000.0,91364000.0,91056000.0,91121000.0,33.02125503
2026-07-02T08:00:00,91117000.0,91677000.0,91111000.0,91614000.0,24.72521234
2026-07-02T09:00:00,91616000.0,92800000.0,91470000.0,92584000.0,110.19483283
2026-07-02T10:00:00,92550000.0,92712000.0,92335000.0,92670000.0,50.5491269
2026-07-02T11:00:00,92671000.0,92823000.0,92453000.0,92770000.0,56.25497516
2026-07-02T12:00:00,92767000.0,92998000.0,92429000.0,92990000.0,73.31189243
2026-07-02T13:00:00,92990000.0,93638000.0,92900000.0,93480000.0,171.66298811
2026-07-02T14:00:00,93486000.0,93835000.0,92611000.0,93044000.0,110.96670262
2026-07-02T15:00:00,93110000.0,93258000.0,92699000.0,92912000.0,52.50331371
2026-07-02T16:00:00,92919000.0,93247000.0,92381000.0,93134000.0,34.76462173
2026-07-02T17:00:00,93134000.0,93465000.0,93033000.0,93033000.0,15.54674103
2026-07-02T18:00:00,93031000.0,93413000.0,93013000.0,93128000.0,10.05253639
2026-07-02T19:00:00,93128000.0,93246000.0,92704000.0,92704000.0,17.4096347
2026-07-02T20:00:00,92703000.0,93021000.0,92610000.0,93020000.0,17.42960843
2026-07-02T21:00:00,93020000.0,93100000.0,92881000.0,93000000.0,17.21143586
2026-07-02T22:00:00,92992000.0,93000000.0,92712000.0,92866000.0,19.16186283
2026-07-02T23:00:00,92867000.0,92994000.0,92601000.0,92950000.0,30.57338178
2026-07-03T00:00:00,92950000.0,93016000.0,92475000.0,92496000.0,60.81134628
2026-07-03T01:00:00,92496000.0,93242000.0,92430000.0,92998000.0,62.53204827
2026-07-03T02:00:00,92998000.0,93082000.0,92570000.0,92790000.0,26.74348645
2026-07-03T03:00:00,92790000.0,93057000.0,92655000.0,92800000.0,28.04167145
2026-07-03T04:00:00,92790000.0,92884000.0,92714000.0,92863000.0,26.4042543
2026-07-03T05:00:00,92862000.0,93295000.0,92800000.0,93280000.0,37.1041396
2026-07-03T06:00:00,93256000.0,93360000.0,92849000.0,92984000.0,54.1435509
2026-07-03T07:00:00,92984000.0,93209000.0,92923000.0,93080000.0,23.06738405
2026-07-03T08:00:00,93080000.0,93252000.0,92797000.0,92799000.0,32.16307344
2026-07-03T09:00:00,92799000.0,93173000.0,92739000.0,93120000.0,31.59228356
2026-07-03T10:00:00,93120000.0,93442000.0,93031000.0,93407000.0,28.12973993
2026-07-03T11:00:00,93407000.0,93600000.0,93250000.0,93578000.0,40.17175968
2026-07-03T12:00:00,93545000.0,93716000.0,93340000.0,93460000.0,50.58657131
2026-07-03T13:00:00,93460000.0,93799000.0,93410000.0,93699000.0,29.43879587
2026-07-03T14:00:00,93666000.0,93767000.0,93029000.0,93671000.0,49.03161425
2026-07-03T15:00:00,93671000.0,93970000.0,93182000.0,93301000.0,60.111095
2026-07-03T16:00:00,93301000.0,93550000.0,93300000.0,93550000.0,10.74715342
2026-07-03T17:00:00,93550000.0,93800000.0,93521000.0,93664000.0,11.26030377
2026-07-03T18:00:00,93664000.0,93725000.0,93526000.0,93710000.0,4.98257512
2026-07-03T19:00:00,93710000.0,93800000.0,93598000.0,93674000.0,13.03163231
2026-07-03T20:00:00,93644000.0,94500000.0,93616000.0,94399000.0,74.68768463
2026-07-03T21:00:00,94438000.0,94850000.0,94132000.0,94528000.0,55.02147509
2026-07-03T22:00:00,94500000.0,94530000.0,94272000.0,94319000.0,34.15168051
2026-07-03T23:00:00,94340000.0,94508000.0,94291000.0,94387000.0,37.26110548
2026-07-04T00:00:00,94392000.0,94850000.0,94387000.0,94718000.0,52.98857717
2026-07-04T01:00:00,94719000.0,94719000.0,94108000.0,94117000.0,53.08833369
2026-07-04T02:00:00,94117000.0,94319000.0,94117000.0,94300000.0,19.27646977
2026-07-04T03:00:00,94319000.0,94684000.0,94255000.0,94556000.0,43.12499484
2026-07-04T04:00:00,94556000.0,94700000.0,94496000.0,94620000.0,29.72493096
2026-07-04T05:00:00,94648000.0,94648000.0,94320000.0,94389000.0,27.40841889
2026-07-04T06:00:00,94390000.0,94455000.0,94180000.0,94411000.0,19.36237583
2026-07-04T07:00:00,94411000.0,94565000.0,94383000.0,94560000.0,17.33717702
2026-07-04T08:00:00,94500000.0,94562000.0,94363000.0,94437000.0,19.83799463
2026-07-04T09:00:00,94437000.0,94508000.0,94237000.0,94310000.0,23.42804494
2026-07-04T10:00:00,94310000.0,94395000.0,94247000.0,94393000.0,11.75022424
2026-07-04T11:00:00,94393000.0,94449000.0,94302000.0,94379000.0,10.95319488
2026-07-04T12:00:00,94380000.0,94570000.0,94379000.0,94563000.0,18.50731262
2026-07-04T13:00:00,94563000.0,94674000.0,94446000.0,94504000.0,21.27266734
2026-07-04T14:00:00,94531000.0,94702000.0,94530000.0,94602000.0,26.01303852
2026-07-04T15:00:00,94650000.0,95000000.0,94601000.0,94940000.0,47.17659857
2026-07-04T16:00:00,94940000.0,94945000.0,94716000.0,94817000.0,20.82715434
2026-07-04T17:00:00,94845000.0,95460000.0,94700000.0,95359000.0,40.01766201
2026-07-04T18:00:00,95359000.0,95383000.0,95066000.0,95176000.0,9.63554751
2026-07-04T19:00:00,95177000.0,95590000.0,95176000.0,95486000.0,21.77239742
2026-07-04T20:00:00,95486000.0,95600000.0,95262000.0,95450000.0,19.16528505
2026-07-04T21:00:00,95488000.0,95700000.0,95416000.0,95538000.0,18.30769526
2026-07-04T22:00:00,95538000.0,95594000.0,95339000.0,95345000.0,17.65153932
2026-07-04T23:00:00,95371000.0,95440000.0,94905000.0,95242000.0,45.59611448
2026-07-05T00:00:00,95265000.0,95266000.0,94810000.0,94950000.0,48.64182886
2026-07-05T01:00:00,94950000.0,95040000.0,94590000.0,94645000.0,36.53365456
2026-07-05T02:00:00,94645000.0,94680000.0,94254000.0,94325000.0,38.56579112
2026-07-05T03:00:00,94371000.0,94598000.0,94329000.0,94598000.0,14.95435991
2026-07-05T04:00:00,94598000.0,94816000.0,94529000.0,94704000.0,16.98024544
2026-07-05T05:00:00,94708000.0,94740000.0,94560000.0,94656000.0,14.83016375
2026-07-05T06:00:00,94672000.0,94756000.0,94582000.0,94700000.0,10.55848631
2026-07-05T07:00:00,94714000.0,95055000.0,94634000.0,95054000.0,22.80057545
2026-07-05T08:00:00,95055000.0,95135000.0,94950000.0,94958000.0,15.73091766
2026-07-05T09:00:00,94958000.0,94971000.0,94343000.0,94569000.0,33.34667584
2026-07-05T10:00:00,94585000.0,94735000.0,94493000.0,94712000.0,12.22842988
2026-07-05T11:00:00,94712000.0,94747000.0,94500000.0,94527000.0,15.03880838
2026-07-05T12:00:00,94527000.0,94660000.0,94400000.0,94600000.0,17.2611482
2026-07-05T13:00:00,94599000.0,94639000.0,94494000.0,94615000.0,15.7654844
2026-07-05T14:00:00,94605000.0,94618000.0,94418000.0,94550000.0,16.41289002
2026-07-05T15:00:00,94526000.0,94734000.0,94387000.0,94489000.0,34.20884861
2026-07-05T16:00:00,94488000.0,94499000.0,94255000.0,94255000.0,15.01232013
2026-07-05T17:00:00,94256000.0,94256000.0,94256000.0,94256000.0,0.00053039
2026-07-05T21:00:00,94256000.0,95005000.0,94255000.0,94832000.0,37.9445009
2026-07-05T22:00:00,94830000.0,96000000.0,94723000.0,95728000.0,113.35256202
2026-07-05T23:00:00,95715000.0,96100000.0,95500000.0,95672000.0,74.31625753
2026-07-06T00:00:00,95673000.0,95990000.0,95452000.0,95970000.0,56.29275068
2026-07-06T01:00:00,95980000.0,96150000.0,95725000.0,95730000.0,51.63079071
2026-07-06T02:00:00,95730000.0,95892000.0,95402000.0,95534000.0,42.00543113
2026-07-06T03:00:00,95492000.0,95580000.0,95000000.0,95264000.0,47.72023128
2026-07-06T04:00:00,95264000.0,95500000.0,95118000.0,95293000.0,33.71202823
2026-07-06T05:00:00,95293000.0,95310000.0,94800000.0,95061000.0,35.75255447
2026-07-06T06:00:00,95068000.0,95068000.0,94817000.0,94901000.0,27.34087385
2026-07-06T07:00:00,94905000.0,95056000.0,94700000.0,95054000.0,23.20394311
2026-07-06T08:00:00,95030000.0,95218000.0,94727000.0,94758000.0,31.03070654
2026-07-06T09:00:00,94783000.0,94824000.0,94400000.0,94420000.0,36.45783169
2026-07-06T10:00:00,94420000.0,94854000.0,94401000.0,94538000.0,25.75549312
2026-07-06T11:00:00,94571000.0,94789000.0,94000000.0,94111000.0,49.87127042
2026-07-06T12:00:00,94111000.0,94111000.0,92908000.0,93045000.0,174.63925608
2026-07-06T13:00:00,93045000.0,93446000.0,92513000.0,93131000.0,144.63081856
2026-07-06T14:00:00,93120000.0,93986000.0,93068000.0,93444000.0,58.14747321
2026-07-06T15:00:00,93489000.0,95555000.0,93445000.0,95525000.0,88.02071101
2026-07-06T16:00:00,95525000.0,96100000.0,95214000.0,95678000.0,87.49379355
2026-07-06T17:00:00,95678000.0,95950000.0,95342000.0,95370000.0,34.25386314
2026-07-06T18:00:00,95356000.0,95900000.0,95347000.0,95594000.0,15.27300243
2026-07-06T19:00:00,95594000.0,95824000.0,95470000.0,95689000.0,17.37390674
2026-07-06T20:00:00,95652000.0,95887000.0,95391000.0,95820000.0,21.82897141
2026-07-06T21:00:00,95822000.0,97000000.0,95767000.0,96743000.0,119.51743955
2026-07-06T22:00:00,96745000.0,96800000.0,96327000.0,96395000.0,56.50735157
2026-07-06T23:00:00,96395000.0,96525000.0,96011000.0,96040000.0,35.21145869
2026-07-07T00:00:00,96110000.0,96512000.0,96024000.0,96250000.0,49.18492859
2026-07-07T01:00:00,96270000.0,96304000.0,95592000.0,95695000.0,81.62728289
2026-07-07T02:00:00,95769000.0,95903000.0,95000000.0,95010000.0,63.54368254
2026-07-07T03:00:00,95009000.0,95100000.0,94600000.0,94689000.0,59.43689034
2026-07-07T04:00:00,94689000.0,94776000.0,94414000.0,94515000.0,77.91108798
2026-07-07T05:00:00,94515000.0,94855000.0,94149000.0,94638000.0,71.40324299
2026-07-07T06:00:00,94636000.0,95257000.0,94422000.0,95133000.0,41.94240766
2026-07-07T07:00:00,95159000.0,95329000.0,94760000.0,94760000.0,32.7575524
2026-07-07T08:00:00,94760000.0,94841000.0,94601000.0,94719000.0,30.49623371
2026-07-07T09:00:00,94716000.0,95092000.0,94716000.0,94941000.0,20.94323145
2026-07-07T10:00:00,94890000.0,95237000.0,94750000.0,94774000.0,25.51587581
2026-07-07T11:00:00,94774000.0,95026000.0,94550000.0,94926000.0,37.12224719
2026-07-07T12:00:00,94954000.0,95600000.0,94911000.0,95033000.0,42.34822066
2026-07-07T13:00:00,95033000.0,95042000.0,94440000.0,94516000.0,48.02941967
2026-07-07T14:00:00,94482000.0,95285000.0,94101000.0,95236000.0,82.31209162
2026-07-07T15:00:00,95253000.0,95870000.0,94950000.0,95596000.0,71.03918719
2026-07-07T16:00:00,95623000.0,96000000.0,95460000.0,95681000.0,24.37928653
2026-07-07T17:00:00,95652000.0,95961000.0,95551000.0,95946000.0,7.93180068
2026-07-07T18:00:00,95900000.0,95951000.0,95223000.0,95258000.0,15.82747107
2026-07-07T19:00:00,95225000.0,95644000.0,94868000.0,95530000.0,20.53967581
2026-07-07T20:00:00,95530000.0,95629000.0,95250000.0,95355000.0,8.09893932
2026-07-07T21:00:00,95355000.0,95598000.0,94860000.0,94990000.0,25.69326009
2026-07-07T22:00:00,94990000.0,95395000.0,94753000.0,95276000.0,28.90543002
2026-07-07T23:00:00,95276000.0,95442000.0,94879000.0,94922000.0,34.3987291
2026-07-08T00:00:00,94950000.0,95444000.0,94886000.0,95269000.0,43.82333534
2026-07-08T01:00:00,95269000.0,95298000.0,94300000.0,94389000.0,49.74191873
2026-07-08T02:00:00,94388000.0,94430000.0,93750000.0,94301000.0,80.01502383
2026-07-08T03:00:00,94312000.0,94409000.0,93848000.0,93939000.0,24.46350717
2026-07-08T04:00:00,93939000.0,94053000.0,93729000.0,93820000.0,44.29784492
2026-07-08T05:00:00,93820000.0,93928000.0,93444000.0,93541000.0,48.8758885
2026-07-08T06:00:00,93541000.0,93547000.0,93135000.0,93425000.0,69.26818781
2026-07-08T07:00:00,93433000.0,93800000.0,93213000.0,93772000.0,40.57406563
2026-07-08T08:00:00,93772000.0,93800000.0,92630000.0,92679000.0,120.07578313
2026-07-08T09:00:00,92675000.0,92889000.0,92320000.0,92755000.0,106.85575966
2026-07-08T10:00:00,92739000.0,92887000.0,92489000.0,92810000.0,31.89694425
2026-07-08T11:00:00,92810000.0,93201000.0,92670000.0,93075000.0,33.8462206
2026-07-08T12:00:00,93075000.0,93186000.0,92561000.0,92561000.0,31.17218181
2026-07-08T13:00:00,92567000.0,92720000.0,92160000.0,92549000.0,72.3473256
2026-07-08T14:00:00,92547000.0,92901000.0,92301000.0,92523000.0,49.40972065
2026-07-08T15:00:00,92523000.0,92533000.0,92144000.0,92386000.0,49.2188499
2026-07-08T16:00:00,92386000.0,92979000.0,92337000.0,92950000.0,19.34180372
2026-07-08T17:00:00,92970000.0,93293000.0,92768000.0,92905000.0,35.63758442
2026-07-08T18:00:00,92861000.0,93236000.0,92830000.0,93022000.0,8.67472878
2026-07-08T19:00:00,93024000.0,93100000.0,92844000.0,93046000.0,6.71703006
2026-07-08T20:00:00,93028000.0,93062000.0,92740000.0,92740000.0,14.67725059
2026-07-08T21:00:00,92750000.0,92950000.0,92485000.0,92901000.0,16.33191209
2026-07-08T22:00:00,92900000.0,93209000.0,92851000.0,93197000.0,21.84126549
2026-07-08T23:00:00,93197000.0,93208000.0,92865000.0,92917000.0,24.01529324
2026-07-09T00:00:00,92917000.0,92971000.0,92560000.0,92584000.0,35.99942123
2026-07-09T01:00:00,92584000.0,93317000.0,92304000.0,92377000.0,58.98204436
2026-07-09T02:00:00,92398000.0,92657000.0,92160000.0,92205000.0,36.18808052
2026-07-09T03:00:00,92205000.0,92484000.0,92145000.0,92417000.0,33.00539329
2026-07-09T04:00:00,92417000.0,93040000.0,92417000.0,93033000.0,25.63822758
2026-07-09T05:00:00,93040000.0,93256000.0,92729000.0,93200000.0,30.21219798
2026-07-09T06:00:00,93197000.0,93860000.0,93075000.0,93860000.0,51.60188992
2026-07-09T07:00:00,93860000.0,94429000.0,93700000.0,94048000.0,61.95332132
2026-07-09T08:00:00,94047000.0,94200000.0,93877000.0,93908000.0,26.75786612
2026-07-09T09:00:00,93908000.0,94110000.0,93806000.0,94099000.0,19.03048014
2026-07-09T10:00:00,94098000.0,94237000.0,93718000.0,93787000.0,29.45555767
2026-07-09T11:00:00,93787000.0,93896000.0,93530000.0,93712000.0,36.27480611
2026-07-09T12:00:00,93722000.0,94099000.0,93401000.0,93650000.0,35.75008691
2026-07-09T13:00:00,93650000.0,94523000.0,93521000.0,94286000.0,48.18679181
2026-07-09T14:00:00,94257000.0,94378000.0,93792000.0,94256000.0,29.06470348
2026-07-09T15:00:00,94258000.0,94500000.0,93920000.0,94041000.0,20.36315182
2026-07-09T16:00:00,94026000.0,94173000.0,93549000.0,93693000.0,10.41252666
2026-07-09T17:00:00,93688000.0,94308000.0,93625000.0,94256000.0,7.77783849
2026-07-09T18:00:00,94256000.0,94750000.0,94154000.0,94380000.0,31.93392408
2026-07-09T19:00:00,94380000.0,94564000.0,94251000.0,94392000.0,7.50068988
2026-07-09T20:00:00,94392000.0,94550000.0,94249000.0,94500000.0,13.27134767
2026-07-09T21:00:00,94539000.0,94625000.0,94360000.0,94393000.0,10.92732453
2026-07-09T22:00:00,94420000.0,94672000.0,94379000.0,94432000.0,22.30976293
2026-07-09T23:00:00,94432000.0,94459000.0,94076000.0,94317000.0,23.03448148
2026-07-10T00:00:00,94317000.0,94386000.0,93960000.0,94129000.0,40.33142404
2026-07-10T01:00:00,94138000.0,95400000.0,93932000.0,95193000.0,87.06861774
2026-07-10T02:00:00,95193000.0,95479000.0,95124000.0,95429000.0,61.1143561
2026-07-10T03:00:00,95400000.0,95449000.0,95286000.0,95367000.0,27.58905789
2026-07-10T04:00:00,95359000.0,95700000.0,95341000.0,95585000.0,45.63969887
2026-07-10T05:00:00,95584000.0,95721000.0,95400000.0,95583000.0,35.78191175
2026-07-10T06:00:00,95584000.0,95648000.0,95104000.0,95173000.0,43.59907419
2026-07-10T07:00:00,95173000.0,95430000.0,95136000.0,95377000.0,22.48531388
2026-07-10T08:00:00,95363000.0,95862000.0,95349000.0,95758000.0,51.15942567
2026-07-10T09:00:00,95758000.0,96000000.0,95550000.0,95990000.0,32.17247425
2026-07-10T10:00:00,95989000.0,96073000.0,95797000.0,95987000.0,38.9909162
2026-07-10T11:00:00,95999000.0,96123000.0,95860000.0,95976000.0,23.87506714
2026-07-10T12:00:00,95965000.0,96173000.0,95800000.0,95800000.0,30.08025019
2026-07-10T13:00:00,95814000.0,96300000.0,95598000.0,96054000.0,74.22559981
2026-07-10T14:00:00,96054000.0,96070000.0,95219000.0,95340000.0,60.02874136
2026-07-10T15:00:00,95349000.0,95734000.0,95311000.0,95395000.0,16.44640409
2026-07-10T16:00:00,95386000.0,95646000.0,95150000.0,95528000.0,10.92186738
2026-07-10T17:00:00,95597000.0,95633000.0,95140000.0,95156000.0,8.39973277
2026-07-10T18:00:00,95156000.0,95394000.0,95020000.0,95058000.0,6.29758489
2026-07-10T19:00:00,95058000.0,95531000.0,95014000.0,95302000.0,18.88917993
2026-07-10T20:00:00,95234000.0,95302000.0,94950000.0,95148000.0,25.24971813
2026-07-10T21:00:00,95148000.0,95494000.0,95112000.0,95359000.0,9.27813429
2026-07-10T22:00:00,95358000.0,95657000.0,95358000.0,95597000.0,8.70952582
2026-07-10T23:00:00,95597000.0,95737000.0,95423000.0,95718000.0,16.33670941
2026-07-11T00:00:00,95718000.0,95759000.0,95460000.0,95607000.0,29.38473438
2026-07-11T01:00:00,95611000.0,95780000.0,95459000.0,95491000.0,16.2176629
2026-07-11T02:00:00,95489000.0,95757000.0,95449000.0,95740000.0,15.55013021
2026-07-11T03:00:00,95740000.0,95755000.0,95500000.0,95671000.0,9.7447046
2026-07-11T04:00:00,95671000.0,95693000.0,95591000.0,95642000.0,9.00082362
2026-07-11T05:00:00,95642000.0,95783000.0,95600000.0,95695000.0,8.58950742
2026-07-11T06:00:00,95695000.0,95815000.0,95651000.0,95767000.0,11.16843476
2026-07-11T07:00:00,95794000.0,95815000.0,95685000.0,95686000.0,9.37149598
2026-07-11T08:00:00,95686000.0,95875000.0,95680000.0,95819000.0,11.06869258
2026-07-11T09:00:00,95819000.0,95898000.0,95696000.0,95696000.0,11.09481163
2026-07-11T10:00:00,95696000.0,95774000.0,95538000.0,95580000.0,24.27705389
2026-07-11T11:00:00,95635000.0,95719000.0,95567000.0,95680000.0,7.70817122
2026-07-11T12:00:00,95680000.0,95726000.0,95572000.0,95607000.0,8.97897565
2026-07-11T13:00:00,95606000.0,95826000.0,95580000.0,95802000.0,13.05543196
2026-07-11T14:00:00,95800000.0,96062000.0,95720000.0,95883000.0,28.18056536
2026-07-11T15:00:00,95883000.0,96154000.0,95331000.0,95640000.0,43.14171116
2026-07-11T16:00:00,95635000.0,95827000.0,95477000.0,95690000.0,11.8369113
2026-07-11T17:00:00,95690000.0,95999000.0,95620000.0,95927000.0,4.71421692
2026-07-11T18:00:00,95926000.0,95935000.0,95777000.0,95848000.0,2.27899465
2026-07-11T19:00:00,95848000.0,95848000.0,95720000.0,95800000.0,3.99553094
2026-07-11T20:00:00,95779000.0,96000000.0,95751000.0,95936000.0,6.10779274
2026-07-11T21:00:00,95936000.0,95989000.0,95852000.0,95927000.0,6.24415088
2026-07-11T22:00:00,95916000.0,96000000.0,95647000.0,95679000.0,10.06201247
2026-07-11T23:00:00,95679000.0,95728000.0,95200000.0,95226000.0,35.43659868
2026-07-12T00:00:00,95266000.0,95432000.0,95133000.0,95292000.0,39.67777006
2026-07-12T01:00:00,95293000.0,95701000.0,95225000.0,95666000.0,31.44110445
2026-07-12T02:00:00,95651000.0,95679000.0,95547000.0,95651000.0,12.2924706
2026-07-12T03:00:00,95650000.0,95793000.0,95584000.0,95767000.0,16.6327626
2026-07-12T04:00:00,95762000.0,95823000.0,95397000.0,95468000.0,18.22511934
2026-07-12T05:00:00,95468000.0,95584000.0,95375000.0,95542000.0,16.45529271
2026-07-12T06:00:00,95526000.0,95552000.0,95134000.0,95281000.0,26.24789078
2026-07-12T07:00:00,95281000.0,95461000.0,95208000.0,95419000.0,16.12327124
2026-07-12T08:00:00,95401000.0,95640000.0,95311000.0,95488000.0,16.94939803
2026-07-12T09:00:00,95488000.0,95531000.0,95278000.0,95421000.0,8.3828581
2026-07-12T10:00:00,95440000.0,95476000.0,95267000.0,95349000.0,7.75649401
2026-07-12T11:00:00,95348000.0,95521000.0,95267000.0,95518000.0,15.77037867
2026-07-12T12:00:00,95518000.0,95646000.0,95435000.0,95534000.0,25.14619122
2026-07-12T13:00:00,95534000.0,95623000.0,95436000.0,95475000.0,13.73179291
2026-07-12T14:00:00,95474000.0,95775000.0,95350000.0,95667000.0,14.93769929
2026-07-12T15:00:00,95664000.0,95730000.0,95567000.0,95627000.0,7.32206523
2026-07-12T16:00:00,95599000.0,95627000.0,95435000.0,95599000.0,6.9620124
2026-07-12T17:00:00,95599000.0,95650000.0,95414000.0,95558000.0,4.46038136
2026-07-12T18:00:00,95509000.0,95630000.0,95421000.0,95622000.0,2.02950966
2026-07-12T19:00:00,95622000.0,95746000.0,95579000.0,95744000.0,4.92782186
2026-07-12T20:00:00,95743000.0,95746000.0,95617000.0,95665000.0,3.45062298
2026-07-12T21:00:00,95665000.0,95697000.0,95132000.0,95250000.0,24.81457653
2026-07-12T22:00:00,95250000.0,95320000.0,95001000.0,95320000.0,29.9343502
2026-07-12T23:00:00,95320000.0,95324000.0,95003000.0,95003000.0,26.59632186
2026-07-13T00:00:00,95087000.0,95950000.0,94740000.0,95478000.0,106.75475824
2026-07-13T01:00:00,95500000.0,95500000.0,94545000.0,94546000.0,61.85264135
2026-07-13T02:00:00,94545000.0,94636000.0,94200000.0,94308000.0,66.70082897
2026-07-13T03:00:00,94308000.0,94309000.0,93600000.0,93607000.0,118.97531405
2026-07-13T04:00:00,93605000.0,93650000.0,93300000.0,93303000.0,83.23958496
2026-07-13T05:00:00,93303000.0,93584000.0,93070000.0,93355000.0,72.94158013
2026-07-13T06:00:00,93355000.0,93462000.0,93329000.0,93336000.0,47.64895978
2026-07-13T07:00:00,93340000.0,93596000.0,93280000.0,93500000.0,36.20270459
2026-07-13T08:00:00,93500000.0,93825000.0,93454000.0,93690000.0,35.17119934
2026-07-13T09:00:00,93690000.0,93717000.0,93443000.0,93490000.0,20.11702614
2026-07-13T10:00:00,93480000.0,93560000.0,93131000.0,93131000.0,28.44246083
2026-07-13T11:00:00,93131000.0,93504000.0,93130000.0,93199000.0,19.61418492
2026-07-13T12:00:00,93199000.0,93274000.0,92788000.0,92869000.0,72.30350304
2026-07-13T13:00:00,92869000.0,93016000.0,92380000.0,92522000.0,88.58484421
2026-07-13T14:00:00,92522000.0,93091000.0,92238000.0,93091000.0,55.49670752
2026-07-13T15:00:00,93091000.0,93360000.0,92873000.0,92953000.0,32.43027114
2026-07-13T16:00:00,92906000.0,92953000.0,92450000.0,92585000.0,37.12879077
2026-07-13T17:00:00,92572000.0,92672000.0,92153000.0,92154000.0,46.44321134
2026-07-13T18:00:00,92153000.0,92381000.0,92102000.0,92262000.0,23.5709581
2026-07-13T19:00:00,92262000.0,92650000.0,92217000.0,92650000.0,11.73480654
2026-07-13T20:00:00,92646000.0,92711000.0,92367000.0,92524000.0,19.66750956
2026-07-13T21:00:00,92524000.0,92547000.0,92092000.0,92389000.0,31.45562485
2026-07-13T22:00:00,92389000.0,92635000.0,92185000.0,92188000.0,32.22549852
2026-07-13T23:00:00,92188000.0,92401000.0,92110000.0,92347000.0,60.67039687
2026-07-14T00:00:00,92347000.0,92755000.0,92206000.0,92620000.0,58.77510645
2026-07-14T01:00:00,92671000.0,92707000.0,92455000.0,92555000.0,32.69861723
2026-07-14T02:00:00,92529000.0,92675000.0,92200000.0,92489000.0,39.99549888
2026-07-14T03:00:00,92490000.0,92550000.0,92067000.0,92269000.0,61.68704441
2026-07-14T04:00:00,92250000.0,92500000.0,92183000.0,92497000.0,30.37014725
2026-07-14T05:00:00,92497000.0,92698000.0,92439000.0,92603000.0,30.25680754
2026-07-14T06:00:00,92603000.0,92665000.0,92433000.0,92470000.0,19.30388391
2026-07-14T07:00:00,92470000.0,92520000.0,92348000.0,92401000.0,22.67800352
2026-07-14T08:00:00,92401000.0,92747000.0,92341000.0,92723000.0,25.17935182
2026-07-14T09:00:00,92734000.0,92734000.0,92519000.0,92543000.0,17.72410857
2026-07-14T10:00:00,92539000.0,92900000.0,92531000.0,92840000.0,27.65188741
2026-07-14T11:00:00,92876000.0,93071000.0,92740000.0,92952000.0,26.11674905
2026-07-14T12:00:00,92951000.0,94377000.0,92834000.0,94306000.0,154.53088631
2026-07-14T13:00:00,94310000.0,94583000.0,93864000.0,93999000.0,102.42047014
2026-07-14T14:00:00,94030000.0,94550000.0,93600000.0,94550000.0,71.33412672
2026-07-14T15:00:00,94549000.0,95578000.0,94404000.0,95400000.0,104.92832203
2026-07-14T16:00:00,95400000.0,95550000.0,95189000.0,95292000.0,41.43927291
2026-07-14T17:00:00,95292000.0,95292000.0,94632000.0,95104000.0,34.49098138
2026-07-14T18:00:00,95094000.0,95120000.0,94840000.0,94958000.0,14.81708258
2026-07-14T19:00:00,94959000.0,95150000.0,94818000.0,94909000.0,14.97875567
2026-07-14T20:00:00,94921000.0,94954000.0,94744000.0,94907000.0,16.17664388
2026-07-14T21:00:00,94879000.0,95442000.0,94849000.0,95100000.0,30.54641326
2026-07-14T22:00:00,95154000.0,95637000.0,94870000.0,95267000.0,46.39054181
2026-07-14T23:00:00,95295000.0,95516000.0,95200000.0,95464000.0,66.89895625
2026-07-15T00:00:00,95436000.0,95600000.0,95125000.0,95218000.0,53.48630327
2026-07-15T01:00:00,95220000.0,95220000.0,94973000.0,95058000.0,39.48286946
2026-07-15T02:00:00,95048000.0,95199000.0,94830000.0,94856000.0,34.81624919
2026-07-15T03:00:00,94856000.0,95340000.0,94832000.0,95333000.0,24.19955668
2026-07-15T04:00:00,95340000.0,95422000.0,95250000.0,95253000.0,34.68571571
2026-07-15T05:00:00,95253000.0,95470000.0,95087000.0,95465000.0,28.46237963
2026-07-15T06:00:00,95465000.0,95998000.0,95352000.0,95400000.0,59.37031425
2026-07-15T07:00:00,95403000.0,95550000.0,94994000.0,95153000.0,36.92409576
2026-07-15T08:00:00,95147000.0,95449000.0,95134000.0,95438000.0,11.86010629
2026-07-15T09:00:00,95445000.0,95625000.0,95272000.0,95299000.0,25.37691963
2026-07-15T10:00:00,95273000.0,95510000.0,95168000.0,95261000.0,25.68772656
2026-07-15T11:00:00,95261000.0,95431000.0,95210000.0,95316000.0,9.58501362
2026-07-15T12:00:00,95316000.0,96010000.0,95202000.0,95959000.0,84.59946256
2026-07-15T13:00:00,95959000.0,96435000.0,95500000.0,95840000.0,135.08573702
2026-07-15T14:00:00,95840000.0,96333000.0,95716000.0,96238000.0,63.50935472
2026-07-15T15:00:00,96238000.0,96400000.0,96000000.0,96230000.0,31.0888671
2026-07-15T16:00:00,96201000.0,96276000.0,95386000.0,95834000.0,39.21837672
2026-07-15T17:00:00,95835000.0,95900000.0,95622000.0,95764000.0,9.04253653
2026-07-15T18:00:00,95736000.0,95820000.0,95410000.0,95410000.0,6.05638405
2026-07-15T19:00:00,95430000.0,95594000.0,95260000.0,95594000.0,8.1671154
2026-07-15T20:00:00,95594000.0,95594000.0,95471000.0,95548000.0,10.34156543
2026-07-15T21:00:00,95549000.0,95593000.0,95202000.0,95227000.0,21.56138888
2026-07-15T22:00:00,95225000.0,95400000.0,95188000.0,95300000.0,35.1753859
2026-07-15T23:00:00,95347000.0,95428000.0,95010000.0,95130000.0,19.80045055
2026-07-16T00:00:00,95159000.0,95241000.0,94680000.0,94855000.0,64.22505923
2026-07-16T01:00:00,94855000.0,95100000.0,94500000.0,94999000.0,53.8800144
2026-07-16T02:00:00,94996000.0,95000000.0,94719000.0,94776000.0,19.23632529
2026-07-16T03:00:00,94776000.0,94885000.0,94730000.0,94750000.0,17.43091787
2026-07-16T04:00:00,94738000.0,94850000.0,94695000.0,94755000.0,21.16923846
2026-07-16T05:00:00,94756000.0,95333000.0,94724000.0,95174000.0,30.49835453
2026-07-16T06:00:00,95174000.0,95295000.0,94837000.0,95000000.0,30.64299146
2026-07-16T07:00:00,95000000.0,95032000.0,94140000.0,94380000.0,50.35466575
2026-07-16T08:00:00,94378000.0,94567000.0,94000000.0,94259000.0,61.4333923
2026-07-16T09:00:00,94300000.0,94355000.0,93987000.0,94028000.0,41.7999383
2026-07-16T10:00:00,94011000.0,94254000.0,94002000.0,94222000.0,19.78341209
2026-07-16T11:00:00,94243000.0,94300000.0,94075000.0,94300000.0,12.4517632
2026-07-16T12:00:00,94299000.0,94300000.0,93899000.0,94039000.0,46.97904346
2026-07-16T13:00:00,94039000.0,94571000.0,93951000.0,94500000.0,31.39439681
2026-07-16T14:00:00,94500000.0,95134000.0,94456000.0,94743000.0,41.0365236
2026-07-16T15:00:00,94778000.0,95283000.0,94576000.0,94971000.0,31.07626963
2026-07-16T16:00:00,94980000.0,95063000.0,94500000.0,94665000.0,15.98003889
2026-07-16T17:00:00,94669000.0,94669000.0,94095000.0,94275000.0,16.72879112
2026-07-16T18:00:00,94216000.0,94649000.0,94216000.0,94492000.0,4.81160285
2026-07-16T19:00:00,94579000.0,94657000.0,94371000.0,94553000.0,8.85604913
2026-07-16T20:00:00,94553000.0,94570000.0,94219000.0,94273000.0,6.18654661
2026-07-16T21:00:00,94273000.0,94417000.0,94213000.0,94308000.0,10.0400636
2026-07-16T22:00:00,94251000.0,94430000.0,94070000.0,94141000.0,12.53591157
2026-07-16T23:00:00,94181000.0,94236000.0,93899000.0,93949000.0,30.8565554
2026-07-17T00:00:00,93949000.0,94064000.0,93740000.0,94010000.0,35.50788013
2026-07-17T01:00:00,94010000.0,94270000.0,93534000.0,93595000.0,42.20967347
2026-07-17T02:00:00,93594000.0,93769000.0,93393000.0,93425000.0,36.80615066
2026-07-17T03:00:00,93425000.0,93752000.0,93423000.0,93621000.0,13.53176803
2026-07-17T04:00:00,93606000.0,93639000.0,93300000.0,93550000.0,33.83384697
2026-07-17T05:00:00,93554000.0,93554000.0,92674000.0,92678000.0,97.90247764
2026-07-17T06:00:00,92681000.0,92937000.0,92579000.0,92802000.0,40.94086201
2026-07-17T07:00:00,92840000.0,93000000.0,92719000.0,92820000.0,44.68558578
2026-07-17T08:00:00,92820000.0,92963000.0,92648000.0,92951000.0,22.06123624
2026-07-17T09:00:00,92950000.0,93107000.0,92911000.0,93103000.0,24.9439572
2026-07-17T10:00:00,93046000.0,93457000.0,93046000.0,93379000.0,31.3981958
2026-07-17T11:00:00,93379000.0,93600000.0,93200000.0,93568000.0,18.78622953
2026-07-17T12:00:00,93541000.0,93568000.0,93160000.0,93274000.0,15.63925929
2026-07-17T13:00:00,93274000.0,93435000.0,92600000.0,93399000.0,55.91320285
2026-07-17T14:00:00,93374000.0,93870000.0,93211000.0,93350000.0,37.30418295
2026-07-17T15:00:00,93350000.0,93700000.0,92949000.0,93700000.0,14.35558468
2026-07-17T16:00:00,93700000.0,93979000.0,93508000.0,93880000.0,22.67939748
2026-07-17T17:00:00,93880000.0,94750000.0,93825000.0,94612000.0,34.31577467
2026-07-17T18:00:00,94541000.0,94950000.0,94361000.0,94763000.0,27.29076423
2026-07-17T19:00:00,94763000.0,94816000.0,94391000.0,94533000.0,11.93886188
2026-07-17T20:00:00,94537000.0,94656000.0,94300000.0,94618000.0,10.82229086
2026-07-17T21:00:00,94646000.0,94657000.0,94526000.0,94554000.0,10.52122209
2026-07-17T22:00:00,94554000.0,94603000.0,94288000.0,94301000.0,9.06479872
2026-07-17T23:00:00,94301000.0,94417000.0,94186000.0,94300000.0,13.2213068
2026-07-18T00:00:00,94300000.0,94401000.0,94140000.0,94200000.0,31.68485903
2026-07-18T01:00:00,94200000.0,94346000.0,94137000.0,94261000.0,13.10911773
2026-07-18T02:00:00,94258000.0,94451000.0,94247000.0,94417000.0,19.75134101
2026-07-18T03:00:00,94413000.0,94450000.0,94262000.0,94405000.0,13.97999751
2026-07-18T04:00:00,94405000.0,94540000.0,94370000.0,94446000.0,10.41358741
2026-07-18T05:00:00,94446000.0,94449000.0,94323000.0,94424000.0,24.81314085
2026-07-18T06:00:00,94427000.0,94530000.0,94385000.0,94466000.0,8.45643175
2026-07-18T07:00:00,94512000.0,94530000.0,94400000.0,94512000.0,4.82008931
2026-07-18T08:00:00,94512000.0,94550000.0,94425000.0,94491000.0,6.7760947
2026-07-18T09:00:00,94491000.0,94515000.0,94426000.0,94471000.0,8.02871426
2026-07-18T10:00:00,94499000.0,94580000.0,94471000.0,94562000.0,7.90702093
2026-07-18T11:00:00,94563000.0,94619000.0,94554000.0,94619000.0,12.45753378
2026-07-18T12:00:00,94619000.0,94904000.0,94618000.0,94868000.0,20.03026414
2026-07-18T13:00:00,94868000.0,94868000.0,94583000.0,94752000.0,14.81827053
2026-07-18T14:00:00,94752000.0,94840000.0,94723000.0,94729000.0,10.72775684
2026-07-18T15:00:00,94729000.0,94770000.0,94613000.0,94646000.0,7.33905686
2026-07-18T16:00:00,94646000.0,94890000.0,94607000.0,94890000.0,9.33690091
2026-07-18T17:00:00,94891000.0,95100000.0,94887000.0,95094000.0,23.42517279
2026-07-18T18:00:00,95094000.0,95296000.0,95057000.0,95082000.0,23.10544993
2026-07-18T19:00:00,95082000.0,95201000.0,95057000.0,95147000.0,4.77469668
2026-07-18T20:00:00,95153000.0,95370000.0,95119000.0,95333000.0,13.12672815
2026-07-18T21:00:00,95368000.0,95500000.0,95203000.0,95417000.0,17.41891335
2026-07-18T22:00:00,95417000.0,95500000.0,95321000.0,95493000.0,17.28358369
2026-07-18T23:00:00,95498000.0,95600000.0,95368000.0,95485000.0,29.5760517
2026-07-19T00:00:00,95495000.0,95610000.0,95371000.0,95389000.0,29.52571038
2026-07-19T01:00:00,95390000.0,95419000.0,95339000.0,95410000.0,20.28272397
2026-07-19T02:00:00,95411000.0,95600000.0,95320000.0,95483000.0,34.92691148
2026-07-19T03:00:00,95483000.0,95497000.0,95141000.0,95226000.0,21.38618149
2026-07-19T04:00:00,95226000.0,95413000.0,95118000.0,95290000.0,25.10329682
2026-07-19T05:00:00,95320000.0,95400000.0,95199000.0,95252000.0,10.82918941
2026-07-19T06:00:00,95280000.0,95339000.0,95220000.0,95241000.0,6.31849777
2026-07-19T07:00:00,95288000.0,95448000.0,95238000.0,95350000.0,16.70164521
2026-07-19T08:00:00,95273000.0,95350000.0,95214000.0,95239000.0,12.73945297
2026-07-19T09:00:00,95239000.0,95300000.0,94936000.0,94980000.0,18.43357847
2026-07-19T10:00:00,94980000.0,95200000.0,94936000.0,95100000.0,19.17540237
2026-07-19T11:00:00,95100000.0,95127000.0,94957000.0,94978000.0,9.87666801
2026-07-19T12:00:00,94978000.0,94979000.0,94753000.0,94818000.0,24.87109405
2026-07-19T13:00:00,94818000.0,94945000.0,94715000.0,94867000.0,13.77393499
2026-07-19T14:00:00,94867000.0,95017000.0,94782000.0,95004000.0,21.42647741
2026-07-19T15:00:00,95004000.0,95060000.0,94975000.0,95029000.0,15.72817998
2026-07-19T16:00:00,95029000.0,95122000.0,94954000.0,94964000.0,6.62683791
2026-07-19T17:00:00,94964000.0,95232000.0,94851000.0,95030000.0,8.744066
2026-07-19T18:00:00,95025000.0,95072000.0,94715000.0,94819000.0,13.797464
2026-07-19T19:00:00,94847000.0,94925000.0,94751000.0,94857000.0,4.39005623
2026-07-19T20:00:00,94857000.0,94988000.0,94799000.0,94954000.0,3.38225204
2026-07-19T21:00:00,94954000.0,94985000.0,94701000.0,94743000.0,10.13434273
2026-07-19T22:00:00,94743000.0,95350000.0,94730000.0,95101000.0,24.47521827
2026-07-19T23:00:00,95101000.0,95107000.0,94939000.0,95073000.0,33.47201276
2026-07-20T00:00:00,95073000.0,95701000.0,94830000.0,95029000.0,64.42892885
2026-07-20T01:00:00,95029000.0,95500000.0,94830000.0,94990000.0,33.21835334
2026-07-20T02:00:00,94889000.0,95289000.0,94872000.0,95084000.0,30.1002455
2026-07-20T03:00:00,95141000.0,95181000.0,94904000.0,95100000.0,36.21211905
2026-07-20T04:00:00,95105000.0,95111000.0,94648000.0,94650000.0,37.91333047
2026-07-20T05:00:00,94650000.0,94650000.0,94000000.0,94000000.0,77.83473372
2026-07-20T06:00:00,94012000.0,94114000.0,93672000.0,93781000.0,42.22348044
2026-07-20T07:00:00,93781000.0,94400000.0,93781000.0,94359000.0,33.16796403
2026-07-20T08:00:00,94300000.0,94370000.0,93800000.0,94088000.0,32.96253078
2026-07-20T09:00:00,94088000.0,94312000.0,93965000.0,94249000.0,14.39460587
2026-07-20T10:00:00,94250000.0,94500000.0,94177000.0,94310000.0,17.30618947
2026-07-20T11:00:00,94310000.0,95274000.0,94304000.0,95272000.0,72.25491953
2026-07-20T12:00:00,95273000.0,95285000.0,94852000.0,94859000.0,42.10398441
2026-07-20T13:00:00,94859000.0,95040000.0,94309000.0,94470000.0,48.37152048
2026-07-20T14:00:00,94470000.0,94708000.0,94148000.0,94468000.0,40.08086242
2026-07-20T15:00:00,94515000.0,95860000.0,94477000.0,95839000.0,94.59314961
2026-07-20T16:00:00,95841000.0,95860000.0,95509000.0,95661000.0,39.28813105
2026-07-20T17:00:00,95677000.0,95801000.0,95475000.0,95698000.0,20.57957038
2026-07-20T18:00:00,95698000.0,95951000.0,95258000.0,95277000.0,25.40371441
2026-07-20T19:00:00,95273000.0,95299000.0,95034000.0,95100000.0,12.22402527
2026-07-20T20:00:00,95189000.0,95483000.0,95039000.0,95468000.0,9.40196091
2026-07-20T21:00:00,95468000.0,95469000.0,95250000.0,95269000.0,11.93825339
2026-07-20T22:00:00,95269000.0,95313000.0,95071000.0,95105000.0,17.37716973
2026-07-20T23:00:00,95165000.0,95328000.0,95075000.0,95250000.0,22.00683665
2026-07-21T00:00:00,95250000.0,95730000.0,95101000.0,95725000.0,49.4645287
2026-07-21T01:00:00,95725000.0,95840000.0,95430000.0,95432000.0,32.38690762
2026-07-21T02:00:00,95432000.0,95575000.0,95250000.0,95570000.0,37.30466713
2026-07-21T03:00:00,95570000.0,95606000.0,95392000.0,95578000.0,32.07025444
2026-07-21T04:00:00,95578000.0,95800000.0,95447000.0,95527000.0,30.02436645
2026-07-21T05:00:00,95527000.0,95900000.0,95448000.0,95779000.0,38.24165447
2026-07-21T06:00:00,95761000.0,96006000.0,95657000.0,95999000.0,63.32729065
2026-07-21T07:00:00,95999000.0,96500000.0,95916000.0,96439000.0,88.00229573
2026-07-21T08:00:00,96439000.0,96740000.0,96405000.0,96650000.0,70.68201857
2026-07-21T09:00:00,96650000.0,96837000.0,96545000.0,96831000.0,40.4087523
2026-07-21T10:00:00,96832000.0,97000000.0,96600000.0,96606000.0,68.01722698
2026-07-21T11:00:00,96606000.0,96956000.0,96600000.0,96955000.0,24.63653363
2026-07-21T12:00:00,96955000.0,97368000.0,96886000.0,97281000.0,81.435625
2026-07-21T13:00:00,97281000.0,97600000.0,96992000.0,97599000.0,70.31470226
2026-07-21T14:00:00,97599000.0,97800000.0,97425000.0,97771000.0,62.39598936
2026-07-21T15:00:00,97784000.0,97784000.0,97300000.0,97540000.0,29.69581943
2026-07-21T16:00:00,97495000.0,97559000.0,97117000.0,97208000.0,20.7233023
2026-07-21T17:00:00,97224000.0,97296000.0,96600000.0,96631000.0,26.28985509
2026-07-21T18:00:00,96642000.0,96897000.0,96551000.0,96859000.0,23.97970426
2026-07-21T19:00:00,96859000.0,97159000.0,96812000.0,97021000.0,18.95019803
2026-07-21T20:00:00,97020000.0,97147000.0,97005000.0,97117000.0,16.9711996
2026-07-21T21:00:00,97117000.0,97131000.0,96978000.0,96998000.0,18.39300368
2026-07-21T22:00:00,96998000.0,97000000.0,96800000.0,96810000.0,24.89855811
2026-07-21T23:00:00,96810000.0,97220000.0,96721000.0,97200000.0,41.08403605
2026-07-22T00:00:00,97219000.0,97600000.0,97157000.0,97490000.0,50.57978531
2026-07-22T01:00:00,97494000.0,97495000.0,97060000.0,97158000.0,33.93454225
2026-07-22T02:00:00,97096000.0,97219000.0,97003000.0,97003000.0,19.77981413
2026-07-22T03:00:00,97003000.0,97098000.0,96861000.0,96929000.0,24.91777369
2026-07-22T04:00:00,96929000.0,97269000.0,96913000.0,97221000.0,23.35875782
2026-07-22T05:00:00,97257000.0,97257000.0,96518000.0,96534000.0,41.85854669
2026-07-22T06:00:00,96534000.0,96646000.0,96300000.0,96460000.0,47.73841782
2026-07-22T07:00:00,96460000.0,96504000.0,96159000.0,96235000.0,30.84745512
2026-07-22T08:00:00,96236000.0,96626000.0,96235000.0,96408000.0,19.04989113
2026-07-22T09:00:00,96412000.0,96451000.0,96166000.0,96255000.0,20.79264372
2026-07-22T10:00:00,96254000.0,96514000.0,96240000.0,96477000.0,16.75871957
2026-07-22T11:00:00,96478000.0,96515000.0,96260000.0,96420000.0,24.18724639
2026-07-22T12:00:00,96419000.0,96462000.0,95907000.0,95939000.0,48.09742422
2026-07-22T13:00:00,95941000.0,96300000.0,95850000.0,96270000.0,47.30130127
2026-07-22T14:00:00,96270000.0,96587000.0,95846000.0,95981000.0,52.30512025
2026-07-22T15:00:00,95981000.0,96439000.0,95956000.0,96225000.0,26.13881288
2026-07-22T16:00:00,96177000.0,96626000.0,96169000.0,96498000.0,29.2687643
2026-07-22T17:00:00,96498000.0,96534000.0,96142000.0,96235000.0,16.90719664
2026-07-22T18:00:00,96236000.0,96338000.0,95968000.0,96200000.0,18.16400832
2026-07-22T19:00:00,96198000.0,96315000.0,95966000.0,96265000.0,8.5472176
2026-07-22T20:00:00,96239000.0,96350000.0,96150000.0,96254000.0,7.72244283
2026-07-22T21:00:00,96254000.0,96529000.0,96253000.0,96500000.0,11.65507705
2026-07-22T22:00:00,96466000.0,96502000.0,96283000.0,96388000.0,11.06558941
2026-07-22T23:00:00,96388000.0,96582000.0,96246000.0,96557000.0,30.42910641
2026-07-23T00:00:00,96558000.0,96768000.0,96352000.0,96390000.0,37.72828425
2026-07-23T01:00:00,96390000.0,96584000.0,95827000.0,95892000.0,50.7374662
2026-07-23T02:00:00,95892000.0,95919000.0,95732000.0,95854000.0,33.50172618
2026-07-23T03:00:00,95855000.0,95872000.0,95544000.0,95695000.0,27.62672208
2026-07-23T04:00:00,95705000.0,95725000.0,95530000.0,95608000.0,15.24255501
2026-07-23T05:00:00,95608000.0,95825000.0,95584000.0,95691000.0,26.34546724
2026-07-23T06:00:00,95690000.0,95900000.0,95640000.0,95829000.0,17.17722879
2026-07-23T07:00:00,95829000.0,95829000.0,95300000.0,95405000.0,50.33815829
2026-07-23T08:00:00,95405000.0,95737000.0,95290000.0,95700000.0,16.68109105
2026-07-23T09:00:00,95731000.0,95856000.0,95679000.0,95773000.0,11.86456616
2026-07-23T10:00:00,95758000.0,95900000.0,95683000.0,95801000.0,8.16925278
2026-07-23T11:00:00,95801000.0,95807000.0,95570000.0,95654000.0,12.55594452
2026-07-23T12:00:00,95654000.0,95759000.0,95101000.0,95243000.0,57.92599068
2026-07-23T13:00:00,95242000.0,95339000.0,95000000.0,95020000.0,51.86658576
2026-07-23T14:00:00,95022000.0,95339000.0,95000000.0,95016000.0,33.43301724
2026-07-23T15:00:00,95044000.0,95124000.0,94892000.0,95069000.0,34.27872132
2026-07-23T16:00:00,95064000.0,95099000.0,94837000.0,94840000.0,23.55467516
2026-07-23T17:00:00,94855000.0,95097000.0,94827000.0,94844000.0,10.67436452
2026-07-23T18:00:00,94827000.0,95200000.0,94811000.0,95088000.0,7.51240442
2026-07-23T19:00:00,95088000.0,95225000.0,94897000.0,95073000.0,12.95432694
2026-07-23T20:00:00,95012000.0,95490000.0,94984000.0,95451000.0,17.04655502
2026-07-23T21:00:00,95451000.0,95486000.0,95227000.0,95452000.0,10.93111277
2026-07-23T22:00:00,95452000.0,95536000.0,95253000.0,95535000.0,15.47317378
2026-07-23T23:00:00,95535000.0,95597000.0,95263000.0,95351000.0,16.89991226
2026-07-24T00:00:00,95365000.0,95367000.0,94785000.0,94896000.0,46.41622481
2026-07-24T01:00:00,94896000.0,95096000.0,94800000.0,94832000.0,23.6607296
2026-07-24T02:00:00,94803000.0,94906000.0,94607000.0,94800000.0,42.20414459
2026-07-24T03:00:00,94784000.0,95360000.0,94753000.0,95338000.0,31.75093
2026-07-24T04:00:00,95289000.0,95340000.0,95125000.0,95151000.0,19.66535284
2026-07-24T05:00:00,95163000.0,95299000.0,95049000.0,95101000.0,18.43704315
2026-07-24T06:00:00,95103000.0,95351000.0,95080000.0,95351000.0,20.66430996
2026-07-24T07:00:00,95351000.0,95799000.0,95315000.0,95500000.0,63.75607364
2026-07-24T08:00:00,95420000.0,95500000.0,95150000.0,95150000.0,13.64791732
2026-07-24T09:00:00,95213000.0,95215000.0,94775000.0,94933000.0,32.11386861
2026-07-24T10:00:00,94932000.0,94996000.0,94672000.0,94716000.0,20.0183854
2026-07-24T11:00:00,94717000.0,94934000.0,94672000.0,94934000.0,23.69822926
2026-07-24T12:00:00,94913000.0,94996000.0,94607000.0,94630000.0,24.92692736
2026-07-24T13:00:00,94630000.0,94657000.0,93600000.0,93827000.0,149.8327608
2026-07-24T14:00:00,93833000.0,93967000.0,93379000.0,93659000.0,98.90682962
2026-07-24T15:00:00,93659000.0,93985000.0,93474000.0,93755000.0,38.57564381
2026-07-24T16:00:00,93735000.0,93924000.0,93500000.0,93663000.0,20.85882702
2026-07-24T17:00:00,93663000.0,93944000.0,93595000.0,93808000.0,11.62103808
2026-07-24T18:00:00,93809000.0,94017000.0,93793000.0,94017000.0,4.84424235
2026-07-24T19:00:00,94016000.0,94082000.0,93917000.0,93969000.0,7.54117739
2026-07-24T20:00:00,93975000.0,94063000.0,93879000.0,93945000.0,6.04392638
2026-07-24T21:00:00,93945000.0,93945000.0,93877000.0,93880000.0,10.81799541
2026-07-24T22:00:00,93879000.0,94067000.0,93862000.0,94049000.0,12.27721902
2026-07-24T23:00:00,94049000.0,94068000.0,93948000.0,94019000.0,11.8964056
2026-07-25T00:00:00,94019000.0,94025000.0,93779000.0,93785000.0,22.75959617
2026-07-25T01:00:00,93785000.0,94019000.0,93757000.0,93902000.0,24.93584593
2026-07-25T02:00:00,93902000.0,93944000.0,93730000.0,93731000.0,14.71542727
2026-07-25T03:00:00,93786000.0,93850000.0,93700000.0,93793000.0,9.40040325
2026-07-25T04:00:00,93750000.0,93901000.0,93721000.0,93900000.0,11.35767225
2026-07-25T05:00:00,93900000.0,93973000.0,93700000.0,93725000.0,12.13847398
2026-07-25T06:00:00,93703000.0,93792000.0,93549000.0,93674000.0,18.2774175
2026-07-25T07:00:00,93676000.0,93765000.0,93583000.0,93721000.0,15.70967131
2026-07-25T08:00:00,93719000.0,93732000.0,93401000.0,93461000.0,27.13578984
2026-07-25T09:00:00,93478000.0,93787000.0,93412000.0,93718000.0,19.00289858
2026-07-25T10:00:00,93718000.0,93826000.0,93699000.0,93768000.0,10.36894873
2026-07-25T11:00:00,93768000.0,93891000.0,93742000.0,93775000.0,10.65241407
2026-07-25T12:00:00,93775000.0,93950000.0,93775000.0,93930000.0,7.25157423
2026-07-25T13:00:00,93930000.0,94116000.0,93839000.0,94001000.0,26.57763694
2026-07-25T14:00:00,94001000.0,94067000.0,93945000.0,93979000.0,11.35330246
2026-07-25T15:00:00,93979000.0,93980000.0,93850000.0,93870000.0,10.09826104
2026-07-25T16:00:00,93860000.0,93958000.0,93800000.0,93915000.0,7.80270632
2026-07-25T17:00:00,93915000.0,94096000.0,93889000.0,94037000.0,16.60004118
2026-07-25T18:00:00,94037000.0,94251000.0,94019000.0,94134000.0,8.10315365
2026-07-25T19:00:00,94210000.0,94251000.0,94050000.0,94065000.0,4.40459334
2026-07-25T20:00:00,94053000.0,94138000.0,94019000.0,94115000.0,6.30632953
2026-07-25T21:00:00,94115000.0,94212000.0,94010000.0,94210000.0,10.53302408
2026-07-25T22:00:00,94149000.0,94300000.0,94147000.0,94270000.0,7.14813389
2026-07-25T23:00:00,94270000.0,94333000.0,94186000.0,94224000.0,18.10015399
2026-07-26T00:00:00,94226000.0,94500000.0,94220000.0,94499000.0,19.04835764
2026-07-26T01:00:00,94499000.0,94513000.0,94384000.0,94408000.0,17.04384427
2026-07-26T02:00:00,94408000.0,94441000.0,94329000.0,94408000.0,10.1027779
2026-07-26T03:00:00,94440000.0,94531000.0,94408000.0,94531000.0,10.34027976
2026-07-26T04:00:00,94515000.0,94537000.0,94329000.0,94350000.0,10.5229401
2026-07-26T05:00:00,94405000.0,94405000.0,94196000.0,94198000.0,16.78334652
2026-07-26T06:00:00,94198000.0,94218000.0,94000000.0,94182000.0,24.91113034
2026-07-26T07:00:00,94185000.0,94274000.0,94000000.0,94063000.0,18.10546455
2026-07-26T08:00:00,94062000.0,94188000.0,94000000.0,94188000.0,17.25876388
2026-07-26T09:00:00,94188000.0,94376000.0,94161000.0,94263000.0,8.91755446
2026-07-26T10:00:00,94260000.0,94350000.0,94196000.0,94305000.0,11.67240683
2026-07-26T11:00:00,94334000.0,94334000.0,94304000.0,94304000.0,18.78194496
2026-07-26T12:00:00,94304000.0,94463000.0,94161000.0,94220000.0,12.9396612
2026-07-26T13:00:00,94221000.0,94286000.0,94030000.0,94185000.0,18.1975377
2026-07-26T14:00:00,94181000.0,94500000.0,94175000.0,94408000.0,25.88292525
2026-07-26T15:00:00,94486000.0,94526000.0,94400000.0,94403000.0,13.75696861
2026-07-26T16:00:00,94403000.0,94600000.0,94379000.0,94379000.0,13.10507905
2026-07-26T17:00:00,94380000.0,94440000.0,94230000.0,94234000.0,7.04984447
2026-07-26T18:00:00,94235000.0,94405000.0,94235000.0,94403000.0,2.58735215
2026-07-26T19:00:00,94378000.0,94435000.0,94245000.0,94324000.0,3.60356406
2026-07-26T20:00:00,94271000.0,94378000.0,94130000.0,94190000.0,5.92712218
2026-07-26T21:00:00,94190000.0,94500000.0,94100000.0,94446000.0,8.92719188
2026-07-26T22:00:00,94446000.0,95200000.0,94446000.0,95099000.0,69.38776501
2026-07-26T23:00:00,95099000.0,95238000.0,94884000.0,95068000.0,37.43108103
2026-07-27T00:00:00,95016000.0,95126000.0,94681000.0,94751000.0,60.11023102
2026-07-27T01:00:00,94751000.0,94986000.0,94506000.0,94951000.0,32.96121863
2026-07-27T02:00:00,94874000.0,95032000.0,94832000.0,94919000.0,19.11379556
2026-07-27T03:00:00,94920000.0,95068000.0,94877000.0,94910000.0,33.32948553
2026-07-27T04:00:00,94910000.0,95150000.0,94853000.0,94874000.0,25.3714151
2026-07-27T05:00:00,94902000.0,95100000.0,94852000.0,95098000.0,14.1406798
2026-07-27T06:00:00,95098000.0,95400000.0,95061000.0,95177000.0,35.26038227
2026-07-27T07:00:00,95177000.0,95185000.0,94892000.0,94925000.0,20.86323362
2026-07-27T08:00:00,94925000.0,94934000.0,94757000.0,94869000.0,25.77493756
2026-07-27T09:00:00,94840000.0,95051000.0,94757000.0,94947000.0,15.72153179
2026-07-27T10:00:00,94947000.0,95157000.0,94903000.0,95000000.0,18.1811869
2026-07-27T11:00:00,95049000.0,95049000.0,94779000.0,94780000.0,10.54693394
2026-07-27T12:00:00,94778000.0,95000000.0,94501000.0,94728000.0,28.81871602
2026-07-27T13:00:00,94732000.0,95482000.0,94532000.0,94867000.0,57.92089961
2026-07-27T14:00:00,94895000.0,95155000.0,94097000.0,94348000.0,49.72619315
2026-07-27T15:00:00,94320000.0,94444000.0,94039000.0,94170000.0,33.61180278
2026-07-27T16:00:00,94170000.0,94601000.0,94102000.0,94571000.0,22.68675612
2026-07-27T17:00:00,94571000.0,94700000.0,94384000.0,94600000.0,6.86181122
2026-07-27T18:00:00,94586000.0,94700000.0,94353000.0,94508000.0,4.30271803
2026-07-27T19:00:00,94510000.0,94766000.0,94344000.0,94587000.0,5.30168677
2026-07-27T20:00:00,94561000.0,94720000.0,94544000.0,94600000.0,3.88698747
2026-07-27T21:00:00,94600000.0,94662000.0,94391000.0,94416000.0,9.79723497
2026-07-27T22:00:00,94414000.0,94449000.0,93254000.0,93283000.0,96.91180264
2026-07-27T23:00:00,93281000.0,93407000.0,93000000.0,93147000.0,102.73976872
2026-07-28T00:00:00,93147000.0,93285000.0,92670000.0,92676000.0,101.36104098
2026-07-28T01:00:00,92676000.0,92676000.0,92199000.0,92351000.0,128.40129804
2026-07-28T02:00:00,92352000.0,92385000.0,92100000.0,92160000.0,64.31049304
2026-07-28T03:00:00,92166000.0,92247000.0,92135000.0,92226000.0,45.69613577
2026-07-28T04:00:00,92226000.0,92235000.0,92125000.0,92226000.0,54.91274077
2026-07-28T05:00:00,92226000.0,92600000.0,92195000.0,92387000.0,40.59233903
2026-07-28T06:00:00,92387000.0,92573000.0,92338000.0,92571000.0,29.16762115
2026-07-28T07:00:00,92571000.0,92600000.0,92335000.0,92350000.0,18.93406501
2026-07-28T08:00:00,92350000.0,92376000.0,92214000.0,92221000.0,19.27382233
2026-07-28T09:00:00,92221000.0,92432000.0,92165000.0,92165000.0,20.41911883
2026-07-28T10:00:00,92165000.0,92330000.0,92116000.0,92305000.0,24.14226861
2026-07-28T11:00:00,92305000.0,92418000.0,92164000.0,92276000.0,23.43556186
2026-07-28T12:00:00,92276000.0,92403000.0,92200000.0,92344000.0,34.94713839
2026-07-28T13:00:00,92317000.0,92381000.0,91500000.0,91785000.0,152.77908591
2026-07-28T14:00:00,91782000.0,92265000.0,91672000.0,92012000.0,35.65515024
2026-07-28T15:00:00,92107000.0,92844000.0,91867000.0,92720000.0,44.48731312
2026-07-28T16:00:00,92709000.0,92957000.0,92566000.0,92901000.0,12.79250658
2026-07-28T17:00:00,92901000.0,92915000.0,92199000.0,92450000.0,9.03947147
2026-07-28T18:00:00,92396000.0,92625000.0,92380000.0,92467000.0,4.47446781
2026-07-28T19:00:00,92467000.0,92740000.0,92413000.0,92737000.0,10.31058898
2026-07-28T20:00:00,92660000.0,92874000.0,92605000.0,92695000.0,9.6008824
2026-07-28T21:00:00,92723000.0,92987000.0,92635000.0,92873000.0,18.32120307
2026-07-28T22:00:00,92846000.0,92987000.0,92507000.0,92524000.0,19.51222381
2026-07-28T23:00:00,92524000.0,92720000.0,92088000.0,92680000.0,47.05252467
2026-07-29T00:00:00,92680000.0,92996000.0,92570000.0,92705000.0,46.22849389
2026-07-29T01:00:00,92706000.0,92708000.0,92046000.0,92100000.0,58.82501555
2026-07-29T02:00:00,92046000.0,92400000.0,91993000.0,92103000.0,89.73712888
2026-07-29T03:00:00,92103000.0,92151000.0,91640000.0,91700000.0,69.90018375
2026-07-29T04:00:00,91658000.0,91700000.0,91200000.0,91278000.0,155.86260963
2026-07-29T05:00:00,91278000.0,91660000.0,91236000.0,91650000.0,59.88278307
2026-07-29T06:00:00,91600000.0,92198000.0,91506000.0,92169000.0,49.53536318
2026-07-29T07:00:00,92169000.0,92264000.0,92113000.0,92260000.0,23.20033517
2026-07-29T08:00:00,92260000.0,92325000.0,92036000.0,92252000.0,22.6768785
2026-07-29T09:00:00,92252000.0,92755000.0,92235000.0,92754000.0,23.06918403
2026-07-29T10:00:00,92754000.0,92790000.0,92450000.0,92570000.0,25.55449563
2026-07-29T11:00:00,92542000.0,92721000.0,92456000.0,92563000.0,15.65622103
2026-07-29T12:00:00,92563000.0,92564000.0,92262000.0,92263000.0,16.02489672
2026-07-29T13:00:00,92314000.0,92740000.0,92118000.0,92740000.0,32.71228053
2026-07-29T14:00:00,92714000.0,92790000.0,92009000.0,92102000.0,24.38100187
2026-07-29T15:00:00,92104000.0,92138000.0,91650000.0,91723000.0,29.81125124
2026-07-29T16:00:00,91724000.0,92044000.0,91450000.0,91686000.0,26.25305507
2026-07-29T17:00:00,91688000.0,92260000.0,91552000.0,92157000.0,12.11315755
2026-07-29T18:00:00,92156000.0,92700000.0,91576000.0,92465000.0,36.90216652
2026-07-29T19:00:00,92468000.0,92550000.0,91234000.0,91240000.0,33.42447736
2026-07-29T20:00:00,91269000.0,91490000.0,91100000.0,91118000.0,34.24076136
2026-07-29T21:00:00,91118000.0,91620000.0,91000000.0,91603000.0,79.77507237
2026-07-29T22:00:00,91603000.0,92000000.0,91511000.0,91558000.0,45.36254549
2026-07-29T23:00:00,91558000.0,91651000.0,91348000.0,91424000.0,45.77335016
2026-07-30T00:00:00,91374000.0,91522000.0,90888000.0,90951000.0,77.54286844
2026-07-30T01:00:00,90951000.0,91999000.0,90911000.0,91924000.0,61.1037832
2026-07-30T02:00:00,91904000.0,92119000.0,91685000.0,91686000.0,50.42460946
2026-07-30T03:00:00,91686000.0,91800000.0,91493000.0,91578000.0,32.37257286
2026-07-30T04:00:00,91578000.0,91600000.0,91312000.0,91313000.0,22.01230531
2026-07-30T05:00:00,91313000.0,91447000.0,91100000.0,91266000.0,23.64004777
2026-07-30T06:00:00,91265000.0,91300000.0,91170000.0,91180000.0,22.17906774
2026-07-30T07:00:00,91180000.0,91370000.0,91131000.0,91150000.0,21.12231828
2026-07-30T08:00:00,91157000.0,91601000.0,91128000.0,91506000.0,22.32339702
2026-07-30T09:00:00,91506000.0,91900000.0,91488000.0,91753000.0,33.56721617
2026-07-30T10:00:00,91753000.0,91886000.0,91688000.0,91726000.0,17.04520766
2026-07-30T11:00:00,91726000.0,92307000.0,91665000.0,92198000.0,38.53788297
2026-07-30T12:00:00,92177000.0,92460000.0,92155000.0,92273000.0,27.60831564
2026-07-30T13:00:00,92273000.0,92328000.0,91550000.0,91960000.0,49.54880758
2026-07-30T14:00:00,91960000.0,91995000.0,91500000.0,91805000.0,38.15042645
2026-07-30T15:00:00,91808000.0,91999000.0,91730000.0,91763000.0,13.05600325
2026-07-30T16:00:00,91762000.0,91997000.0,91700000.0,91704000.0,8.22872856
2026-07-30T17:00:00,91724000.0,91963000.0,91696000.0,91755000.0,6.81299615
2026-07-30T18:00:00,91755000.0,91755000.0,91500000.0,91509000.0,7.28853747
2026-07-30T19:00:00,91510000.0,91792000.0,91509000.0,91683000.0,5.28494601
2026-07-30T20:00:00,91683000.0,91871000.0,91626000.0,91745000.0,7.37792842
2026-07-30T21:00:00,91782000.0,91820000.0,91613000.0,91637000.0,7.88362999
2026-07-30T22:00:00,91636000.0,91868000.0,91541000.0,91727000.0,29.35764317
2026-07-30T23:00:00,91727000.0,91860000.0,91564000.0,91620000.0,38.41168129
2026-07-31T00:00:00,91565000.0,92000000.0,91564000.0,91912000.0,50.3037671
2026-07-31T01:00:00,91912000.0,92849000.0,91700000.0,91912000.0,89.7854779
2026-07-31T02:00:00,91880000.0,91943000.0,91374000.0,91533000.0,61.18993917
2026-07-31T03:00:00,91499000.0,91880000.0,91410000.0,91815000.0,35.07254176
2026-07-31T04:00:00,91801000.0,91872000.0,91672000.0,91762000.0,19.25731156
2026-07-31T05:00:00,91764000.0,91858000.0,91672000.0,91782000.0,22.0975676
2026-07-31T06:00:00,91782000.0,91891000.0,91304000.0,91369000.0,44.27271161
2026-07-31T07:00:00,91369000.0,91390000.0,91088000.0,91172000.0,48.19782876
2026-07-31T08:00:00,91172000.0,91177000.0,90933000.0,90933000.0,58.41876479
2026-07-31T09:00:00,90935000.0,90987000.0,90800000.0,90931000.0,44.49816392
2026-07-31T10:00:00,90931000.0,91279000.0,90865000.0,91264000.0,22.97045024
2026-07-31T11:00:00,91268000.0,91500000.0,91200000.0,91201000.0,24.60066593
2026-07-31T12:00:00,91200000.0,91259000.0,91106000.0,91150000.0,17.13507874
2026-07-31T13:00:00,91150000.0,91327000.0,90628000.0,90700000.0,45.20800797
2026-07-31T14:00:00,90678000.0,90700000.0,89900000.0,90099000.0,284.98692075
2026-07-31T15:00:00,90099000.0,90223000.0,89901000.0,90170000.0,54.56967798
2026-07-31T16:00:00,90171000.0,90434000.0,90167000.0,90309000.0,18.5364427
2026-07-31T17:00:00,90340000.0,90734000.0,90288000.0,90728000.0,11.06541704
2026-07-31T18:00:00,90728000.0,90730000.0,90251000.0,90526000.0,15.50414707
2026-07-31T19:00:00,90545000.0,90548000.0,90298000.0,90358000.0,6.64800248
2026-07-31T20:00:00,90358000.0,90474000.0,90315000.0,90358000.0,5.40507353
2026-07-31T21:00:00,90358000.0,90535000.0,90247000.0,90386000.0,16.33543189
2026-07-31T22:00:00,90388000.0,90500000.0,90277000.0,90431000.0,16.71043247
2026-07-31T23:00:00,90431000.0,90526000.0,90360000.0,90360000.0,17.69307733
2026-08-01T00:00:00,90363000.0,90529000.0,90350000.0,90444000.0,28.65298102
2026-08-01T01:00:00,90444000.0,90529000.0,90404000.0,90512000.0,13.05057341
2026-08-01T02:00:00,90515000.0,90691000.0,90512000.0,90626000.0,15.85491489
2026-08-01T03:00:00,90625000.0,90626000.0,90471000.0,90474000.0,15.60561176
2026-08-01T04:00:00,90474000.0,90564000.0,90402000.0,90470000.0,16.67570832
2026-08-01T05:00:00,90470000.0,90605000.0,90469000.0,90488000.0,11.00774963
2026-08-01T06:00:00,90484000.0,90620000.0,90450000.0,90611000.0,10.57673715
2026-08-01T07:00:00,90618000.0,90644000.0,90527000.0,90578000.0,13.0265992
2026-08-01T08:00:00,90576000.0,90773000.0,90576000.0,90745000.0,18.52324511
2026-08-01T09:00:00,90745000.0,90778000.0,90610000.0,90640000.0,13.2775468
2026-08-01T10:00:00,90616000.0,90711000.0,90544000.0,90583000.0,12.04726899
2026-08-01T11:00:00,90636000.0,90788000.0,90550000.0,90760000.0,16.01858812
2026-08-01T12:00:00,90736000.0,90818000.0,90735000.0,90751000.0,7.95339296
2026-08-01T13:00:00,90751000.0,90799000.0,90708000.0,90733000.0,17.52507427
2026-08-01T14:00:00,90708000.0,90780000.0,90700000.0,90713000.0,4.42018829
2026-08-01T15:00:00,90735000.0,90735000.0,90614000.0,90614000.0,9.28799396
2026-08-01T16:00:00,90614000.0,90670000.0,90467000.0,90499000.0,14.33331086
2026-08-01T17:00:00,90499000.0,90598000.0,90250000.0,90280000.0,14.89314581
2026-08-01T18:00:00,90280000.0,90387000.0,89800000.0,90240000.0,62.42367142
2026-08-01T19:00:00,90275000.0,90336000.0,90114000.0,90229000.0,9.59565414
2026-08-01T20:00:00,90228000.0,90362000.0,90172000.0,90354000.0,5.50745739
2026-08-01T21:00:00,90354000.0,90600000.0,90319000.0,90580000.0,10.06777632
2026-08-01T22:00:00,90552000.0,90651000.0,90526000.0,90529000.0,6.68419337
2026-08-01T23:00:00,90529000.0,90573000.0,90473000.0,90557000.0,10.96187254
2026-08-02T00:00:00,90557000.0,90756000.0,90511000.0,90519000.0,14.92275383
2026-08-02T01:00:00,90519000.0,90762000.0,90513000.0,90679000.0,11.95513303
2026-08-02T02:00:00,90683000.0,91331000.0,90636000.0,91251000.0,54.83667949
2026-08-02T03:00:00,91252000.0,91390000.0,91210000.0,91240000.0,23.32488602
2026-08-02T04:00:00,91240000.0,91386000.0,91202000.0,91380000.0,15.34185007
2026-08-02T05:00:00,91378000.0,91398000.0,90989000.0,91071000.0,19.97126574
2026-08-02T06:00:00,91071000.0,91154000.0,91071000.0,91112000.0,7.6895706
2026-08-02T07:00:00,91112000.0,91155000.0,91050000.0,91153000.0,8.77084976
2026-08-02T08:00:00,91153000.0,91187000.0,90672000.0,90693000.0,26.5155652
2026-08-02T09:00:00,90693000.0,90879000.0,90589000.0,90762000.0,14.40963343
2026-08-02T10:00:00,90762000.0,90820000.0,90576000.0,90700000.0,16.23449682
2026-08-02T11:00:00,90700000.0,90700000.0,90419000.0,90426000.0,22.32896829
2026-08-02T12:00:00,90427000.0,90733000.0,90427000.0,90584000.0,7.83930646
2026-08-02T13:00:00,90586000.0,90652000.0,90454000.0,90508000.0,14.77839769
2026-08-02T14:00:00,90494000.0,90610000.0,90477000.0,90507000.0,16.48587196
2026-08-02T15:00:00,90507000.0,90622000.0,90462000.0,90593000.0,8.38899268
2026-08-02T16:00:00,90593000.0,90696000.0,90476000.0,90612000.0,3.71386875
2026-08-02T17:00:00,90623000.0,90866000.0,90536000.0,90781000.0,5.96458877
2026-08-02T18:00:00,90775000.0,91108000.0,90712000.0,90872000.0,7.37222566
2026-08-02T19:00:00,90872000.0,90911000.0,90750000.0,90909000.0,4.89742979
2026-08-02T20:00:00,90901000.0,90987000.0,90893000.0,90897000.0,6.66926464
2026-08-02T21:00:00,90900000.0,91331000.0,90897000.0,91110000.0,16.04252858
2026-08-02T22:00:00,91107000.0,91290000.0,90761000.0,90916000.0,22.07801844
2026-08-02T23:00:00,90918000.0,91000000.0,90747000.0,90890000.0,20.3526551
2026-08-03T00:00:00,90938000.0,91000000.0,90350000.0,90365000.0,52.59444497
2026-08-03T01:00:00,90365000.0,90422000.0,90094000.0,90159000.0,38.90319273
2026-08-03T02:00:00,90156000.0,90171000.0,89990000.0,90001000.0,51.79437484
2026-08-03T03:00:00,90000000.0,90015000.0,89800000.0,89850000.0,52.09370733
2026-08-03T04:00:00,89850000.0,90015000.0,89742000.0,89742000.0,63.1726393
2026-08-03T05:00:00,89747000.0,89799000.0,89650000.0,89651000.0,58.76383013
2026-08-03T06:00:00,89650000.0,89694000.0,89500000.0,89501000.0,73.79674194
2026-08-03T07:00:00,89501000.0,89506000.0,89300000.0,89302000.0,67.74432505
2026-08-03T08:00:00,89301000.0,89356000.0,89001000.0,89247000.0,94.55112845
2026-08-03T09:00:00,89247000.0,89836000.0,89245000.0,89785000.0,34.5120725
2026-08-03T10:00:00,89784000.0,89800000.0,89341000.0,89549000.0,24.12094724
2026-08-03T11:00:00,89550000.0,89558000.0,89247000.0,89251000.0,25.38546639
2026-08-03T12:00:00,89250000.0,89458000.0,89098000.0,89400000.0,32.33525153
2026-08-03T13:00:00,89401000.0,90214000.0,89276000.0,90214000.0,41.6752822
2026-08-03T14:00:00,90212000.0,90922000.0,89990000.0,90899000.0,68.75197272
2026-08-03T15:00:00,90899000.0,90917000.0,90648000.0,90701000.0,35.00622412
2026-08-03T16:00:00,90701000.0,90932000.0,90700000.0,90790000.0,20.10619275
2026-08-03T17:00:00,90799000.0,91100000.0,90700000.0,90895000.0,20.68633481
2026-08-03T18:00:00,90895000.0,90990000.0,90736000.0,90849000.0,7.38133233
2026-08-03T19:00:00,90849000.0,91000000.0,90805000.0,90906000.0,11.16272461
2026-08-03T20:00:00,90887000.0,91000000.0,90700000.0,90700000.0,8.92631573
2026-08-03T21:00:00,90701000.0,90701000.0,90400000.0,90500000.0,10.85011026
2026-08-03T22:00:00,90500000.0,90624000.0,90260000.0,90499000.0,14.75272111
2026-08-03T23:00:00,90499000.0,90536000.0,90325000.0,90380000.0,14.69618761
2026-08-04T00:00:00,90380000.0,90571000.0,90099000.0,90114000.0,30.94376171
2026-08-04T01:00:00,90121000.0,90755000.0,90099000.0,90653000.0,32.94109685
2026-08-04T02:00:00,90650000.0,90737000.0,90401000.0,90685000.0,21.43271947
2026-08-04T03:00:00,90685000.0,90750000.0,90420000.0,90743000.0,18.67785644
2026-08-04T04:00:00,90742000.0,91225000.0,90698000.0,91152000.0,58.52439471
2026-08-04T05:00:00,91152000.0,91158000.0,90744000.0,90775000.0,27.17934563
2026-08-04T06:00:00,90744000.0,90864000.0,90640000.0,90652000.0,21.00119849
2026-08-04T07:00:00,90656000.0,90713000.0,90466000.0,90699000.0,10.3919993
2026-08-04T08:00:00,90699000.0,90715000.0,90538000.0,90590000.0,15.17605995
2026-08-04T09:00:00,90613000.0,90613000.0,90500000.0,90535000.0,12.17462367
2026-08-04T10:00:00,90518000.0,90822000.0,90430000.0,90799000.0,15.98401056
2026-08-04T11:00:00,90811000.0,90890000.0,90642000.0,90889000.0,12.97723046
2026-08-04T12:00:00,90876000.0,91036000.0,90758000.0,90961000.0,17.72149955
2026-08-04T13:00:00,90962000.0,91023000.0,90550000.0,90646000.0,40.68078566
2026-08-04T14:00:00,90646000.0,91173000.0,90510000.0,91173000.0,36.83869221
2026-08-04T15:00:00,91173000.0,91233000.0,90803000.0,91168000.0,28.80489208
2026-08-04T16:00:00,91168000.0,91174000.0,90901000.0,90930000.0,7.60759045
2026-08-04T17:00:00,90928000.0,91174000.0,90890000.0,90970000.0,6.93329811
2026-08-04T18:00:00,90934000.0,91460000.0,90934000.0,91398000.0,31.24193791
2026-08-04T19:00:00,91398000.0,91459000.0,91219000.0,91219000.0,11.38396903
2026-08-04T20:00:00,91268000.0,91482000.0,91009000.0,91446000.0,11.19012219
2026-08-04T21:00:00,91455000.0,91455000.0,91200000.0,91249000.0,8.07325608
2026-08-04T22:00:00,91201000.0,91298000.0,91160000.0,91280000.0,12.97163927
2026-08-04T23:00:00,91280000.0,91648000.0,91143000.0,91274000.0,37.94230649
2026-08-05T00:00:00,91238000.0,91304000.0,90890000.0,90892000.0,30.87012828
2026-08-05T01:00:00,90927000.0,91350000.0,90861000.0,91334000.0,25.09742635
2026-08-05T02:00:00,91334000.0,91507000.0,91259000.0,91300000.0,28.28254704
2026-08-05T03:00:00,91308000.0,91390000.0,90953000.0,91090000.0,17.44040655
2026-08-05T04:00:00,91088000.0,91185000.0,91026000.0,91185000.0,12.38050332
2026-08-05T05:00:00,91185000.0,91556000.0,91153000.0,91285000.0,30.36709275
2026-08-05T06:00:00,91285000.0,91373000.0,91165000.0,91178000.0,10.94002656
2026-08-05T07:00:00,91259000.0,91260000.0,90983000.0,91220000.0,16.89390572
2026-08-05T08:00:00,91208000.0,91300000.0,91100000.0,91117000.0,15.77033573
2026-08-05T09:00:00,91117000.0,91198000.0,91055000.0,91140000.0,13.53178008
2026-08-05T10:00:00,91139000.0,91296000.0,91059000.0,91059000.0,10.27625586
2026-08-05T11:00:00,91080000.0,91240000.0,91059000.0,91148000.0,10.07261569
2026-08-05T12:00:00,91122000.0,91648000.0,91069000.0,91431000.0,32.39139008
2026-08-05T13:00:00,91432000.0,91580000.0,90964000.0,91531000.0,34.78224627
2026-08-05T14:00:00,91530000.0,91700000.0,91403000.0,91657000.0,27.72711266
2026-08-05T15:00:00,91670000.0,91900000.0,91521000.0,91522000.0,35.07655606
2026-08-05T16:00:00,91522000.0,91886000.0,91521000.0,91778000.0,7.84654653
2026-08-05T17:00:00,91778000.0,91850000.0,91625000.0,91800000.0,4.73279739
2026-08-05T18:00:00,91800000.0,91871000.0,91741000.0,91820000.0,8.31257451
2026-08-05T19:00:00,91870000.0,92000000.0,91820000.0,91943000.0,10.65927753
2026-08-05T20:00:00,91900000.0,92100000.0,91826000.0,91907000.0,19.33436217
2026-08-05T21:00:00,91907000.0,91910000.0,91691000.0,91749000.0,10.417138
2026-08-05T22:00:00,91749000.0,91787000.0,91605000.0,91644000.0,12.4632641
2026-08-05T23:00:00,91644000.0,91798000.0,91566000.0,91729000.0,16.31690757
2026-08-06T00:00:00,91729000.0,91792000.0,91476000.0,91476000.0,17.77111641
2026-08-06T01:00:00,91479000.0,91479000.0,91280000.0,91321000.0,26.57946803
2026-08-06T02:00:00,91320000.0,91460000.0,91181000.0,91423000.0,19.80955476
2026-08-06T03:00:00,91423000.0,91423000.0,91240000.0,91242000.0,10.67432078
2026-08-06T04:00:00,91242000.0,91460000.0,91226000.0,91459000.0,18.69817072
2026-08-06T05:00:00,91459000.0,91859000.0,91441000.0,91669000.0,31.42127356
2026-08-06T06:00:00,91669000.0,91900000.0,91567000.0,91900000.0,20.67363532
2026-08-06T07:00:00,91900000.0,92006000.0,91871000.0,91904000.0,29.53478369
2026-08-06T08:00:00,91904000.0,92000000.0,91806000.0,91997000.0,20.99335092
2026-08-06T09:00:00,91994000.0,92009000.0,91700000.0,91743000.0,16.16007693
2026-08-06T10:00:00,91814000.0,91814000.0,91620000.0,91668000.0,9.63991491
2026-08-06T11:00:00,91668000.0,91668000.0,91560000.0,91660000.0,11.43249797
2026-08-06T12:00:00,91639000.0,91668000.0,91322000.0,91368000.0,38.04281722
2026-08-06T13:00:00,91368000.0,91550000.0,91071000.0,91500000.0,33.10653744
2026-08-06T14:00:00,91453000.0,91870000.0,91302000.0,91858000.0,24.82591057
2026-08-06T15:00:00,91858000.0,92000000.0,91595000.0,91618000.0,24.05686394
2026-08-06T16:00:00,91618000.0,91824000.0,91543000.0,91824000.0,8.72526954
2026-08-06T17:00:00,91824000.0,91825000.0,91520000.0,91589000.0,4.26863467
2026-08-06T18:00:00,91590000.0,91631000.0,91333000.0,91394000.0,5.27985986
2026-08-06T19:00:00,91394000.0,91481000.0,91334000.0,91373000.0,7.75516092
2026-08-06T20:00:00,91374000.0,91559000.0,91373000.0,91420000.0,2.40744694
2026-08-06T21:00:00,91420000.0,91500000.0,91362000.0,91411000.0,4.8441106
2026-08-06T22:00:00,91411000.0,91441000.0,91291000.0,91353000.0,12.20513498
2026-08-06T23:00:00,91379000.0,91391000.0,91164000.0,91247000.0,19.8520959
2026-08-07T00:00:00,91248000.0,91343000.0,91067000.0,91127000.0,28.85025104
2026-08-07T01:00:00,91126000.0,91292000.0,91011000.0,91100000.0,36.1088079
2026-08-07T02:00:00,91053000.0,91196000.0,90890000.0,91105000.0,48.47800734
2026-08-07T03:00:00,91105000.0,91105000.0,90727000.0,90729000.0,25.9629924
2026-08-07T04:00:00,90730000.0,90856000.0,90651000.0,90697000.0,29.19622091
2026-08-07T05:00:00,90707000.0,90952000.0,90685000.0,90928000.0,19.01388413
2026-08-07T06:00:00,90928000.0,91000000.0,90816000.0,90816000.0,16.9311924
2026-08-07T07:00:00,90831000.0,91035000.0,90710000.0,90919000.0,27.20473799
2026-08-07T08:00:00,90881000.0,91229000.0,90881000.0,91170000.0,18.77569986
2026-08-07T09:00:00,91170000.0,91758000.0,91168000.0,91447000.0,46.12390306
2026-08-07T10:00:00,91445000.0,91600000.0,91410000.0,91516000.0,14.04037113
2026-08-07T11:00:00,91516000.0,91948000.0,91513000.0,91793000.0,36.96965923
2026-08-07T12:00:00,91740000.0,92100000.0,91453000.0,91764000.0,51.15456135
2026-08-07T13:00:00,91747000.0,91899000.0,91386000.0,91386000.0,24.11095109
2026-08-07T14:00:00,91386000.0,91667000.0,91201000.0,91319000.0,53.78963047
2026-08-07T15:00:00,91319000.0,91480000.0,91260000.0,91300000.0,9.92211402
2026-08-07T16:00:00,91300000.0,91463000.0,91205000.0,91207000.0,10.72978279
2026-08-07T17:00:00,91230000.0,91250000.0,90844000.0,91123000.0,16.13844881
2026-08-07T18:00:00,91124000.0,91312000.0,91051000.0,91067000.0,7.06650188
2026-08-07T19:00:00,91119000.0,91446000.0,91079000.0,91408000.0,4.82113605
2026-08-07T20:00:00,91406000.0,91476000.0,91335000.0,91399000.0,4.65513074
2026-08-07T21:00:00,91399000.0,91500000.0,91305000.0,91391000.0,11.18923707
2026-08-07T22:00:00,91391000.0,91416000.0,91246000.0,91286000.0,5.15517632
2026-08-07T23:00:00,91312000.0,91350000.0,91236000.0,91338000.0,6.41111647
2026-08-08T00:00:00,91338000.0,91350000.0,91184000.0,91299000.0,12.52072707
2026-08-08T01:00:00,91298000.0,91421000.0,91226000.0,91265000.0,13.1463209
2026-08-08T02:00:00,91264000.0,91428000.0,91212000.0,91300000.0,11.3356868
2026-08-08T03:00:00,91300000.0,91516000.0,91280000.0,91450000.0,10.34563313
2026-08-08T04:00:00,91421000.0,91460000.0,91300000.0,91399000.0,9.0315634
2026-08-08T05:00:00,91399000.0,91400000.0,91312000.0,91386000.0,5.62529619
2026-08-08T06:00:00,91386000.0,91393000.0,91278000.0,91333000.0,5.25436923
2026-08-08T07:00:00,91352000.0,91353000.0,91251000.0,91252000.0,5.24239238
2026-08-08T08:00:00,91252000.0,91353000.0,91244000.0,91258000.0,5.48664894
2026-08-08T09:00:00,91290000.0,91353000.0,91245000.0,91298000.0,4.46772749
2026-08-08T10:00:00,91298000.0,91353000.0,91261000.0,91294000.0,5.71229795
2026-08-08T11:00:00,91321000.0,91351000.0,91262000.0,91262000.0,6.70409766
2026-08-08T12:00:00,91262000.0,91330000.0,91240000.0,91329000.0,8.54489807
2026-08-08T13:00:00,91330000.0,91353000.0,91323000.0,91353000.0,6.26351609
2026-08-08T14:00:00,91349000.0,91568000.0,91346000.0,91527000.0,13.5949907
2026-08-08T15:00:00,91527000.0,91527000.0,91418000.0,91423000.0,4.85103486
2026-08-08T16:00:00,91423000.0,91460000.0,91382000.0,91454000.0,3.69424471
2026-08-08T17:00:00,91455000.0,91524000.0,91404000.0,91524000.0,3.59654557
2026-08-08T18:00:00,91457000.0,91525000.0,91360000.0,91443000.0,3.17559489
2026-08-08T19:00:00,91443000.0,91450000.0,91348000.0,91430000.0,5.30300324
2026-08-08T20:00:00,91430000.0,91498000.0,91358000.0,91388000.0,2.31755877
2026-08-08T21:00:00,91388000.0,91480000.0,91377000.0,91404000.0,10.94092014
2026-08-08T22:00:00,91404000.0,91446000.0,91318000.0,91318000.0,8.53340356
2026-08-08T23:00:00,91318000.0,91397000.0,91278000.0,91351000.0,6.8966186
2026-08-09T00:00:00,91390000.0,91401000.0,91326000.0,91367000.0,8.41147221
2026-08-09T01:00:00,91400000.0,91435000.0,91269000.0,91280000.0,17.10260389
2026-08-09T02:00:00,91282000.0,91307000.0,91160000.0,91184000.0,12.51502387
2026-08-09T03:00:00,91212000.0,91224000.0,91100000.0,91102000.0,8.61099926
2026-08-09T04:00:00,91146000.0,91190000.0,91103000.0,91134000.0,5.36653561
2026-08-09T05:00:00,91134000.0,91220000.0,91107000.0,91127000.0,5.26144608
2026-08-09T06:00:00,91127000.0,91284000.0,91127000.0,91233000.0,5.2908118
2026-08-09T07:00:00,91272000.0,91296000.0,91187000.0,91187000.0,6.35068006
2026-08-09T08:00:00,91187000.0,91281000.0,91145000.0,91145000.0,8.03842276
2026-08-09T09:00:00,91146000.0,91205000.0,91139000.0,91193000.0,3.97351224
2026-08-09T10:00:00,91191000.0,91366000.0,91182000.0,91359000.0,8.27298907
2026-08-09T11:00:00,91360000.0,91364000.0,91309000.0,91340000.0,5.17936916
2026-08-09T12:00:00,91340000.0,91352000.0,91261000.0,91283000.0,5.63471555
2026-08-09T13:00:00,91282000.0,91600000.0,91186000.0,91543000.0,26.78168282
2026-08-09T14:00:00,91517000.0,91575000.0,91463000.0,91575000.0,16.13173167
2026-08-09T15:00:00,91575000.0,91600000.0,91524000.0,91542000.0,6.7338994
2026-08-09T16:00:00,91541000.0,91595000.0,91400000.0,91468000.0,7.19591907
2026-08-09T17:00:00,91468000.0,91509000.0,91440000.0,91441000.0,3.20520587
2026-08-09T18:00:00,91441000.0,91507000.0,91440000.0,91494000.0,1.22289437
2026-08-09T19:00:00,91494000.0,91508000.0,91411000.0,91412000.0,1.15969083
2026-08-09T20:00:00,91412000.0,91477000.0,91291000.0,91375000.0,3.6618282
2026-08-09T21:00:00,91377000.0,91450000.0,91289000.0,91426000.0,5.85567326
2026-08-09T22:00:00,91420000.0,91777000.0,91210000.0,91301000.0,27.35507668
2026-08-09T23:00:00,91301000.0,91365000.0,91100000.0,91130000.0,21.7160597
2026-08-10T00:00:00,91116000.0,91651000.0,91100000.0,91400000.0,30.14249554
2026-08-10T01:00:00,91400000.0,91950000.0,91282000.0,91728000.0,44.92364051
2026-08-10T02:00:00,91728000.0,91799000.0,91360000.0,91590000.0,28.40313753
2026-08-10T03:00:00,91589000.0,91590000.0,91324000.0,91432000.0,20.53867769
2026-08-10T04:00:00,91432000.0,91482000.0,91305000.0,91375000.0,12.83518364
2026-08-10T05:00:00,91375000.0,91590000.0,91352000.0,91585000.0,17.48235852
2026-08-10T06:00:00,91585000.0,91800000.0,91564000.0,91798000.0,19.48434562
2026-08-10T07:00:00,91798000.0,91845000.0,91686000.0,91721000.0,31.79251624
2026-08-10T08:00:00,91720000.0,91898000.0,91698000.0,91736000.0,27.36502929
2026-08-10T09:00:00,91736000.0,91796000.0,91420000.0,91463000.0,31.34376197
2026-08-10T10:00:00,91481000.0,91634000.0,91465000.0,91530000.0,15.80785852
2026-08-10T11:00:00,91529000.0,91587000.0,91490000.0,91557000.0,10.96191047
2026-08-10T12:00:00,91579000.0,91700000.0,91397000.0,91398000.0,20.77361196
2026-08-10T13:00:00,91398000.0,91410000.0,91017000.0,91066000.0,54.7985392
2026-08-10T14:00:00,91100000.0,91369000.0,91061000.0,91117000.0,14.36502923
2026-08-10T15:00:00,91116000.0,91118000.0,90600000.0,90638000.0,55.76485219
2026-08-10T16:00:00,90700000.0,90700000.0,90119000.0,90223000.0,57.11004012
2026-08-10T17:00:00,90223000.0,90368000.0,90118000.0,90223000.0,17.82692524
2026-08-10T18:00:00,90224000.0,90374000.0,90118000.0,90187000.0,15.40107986
2026-08-10T19:00:00,90231000.0,90480000.0,90187000.0,90457000.0,10.33369564
2026-08-10T20:00:00,90457000.0,90643000.0,90374000.0,90599000.0,16.6507463
2026-08-10T21:00:00,90599000.0,90599000.0,90278000.0,90379000.0,16.40782079
2026-08-10T22:00:00,90379000.0,90500000.0,90252000.0,90435000.0,25.23733009
2026-08-10T23:00:00,90435000.0,90435000.0,90304000.0,90322000.0,22.31901669
2026-08-11T00:00:00,90349000.0,90349000.0,90191000.0,90271000.0,27.75462095
2026-08-11T01:00:00,90271000.0,90300000.0,90100000.0,90195000.0,33.81996287
2026-08-11T02:00:00,90216000.0,90311000.0,90180000.0,90262000.0,13.9600999
2026-08-11T03:00:00,90262000.0,90437000.0,90261000.0,90366000.0,17.77099877
2026-08-11T04:00:00,90366000.0,90375000.0,90200000.0,90210000.0,18.02246516
2026-08-11T05:00:00,90200000.0,90210000.0,90030000.0,90121000.0,34.71594168
2026-08-11T06:00:00,90121000.0,90160000.0,90030000.0,90104000.0,21.99215594
2026-08-11T07:00:00,90104000.0,90322000.0,90024000.0,90281000.0,18.62693001
2026-08-11T08:00:00,90254000.0,90400000.0,90212000.0,90393000.0,17.73031076
2026-08-11T09:00:00,90393000.0,90519000.0,90363000.0,90519000.0,17.70509794
2026-08-11T10:00:00,90512000.0,90618000.0,90438000.0,90498000.0,11.05653701
2026-08-11T11:00:00,90499000.0,90643000.0,90498000.0,90576000.0,14.10399659
2026-08-11T12:00:00,90596000.0,90686000.0,90489000.0,90510000.0,11.85856889
2026-08-11T13:00:00,90510000.0,90590000.0,90175000.0,90274000.0,31.00811478
2026-08-11T14:00:00,90275000.0,90357000.0,89811000.0,89868000.0,82.09223901
2026-08-11T15:00:00,89868000.0,90000000.0,89512000.0,89663000.0,60.53619087
2026-08-11T16:00:00,89663000.0,89732000.0,89525000.0,89609000.0,28.27282833
2026-08-11T17:00:00,89612000.0,89640000.0,89511000.0,89640000.0,11.36339747
2026-08-11T18:00:00,89635000.0,89682000.0,89270000.0,89368000.0,43.02342629
2026-08-11T19:00:00,89425000.0,89502000.0,89230000.0,89436000.0,27.36938163
2026-08-11T20:00:00,89501000.0,89770000.0,89452000.0,89763000.0,18.39782301
2026-08-11T21:00:00,89763000.0,89784000.0,89624000.0,89710000.0,28.42761844
2026-08-11T22:00:00,89701000.0,89832000.0,89700000.0,89736000.0,28.37518822
2026-08-11T23:00:00,89736000.0,89755000.0,89623000.0,89639000.0,33.89677768
2026-08-12T00:00:00,89672000.0,89878000.0,89568000.0,89832000.0,37.43740661
2026-08-12T01:00:00,89855000.0,89947000.0,89780000.0,89929000.0,30.35540511
2026-08-12T02:00:00,89929000.0,90000000.0,89829000.0,89908000.0,33.95372854
2026-08-12T03:00:00,89868000.0,90000000.0,89836000.0,89915000.0,28.81083705
2026-08-12T04:00:00,89911000.0,89977000.0,89800000.0,89802000.0,22.4563444
2026-08-12T05:00:00,89802000.0,89915000.0,89790000.0,89904000.0,14.88468752
2026-08-12T06:00:00,89905000.0,89920000.0,89670000.0,89767000.0,20.96857388
2026-08-12T07:00:00,89767000.0,89913000.0,89739000.0,89852000.0,12.79829381
2026-08-12T08:00:00,89854000.0,89928000.0,89854000.0,89897000.0,12.95958329
2026-08-12T09:00:00,89897000.0,90266000.0,89871000.0,90206000.0,53.87695954
2026-08-12T10:00:00,90206000.0,90350000.0,90178000.0,90289000.0,15.35655901
2026-08-12T11:00:00,90289000.0,90377000.0,90289000.0,90368000.0,18.84677513
2026-08-12T12:00:00,90377000.0,90725000.0,90079000.0,90287000.0,46.75559189
2026-08-12T13:00:00,90301000.0,90307000.0,89925000.0,89983000.0,26.88677674
2026-08-12T14:00:00,89995000.0,90120000.0,89425000.0,89425000.0,53.79279082
2026-08-12T15:00:00,89425000.0,89714000.0,89414000.0,89550000.0,34.5806352
2026-08-12T16:00:00,89564000.0,89758000.0,89489000.0,89642000.0,8.47973999
2026-08-12T17:00:00,89644000.0,89777000.0,89572000.0,89629000.0,8.71808393
2026-08-12T18:00:00,89635000.0,89699000.0,89530000.0,89540000.0,8.38775214
2026-08-12T19:00:00,89571000.0,89640000.0,89472000.0,89632000.0,11.20569656
2026-08-12T20:00:00,89632000.0,89820000.0,89632000.0,89820000.0,7.85031772
2026-08-12T21:00:00,89820000.0,89948000.0,89700000.0,89762000.0,11.73111457
2026-08-12T22:00:00,89762000.0,89919000.0,89600000.0,89635000.0,15.73112588
2026-08-12T23:00:00,89635000.0,89649000.0,89503000.0,89642000.0,21.70687549
2026-08-13T00:00:00,89642000.0,89856000.0,89502000.0,89529000.0,40.66359356
2026-08-13T01:00:00,89529000.0,89624000.0,89340000.0,89394000.0,45.17493557
2026-08-13T02:00:00,89394000.0,89574000.0,89338000.0,89571000.0,33.35004702
2026-08-13T03:00:00,89570000.0,89684000.0,89510000.0,89684000.0,13.78041829
2026-08-13T04:00:00,89684000.0,89828000.0,89680000.0,89800000.0,20.39986778
2026-08-13T05:00:00,89800000.0,90099000.0,89760000.0,89978000.0,28.6952547
2026-08-13T06:00:00,89978000.0,90230000.0,89873000.0,90215000.0,25.70084643
2026-08-13T07:00:00,90215000.0,90215000.0,90007000.0,90081000.0,23.1878953
2026-08-13T08:00:00,90054000.0,90170000.0,89947000.0,89950000.0,15.26424329
2026-08-13T09:00:00,89949000.0,90000000.0,89807000.0,89957000.0,12.69756912
2026-08-13T10:00:00,89957000.0,90000000.0,89760000.0,89781000.0,12.78562513
2026-08-13T11:00:00,89781000.0,89850000.0,89500000.0,89641000.0,19.39685376
2026-08-13T12:00:00,89642000.0,89961000.0,89555000.0,89900000.0,22.54808471
2026-08-13T13:00:00,89900000.0,90090000.0,89775000.0,89990000.0,20.98020865
2026-08-13T14:00:00,89990000.0,90219000.0,89920000.0,90063000.0,15.38818031
2026-08-13T15:00:00,90063000.0,90178000.0,89598000.0,89600000.0,15.92915714
2026-08-13T16:00:00,89599000.0,89793000.0,89000000.0,89315000.0,108.84442025
2026-08-13T17:00:00,89301000.0,89500000.0,89240000.0,89338000.0,14.34544186
2026-08-13T18:00:00,89338000.0,89550000.0,89280000.0,89537000.0,8.25925741
2026-08-13T19:00:00,89537000.0,89776000.0,89514000.0,89650000.0,5.43570784
2026-08-13T20:00:00,89650000.0,89701000.0,89562000.0,89623000.0,9.64866358
2026-08-13T21:00:00,89623000.0,89695000.0,89583000.0,89643000.0,8.35488116
2026-08-13T22:00:00,89662000.0,89830000.0,89643000.0,89759000.0,17.52344908
2026-08-13T23:00:00,89784000.0,89797000.0,89500000.0,89554000.0,21.36780137
2026-08-14T00:00:00,89580000.0,89731000.0,89513000.0,89600000.0,21.88282581
2026-08-14T01:00:00,89604000.0,89678000.0,89575000.0,89588000.0,23.63408018
2026-08-14T02:00:00,89588000.0,89668000.0,89500000.0,89500000.0,26.16310844
2026-08-14T03:00:00,89500000.0,89571000.0,89330000.0,89341000.0,28.67132724
2026-08-14T04:00:00,89341000.0,89462000.0,89304000.0,89380000.0,15.66170847
2026-08-14T05:00:00,89377000.0,89380000.0,89300000.0,89324000.0,18.12910907
2026-08-14T06:00:00,89324000.0,89331000.0,89000000.0,89001000.0,97.98308704
2026-08-14T07:00:00,89029000.0,89164000.0,88981000.0,88982000.0,86.96925738
2026-08-14T08:00:00,88982000.0,88985000.0,88700000.0,88910000.0,129.14757204
2026-08-14T09:00:00,88910000.0,88942000.0,88600000.0,88700000.0,69.36277333
2026-08-14T10:00:00,88725000.0,88850000.0,88606000.0,88743000.0,26.98376746
2026-08-14T11:00:00,88779000.0,88844000.0,88743000.0,88779000.0,29.92251461
2026-08-14T12:00:00,88779000.0,88779000.0,88550000.0,88582000.0,59.67288518
2026-08-14T13:00:00,88582000.0,88664000.0,88381000.0,88407000.0,107.69326922
2026-08-14T14:00:00,88407000.0,88513000.0,88342000.0,88378000.0,60.07748098
2026-08-14T15:00:00,88378000.0,88997000.0,88371000.0,88970000.0,31.33274275
2026-08-14T16:00:00,88976000.0,89176000.0,88934000.0,89063000.0,18.3006056
2026-08-14T17:00:00,89063000.0,89172000.0,88908000.0,88917000.0,14.85359074
2026-08-14T18:00:00,88908000.0,89023000.0,88761000.0,88837000.0,10.97764366
2026-08-14T19:00:00,88837000.0,88941000.0,88750000.0,88860000.0,3.88365879
2026-08-14T20:00:00,88870000.0,89059000.0,88850000.0,88924000.0,7.63361364
2026-08-14T21:00:00,88923000.0,88965000.0,88907000.0,88956000.0,10.08482086
2026-08-14T22:00:00,88956000.0,88970000.0,88888000.0,88965000.0,10.07446944
2026-08-14T23:00:00,88965000.0,89164000.0,88960000.0,89120000.0,14.7537997
2026-08-15T00:00:00,89141000.0,89168000.0,89042000.0,89064000.0,13.99959395
2026-08-15T01:00:00,89062000.0,89172000.0,89037000.0,89110000.0,9.46824914
2026-08-15T02:00:00,89111000.0,89299000.0,89111000.0,89299000.0,19.37988843
2026-08-15T03:00:00,89294000.0,89331000.0,89214000.0,89216000.0,13.73052208
2026-08-15T04:00:00,89216000.0,89302000.0,89215000.0,89291000.0,7.03088591
2026-08-15T05:00:00,89291000.0,89342000.0,89210000.0,89211000.0,15.08082286
2026-08-15T06:00:00,89211000.0,89265000.0,89083000.0,89207000.0,17.47602674
2026-08-15T07:00:00,89218000.0,89278000.0,89145000.0,89187000.0,7.53437044
2026-08-15T08:00:00,89187000.0,89218000.0,89027000.0,89046000.0,9.40488294
2026-08-15T09:00:00,89037000.0,89150000.0,88973000.0,89136000.0,20.90695398
2026-08-15T10:00:00,89082000.0,89136000.0,89073000.0,89136000.0,5.83173418
2026-08-15T11:00:00,89135000.0,89181000.0,89120000.0,89154000.0,5.96612256
2026-08-15T12:00:00,89160000.0,89180000.0,88999000.0,89119000.0,12.25198149
2026-08-15T13:00:00,89119000.0,89200000.0,89086000.0,89131000.0,9.59354204
2026-08-15T14:00:00,89129000.0,89178000.0,89083000.0,89178000.0,7.29495002
2026-08-15T15:00:00,89179000.0,89250000.0,89087000.0,89163000.0,9.45796834
2026-08-15T16:00:00,89162000.0,89228000.0,89161000.0,89202000.0,3.58793097
2026-08-15T17:00:00,89202000.0,89250000.0,89175000.0,89250000.0,3.99067153
2026-08-15T18:00:00,89224000.0,89274000.0,89140000.0,89228000.0,2.46081723
2026-08-15T19:00:00,89153000.0,89279000.0,89153000.0,89278000.0,1.74594268
2026-08-15T20:00:00,89181000.0,89290000.0,89160000.0,89258000.0,3.34605596
2026-08-15T21:00:00,89256000.0,89290000.0,89200000.0,89260000.0,3.91887713
2026-08-15T22:00:00,89244000.0,89289000.0,89214000.0,89289000.0,6.0959148
2026-08-15T23:00:00,89283000.0,89290000.0,89174000.0,89246000.0,10.79847162
2026-08-16T00:00:00,89266000.0,89268000.0,89166000.0,89187000.0,11.94941173
2026-08-16T01:00:00,89200000.0,89273000.0,89166000.0,89242000.0,8.47594268
2026-08-16T02:00:00,89242000.0,89320000.0,89171000.0,89316000.0,14.76530544
2026-08-16T03:00:00,89316000.0,89335000.0,89250000.0,89335000.0,7.08271744
2026-08-16T04:00:00,89330000.0,89340000.0,89269000.0,89270000.0,7.6582103
2026-08-16T05:00:00,89290000.0,89335000.0,89188000.0,89239000.0,8.11129827
2026-08-16T06:00:00,89239000.0,89244000.0,89174000.0,89243000.0,5.25226034
2026-08-16T07:00:00,89244000.0,89244000.0,89201000.0,89240000.0,5.69026121
2026-08-16T08:00:00,89244000.0,89244000.0,89206000.0,89229000.0,4.84757192
2026-08-16T09:00:00,89220000.0,89244000.0,89155000.0,89160000.0,8.31932999
2026-08-16T10:00:00,89158000.0,89160000.0,89100000.0,89118000.0,8.62896704
2026-08-16T11:00:00,89110000.0,89160000.0,89099000.0,89136000.0,7.43427627
2026-08-16T12:00:00,89135000.0,89167000.0,89111000.0,89165000.0,6.134408
2026-08-16T13:00:00,89167000.0,89300000.0,89163000.0,89255000.0,7.39722429
2026-08-16T14:00:00,89229000.0,89299000.0,89220000.0,89299000.0,3.78527782
2026-08-16T15:00:00,89254000.0,89300000.0,89250000.0,89251000.0,4.30131944
2026-08-16T16:00:00,89300000.0,89650000.0,89252000.0,89456000.0,21.85542936
2026-08-16T17:00:00,89429000.0,89487000.0,89319000.0,89367000.0,5.66701123
2026-08-16T18:00:00,89327000.0,89370000.0,89319000.0,89368000.0,3.22196881
2026-08-16T19:00:00,89368000.0,89414000.0,89319000.0,89319000.0,2.25515286
2026-08-16T20:00:00,89327000.0,89377000.0,89228000.0,89228000.0,5.58574472
2026-08-16T21:00:00,89228000.0,89289000.0,88950000.0,89082000.0,20.86538125
2026-08-16T22:00:00,89082000.0,89168000.0,88901000.0,89057000.0,16.83813202
2026-08-16T23:00:00,89092000.0,89199000.0,89057000.0,89168000.0,8.15861356
2026-08-17T00:00:00,89197000.0,89253000.0,88992000.0,89067000.0,17.80436369
2026-08-17T01:00:00,89124000.0,89408000.0,89035000.0,89286000.0,21.61062434
2026-08-17T02:00:00,89286000.0,89643000.0,89160000.0,89550000.0,24.12817248
2026-08-17T03:00:00,89550000.0,89643000.0,89400000.0,89630000.0,13.80167523
2026-08-17T04:00:00,89630000.0,89755000.0,89609000.0,89691000.0,25.78587216
2026-08-17T05:00:00,89690000.0,89749000.0,89580000.0,89707000.0,14.18937868
2026-08-17T06:00:00,89707000.0,89890000.0,89661000.0,89768000.0,25.5900839
2026-08-17T07:00:00,89768000.0,89850000.0,89633000.0,89677000.0,7.88892112
2026-08-17T08:00:00,89677000.0,89700000.0,89440000.0,89502000.0,9.70699669
2026-08-17T09:00:00,89501000.0,89604000.0,89447000.0,89459000.0,8.07713581
2026-08-17T10:00:00,89459000.0,89831000.0,89432000.0,89831000.0,20.81924473
2026-08-17T11:00:00,89830000.0,89895000.0,89697000.0,89710000.0,21.93860853
2026-08-17T12:00:00,89721000.0,89806000.0,89680000.0,89726000.0,9.82109073
2026-08-17T13:00:00,89723000.0,89995000.0,89597000.0,89788000.0,22.82993999
2026-08-17T14:00:00,89785000.0,90099000.0,89706000.0,90099000.0,30.92781069
2026-08-17T15:00:00,90099000.0,90577000.0,90006000.0,90457000.0,46.01416943
2026-08-17T16:00:00,90449000.0,90529000.0,90247000.0,90330000.0,10.19369763
2026-08-17T17:00:00,90325000.0,90755000.0,90131000.0,90686000.0,28.68017082
2026-08-17T18:00:00,90686000.0,90997000.0,90604000.0,90800000.0,18.2601863
2026-08-17T19:00:00,90800000.0,90815000.0,90599000.0,90600000.0,11.68952175
2026-08-17T20:00:00,90599000.0,90822000.0,90551000.0,90778000.0,12.96564671
2026-08-17T21:00:00,90778000.0,90850000.0,90619000.0,90750000.0,19.83203574
2026-08-17T22:00:00,90750000.0,90772000.0,90624000.0,90645000.0,11.85862437
2026-08-17T23:00:00,90645000.0,91000000.0,90618000.0,90959000.0,35.11779862
2026-08-18T00:00:00,90959000.0,91000000.0,90669000.0,90670000.0,34.91861949
2026-08-18T01:00:00,90670000.0,90670000.0,90339000.0,90365000.0,26.21911886
2026-08-18T02:00:00,90345000.0,90475000.0,90191000.0,90208000.0,27.04951583
2026-08-18T03:00:00,90192000.0,90265000.0,90141000.0,90248000.0,27.23415042
2026-08-18T04:00:00,90248000.0,90335000.0,90150000.0,90300000.0,16.71919653
2026-08-18T05:00:00,90300000.0,90425000.0,90263000.0,90370000.0,24.70988502
2026-08-18T06:00:00,90358000.0,90629000.0,90256000.0,90430000.0,16.84479465
2026-08-18T07:00:00,90418000.0,90468000.0,90209000.0,90210000.0,10.93393978
2026-08-18T08:00:00,90291000.0,90423000.0,90144000.0,90252000.0,31.18306551
2026-08-18T09:00:00,90252000.0,90252000.0,90078000.0,90115000.0,28.37407117
2026-08-18T10:00:00,90115000.0,90215000.0,90075000.0,90117000.0,12.45823078
2026-08-18T11:00:00,90142000.0,90500000.0,90108000.0,90418000.0,17.24596033
2026-08-18T12:00:00,90379000.0,90433000.0,90264000.0,90264000.0,7.25513648
2026-08-18T13:00:00,90264000.0,90323000.0,90060000.0,90198000.0,19.92237034
2026-08-18T14:00:00,90220000.0,91257000.0,90207000.0,90925000.0,68.45029664
2026-08-18T15:00:00,90925000.0,91080000.0,90800000.0,91002000.0,17.03050916
2026-08-18T16:00:00,91040000.0,91098000.0,90850000.0,91077000.0,7.67612715
2026-08-18T17:00:00,91077000.0,91090000.0,90934000.0,90934000.0,5.00274586
2026-08-18T18:00:00,90942000.0,91009000.0,90877000.0,91006000.0,2.75943154
2026-08-18T19:00:00,91006000.0,91006000.0,90850000.0,90898000.0,4.58781603
2026-08-18T20:00:00,90898000.0,90921000.0,90770000.0,90832000.0,8.9930309
2026-08-18T21:00:00,90832000.0,90921000.0,90770000.0,90790000.0,9.43840904
2026-08-18T22:00:00,90796000.0,90867000.0,90674000.0,90835000.0,14.16167235
2026-08-18T23:00:00,90835000.0,90966000.0,90800000.0,90933000.0,15.87854375
2026-08-19T00:00:00,90906000.0,91000000.0,90499000.0,90515000.0,34.14590244
2026-08-19T01:00:00,90512000.0,90533000.0,90330000.0,90372000.0,17.93753012
2026-08-19T02:00:00,90372000.0,90374000.0,90048000.0,90111000.0,35.330373
2026-08-19T03:00:00,90110000.0,90111000.0,89916000.0,89940000.0,42.96162704
2026-08-19T04:00:00,89922000.0,90030000.0,89892000.0,89910000.0,32.00915034
2026-08-19T05:00:00,89915000.0,90009000.0,89780000.0,89783000.0,27.6631657
2026-08-19T06:00:00,89783000.0,89870000.0,89700000.0,89801000.0,26.18377999
2026-08-19T07:00:00,89801000.0,89915000.0,89800000.0,89829000.0,17.94060145
2026-08-19T08:00:00,89829000.0,89900000.0,89550000.0,89786000.0,40.50594533
2026-08-19T09:00:00,89786000.0,89972000.0,89732000.0,89740000.0,34.17471118
2026-08-19T10:00:00,89823000.0,89824000.0,89580000.0,89644000.0,20.77744822
2026-08-19T11:00:00,89644000.0,89883000.0,89644000.0,89852000.0,14.62422649
2026-08-19T12:00:00,89875000.0,90254000.0,89729000.0,90048000.0,36.11893057
2026-08-19T13:00:00,90049000.0,90400000.0,89996000.0,90293000.0,33.10955197
2026-08-19T14:00:00,90290000.0,91188000.0,90290000.0,91092000.0,66.93004601
2026-08-19T15:00:00,91092000.0,95000000.0,91045000.0,94521000.0,482.46446174
2026-08-19T16:00:00,94550000.0,94979000.0,94241000.0,94333000.0,92.31553621
2026-08-19T17:00:00,94333000.0,94368000.0,93596000.0,94026000.0,66.48617618
2026-08-19T18:00:00,94026000.0,94200000.0,93730000.0,94104000.0,30.26781217
2026-08-19T19:00:00,94104000.0,94192000.0,93711000.0,94163000.0,30.29795238
2026-08-19T20:00:00,94173000.0,95000000.0,94075000.0,94807000.0,81.1968607
2026-08-19T21:00:00,94807000.0,95600000.0,94673000.0,95400000.0,193.3312439
2026-08-19T22:00:00,95395000.0,95455000.0,94200000.0,94620000.0,144.50697649
2026-08-19T23:00:00,94620000.0,95347000.0,94537000.0,95347000.0,153.04263338
2026-08-20T00:00:00,95347000.0,95914000.0,95321000.0,95771000.0,143.41781979
2026-08-20T01:00:00,95771000.0,96141000.0,95508000.0,96141000.0,96.28799143
2026-08-20T02:00:00,96142000.0,96206000.0,95550000.0,95551000.0,86.77974616
2026-08-20T03:00:00,95551000.0,95551000.0,94846000.0,95230000.0,80.3945071
2026-08-20T04:00:00,95230000.0,95901000.0,95181000.0,95870000.0,40.30154232
2026-08-20T05:00:00,95869000.0,96037000.0,95746000.0,95761000.0,44.94908454
2026-08-20T06:00:00,95772000.0,96250000.0,95669000.0,96215000.0,48.45617044
2026-08-20T07:00:00,96215000.0,96432000.0,95917000.0,96173000.0,49.26291197
2026-08-20T08:00:00,96188000.0,99000000.0,96169000.0,98821000.0,371.18292151
2026-08-20T09:00:00,98819000.0,99731000.0,98674000.0,99098000.0,246.06775764
2026-08-20T10:00:00,99093000.0,99999000.0,99093000.0,99450000.0,153.74656185
2026-08-20T11:00:00,99450000.0,99990000.0,99334000.0,99467000.0,118.90229858
2026-08-20T12:00:00,99466000.0,99583000.0,98765000.0,99317000.0,119.86879663
2026-08-20T13:00:00,99334000.0,99450000.0,98300000.0,98803000.0,91.08699871
2026-08-20T14:00:00,98844000.0,99184000.0,98350000.0,98745000.0,79.48149323
2026-08-20T15:00:00,98739000.0,99990000.0,98695000.0,99670000.0,119.18308573
2026-08-20T16:00:00,99670000.0,99900000.0,99275000.0,99827000.0,40.9344134
2026-08-20T17:00:00,99832000.0,99998000.0,99570000.0,99839000.0,42.49310998
2026-08-20T18:00:00,99839000.0,99990000.0,99500000.0,99590000.0,32.28642422
2026-08-20T19:00:00,99632000.0,99990000.0,99416000.0,99956000.0,19.6154979
2026-08-20T20:00:00,99956000.0,100263000.0,99798000.0,99824000.0,81.65211923
2026-08-20T21:00:00,99824000.0,100249000.0,99800000.0,100206000.0,44.41139563
2026-08-20T22:00:00,100206000.0,100398000.0,99943000.0,100295000.0,68.36917515
2026-08-20T23:00:00,100295000.0,100900000.0,100283000.0,100591000.0,219.67519108
2026-08-21T00:00:00,100591000.0,101694000.0,100590000.0,101368000.0,336.70499391
2026-08-21T01:00:00,101370000.0,104005000.0,101367000.0,103443000.0,391.21013528
2026-08-21T02:00:00,103443000.0,103500000.0,102300000.0,102370000.0,205.90412668
2026-08-21T03:00:00,102304000.0,102959000.0,102200000.0,102538000.0,116.08487564
2026-08-21T04:00:00,102593000.0,103270000.0,102539000.0,103266000.0,87.12227146
2026-08-21T05:00:00,103265000.0,103870000.0,103151000.0,103847000.0,103.8191764
2026-08-21T06:00:00,103850000.0,104445000.0,103515000.0,104395000.0,155.95132322
2026-08-21T07:00:00,104395000.0,105989000.0,104380000.0,105470000.0,318.13808711
2026-08-21T08:00:00,105451000.0,109500000.0,105374000.0,109283000.0,432.30326249
2026-08-21T09:00:00,109283000.0,109450000.0,106573000.0,107092000.0,460.29615269
2026-08-21T10:00:00,107092000.0,107762000.0,106750000.0,107197000.0,127.10035044
2026-08-21T11:00:00,107197000.0,107210000.0,104960000.0,105191000.0,274.19019646
2026-08-21T12:00:00,105274000.0,106556000.0,105058000.0,106176000.0,147.6932415
2026-08-21T13:00:00,106184000.0,106718000.0,104960000.0,106199000.0,149.61413446
2026-08-21T14:00:00,106176000.0,106412000.0,105176000.0,106348000.0,97.52197223
2026-08-21T15:00:00,106300000.0,106872000.0,106010000.0,106060000.0,92.72405459
2026-08-21T16:00:00,106104000.0,106550000.0,105600000.0,106537000.0,40.78808985
2026-08-21T17:00:00,106537000.0,106758000.0,106054000.0,106386000.0,20.79286089
2026-08-21T18:00:00,106386000.0,106549000.0,105400000.0,105915000.0,23.95689969
2026-08-21T19:00:00,105913000.0,106217000.0,105682000.0,105899000.0,19.9885324
2026-08-21T20:00:00,105899000.0,106486000.0,105717000.0,106438000.0,20.72068765
2026-08-21T21:00:00,106450000.0,107700000.0,106206000.0,107500000.0,89.19245629
2026-08-21T22:00:00,107500000.0,107761000.0,107005000.0,107497000.0,101.62683014
2026-08-21T23:00:00,107498000.0,107775000.0,107314000.0,107503000.0,104.3542938
2026-08-22T00:00:00,107449000.0,107744000.0,106807000.0,107070000.0,148.36462575
2026-08-22T01:00:00,107070000.0,107502000.0,106947000.0,107123000.0,123.80888693
2026-08-22T02:00:00,107123000.0,108230000.0,107038000.0,108230000.0,150.62528367
2026-08-22T03:00:00,108230000.0,108609000.0,108117000.0,108123000.0,172.93757714
2026-08-22T04:00:00,108123000.0,108296000.0,107680000.0,107813000.0,165.6893163
2026-08-22T05:00:00,107813000.0,107920000.0,105338000.0,106550000.0,498.5479854
2026-08-22T06:00:00,106527000.0,106550000.0,105900000.0,106500000.0,85.29191142
2026-08-22T07:00:00,106500000.0,106738000.0,106100000.0,106171000.0,64.24494048
2026-08-22T08:00:00,106171000.0,106370000.0,105501000.0,105509000.0,116.18008441
2026-08-22T09:00:00,105509000.0,105851000.0,105000000.0,105203000.0,125.00103865
2026-08-22T10:00:00,105126000.0,105427000.0,103938000.0,104842000.0,323.80072677
2026-08-22T11:00:00,104842000.0,105504000.0,104471000.0,105503000.0,79.39539458
2026-08-22T12:00:00,105504000.0,106167000.0,105503000.0,105836000.0,88.77191918
2026-08-22T13:00:00,105835000.0,105998000.0,105452000.0,105996000.0,37.19706403
2026-08-22T14:00:00,105997000.0,106000000.0,105391000.0,105524000.0,33.77873314
2026-08-22T15:00:00,105524000.0,105678000.0,105306000.0,105307000.0,28.99265456
2026-08-22T16:00:00,105307000.0,105915000.0,105275000.0,105626000.0,27.04394048
2026-08-22T17:00:00,105626000.0,105722000.0,105274000.0,105553000.0,14.32293556
2026-08-22T18:00:00,105579000.0,105615000.0,105414000.0,105459000.0,8.82445723
2026-08-22T19:00:00,105512000.0,105788000.0,105472000.0,105776000.0,6.63090781
2026-08-22T20:00:00,105776000.0,105788000.0,105622000.0,105674000.0,15.66073451
2026-08-22T21:00:00,105674000.0,105674000.0,105310000.0,105313000.0,15.94754241
2026-08-22T22:00:00,105313000.0,105759000.0,105270000.0,105524000.0,26.88183627
2026-08-22T23:00:00,105525000.0,105635000.0,105350000.0,105580000.0,29.79857483
2026-08-23T00:00:00,105581000.0,106529000.0,105465000.0,106459000.0,90.16467835
2026-08-23T01:00:00,106429000.0,106500000.0,106071000.0,106112000.0,55.42155669
2026-08-23T02:00:00,106137000.0,106149000.0,105884000.0,105934000.0,47.77062829
2026-08-23T03:00:00,105934000.0,106051000.0,105740000.0,105823000.0,30.40177984
2026-08-23T04:00:00,105823000.0,105915000.0,105390000.0,105472000.0,47.15464003
2026-08-23T05:00:00,105472000.0,105636000.0,104100000.0,104491000.0,135.13364965
2026-08-23T06:00:00,104493000.0,104759000.0,104297000.0,104339000.0,57.40283777
2026-08-23T07:00:00,104332000.0,104674000.0,104000000.0,104050000.0,58.80823576
2026-08-23T08:00:00,104050000.0,104883000.0,103990000.0,104820000.0,72.66483253
2026-08-23T09:00:00,104802000.0,104966000.0,104742000.0,104890000.0,31.51767099
2026-08-23T10:00:00,104854000.0,105278000.0,104854000.0,105065000.0,42.26247638
2026-08-23T11:00:00,105065000.0,106250000.0,105014000.0,106198000.0,101.46651778
2026-08-23T12:00:00,106237000.0,106241000.0,105721000.0,106033000.0,50.92467405
2026-08-23T13:00:00,106050000.0,106552000.0,106032000.0,106404000.0,92.76320797
2026-08-23T14:00:00,106420000.0,106510000.0,105439000.0,105850000.0,74.82863758
2026-08-23T15:00:00,105851000.0,105986000.0,105343000.0,105704000.0,29.14742523
2026-08-23T16:00:00,105704000.0,106014000.0,105702000.0,106012000.0,8.85804034
2026-08-23T17:00:00,106012000.0,106033000.0,105647000.0,105715000.0,10.13626938
2026-08-23T18:00:00,105700000.0,105974000.0,105576000.0,105847000.0,5.53180079
2026-08-23T19:00:00,105847000.0,105919000.0,105779000.0,105902000.0,7.58228712
2026-08-23T20:00:00,105902000.0,105930000.0,105742000.0,105930000.0,9.8085276
2026-08-23T21:00:00,105930000.0,106759000.0,105918000.0,106511000.0,48.81168025
2026-08-23T22:00:00,106511000.0,106719000.0,106200000.0,106400000.0,32.46654195
2026-08-23T23:00:00,106400000.0,106736000.0,106000000.0,106736000.0,59.88028485
2026-08-24T00:00:00,106735000.0,106759000.0,105856000.0,106323000.0,66.09766527
2026-08-24T01:00:00,106323000.0,106389000.0,105549000.0,105549000.0,45.86588476
2026-08-24T02:00:00,105549000.0,106160000.0,105429000.0,106086000.0,55.626879
2026-08-24T03:00:00,106146000.0,106164000.0,105453000.0,105517000.0,42.94757075
2026-08-24T04:00:00,105518000.0,105963000.0,105273000.0,105396000.0,56.62084026
2026-08-24T05:00:00,105409000.0,105814000.0,105397000.0,105772000.0,26.96419967
2026-08-24T06:00:00,105771000.0,106290000.0,105633000.0,106200000.0,40.86176133
2026-08-24T07:00:00,106200000.0,106688000.0,106086000.0,106170000.0,53.98338288
2026-08-24T08:00:00,106170000.0,106270000.0,105756000.0,106055000.0,39.38572068
2026-08-24T09:00:00,106054000.0,106483000.0,106008000.0,106481000.0,23.53833605
2026-08-24T10:00:00,106481000.0,107027000.0,106443000.0,106656000.0,82.098309
2026-08-24T11:00:00,106656000.0,108005000.0,106500000.0,107905000.0,138.56482647
2026-08-24T12:00:00,107905000.0,109000000.0,107406000.0,108988000.0,185.63102943
2026-08-24T13:00:00,108988000.0,109196000.0,107091000.0,108058000.0,273.9894168
2026-08-24T14:00:00,108058000.0,109500000.0,108057000.0,109205000.0,221.14957109
2026-08-24T15:00:00,109190000.0,109701000.0,108347000.0,108621000.0,155.90384224
2026-08-24T16:00:00,108621000.0,109590000.0,108425000.0,108699000.0,56.69914728
2026-08-24T17:00:00,108699000.0,108880000.0,108101000.0,108411000.0,59.72460602
2026-08-24T18:00:00,108432000.0,108725000.0,108300000.0,108637000.0,31.36504344
2026-08-24T19:00:00,108637000.0,108860000.0,108273000.0,108375000.0,29.8281484
2026-08-24T20:00:00,108393000.0,108701000.0,108120000.0,108515000.0,17.22655274
2026-08-24T21:00:00,108566000.0,108750000.0,108514000.0,108605000.0,32.99564068
2026-08-24T22:00:00,108622000.0,108694000.0,108285000.0,108347000.0,39.69632476
2026-08-24T23:00:00,108347000.0,108745000.0,108295000.0,108653000.0,48.51461171
2026-08-25T00:00:00,108653000.0,109777000.0,108264000.0,109732000.0,139.72003655
2026-08-25T01:00:00,109732000.0,110000000.0,109455000.0,109880000.0,156.62477564
2026-08-25T02:00:00,109880000.0,111545000.0,109864000.0,111018000.0,330.37586993
2026-08-25T03:00:00,111018000.0,111489000.0,110772000.0,110828000.0,137.87399045
2026-08-25T04:00:00,110828000.0,110904000.0,110500000.0,110685000.0,87.19525635
2026-08-25T05:00:00,110680000.0,111259000.0,110680000.0,111240000.0,79.30637591
2026-08-25T06:00:00,111241000.0,111399000.0,110998000.0,111139000.0,96.96683028
2026-08-25T07:00:00,111139000.0,111409000.0,109846000.0,110366000.0,173.17097706
2026-08-25T08:00:00,110379000.0,110945000.0,110202000.0,110462000.0,74.04368735
2026-08-25T09:00:00,110462000.0,110490000.0,109004000.0,109438000.0,125.87070217
2026-08-25T10:00:00,109413000.0,109847000.0,109120000.0,109686000.0,82.09543869
2026-08-25T11:00:00,109686000.0,109883000.0,109338000.0,109450000.0,63.61311045
2026-08-25T12:00:00,109450000.0,109485000.0,108853000.0,109222000.0,105.85950707
2026-08-25T13:00:00,109223000.0,109733000.0,108505000.0,109105000.0,180.97648496
2026-08-25T14:00:00,109105000.0,109951000.0,108990000.0,109823000.0,102.13585084
2026-08-25T15:00:00,109823000.0,110199000.0,109566000.0,110199000.0,46.91770376
2026-08-25T16:00:00,110197000.0,110210000.0,109558000.0,109689000.0,34.28888502
2026-08-25T17:00:00,109689000.0,109844000.0,109300000.0,109830000.0,31.13154835
2026-08-25T18:00:00,109842000.0,109975000.0,109643000.0,109735000.0,13.74711724
2026-08-25T19:00:00,109735000.0,109827000.0,109234000.0,109498000.0,20.53632756
2026-08-25T20:00:00,109498000.0,109625000.0,108736000.0,108817000.0,45.64803002
2026-08-25T21:00:00,108800000.0,109380000.0,108600000.0,109321000.0,63.99517026
2026-08-25T22:00:00,109305000.0,109691000.0,109160000.0,109583000.0,61.66825487
2026-08-25T23:00:00,109585000.0,109691000.0,109113000.0,109165000.0,67.29970741
2026-08-26T00:00:00,109165000.0,109619000.0,108958000.0,109553000.0,77.74957002
2026-08-26T01:00:00,109553000.0,109885000.0,109520000.0,109592000.0,65.00214369
2026-08-26T02:00:00,109592000.0,110018000.0,109487000.0,110000000.0,79.34305615
2026-08-26T03:00:00,110001000.0,110117000.0,109859000.0,110023000.0,79.40403863
2026-08-26T04:00:00,110023000.0,110038000.0,109564000.0,109625000.0,159.22869868
2026-08-26T05:00:00,109633000.0,110013000.0,109500000.0,109989000.0,35.43410923
2026-08-26T06:00:00,109997000.0,110043000.0,109650000.0,109700000.0,37.59729475
2026-08-26T07:00:00,109700000.0,109967000.0,109681000.0,109753000.0,23.22297256
2026-08-26T08:00:00,109753000.0,109948000.0,109453000.0,109507000.0,38.5281872
2026-08-26T09:00:00,109580000.0,109777000.0,109020000.0,109166000.0,56.03939696
2026-08-26T10:00:00,109190000.0,109664000.0,109000000.0,109397000.0,60.13662941
2026-08-26T11:00:00,109417000.0,109520000.0,109000000.0,109206000.0,60.34508143
2026-08-26T12:00:00,109206000.0,109355000.0,108567000.0,109012000.0,111.2564908
2026-08-26T13:00:00,109061000.0,109327000.0,108522000.0,109142000.0,111.82340908
2026-08-26T14:00:00,109165000.0,109320000.0,108242000.0,108252000.0,70.55533483
2026-08-26T15:00:00,108252000.0,108718000.0,107979000.0,108545000.0,93.7612551
2026-08-26T16:00:00,108636000.0,108708000.0,108407000.0,108612000.0,19.02304746
2026-08-26T17:00:00,108611000.0,109270000.0,108500000.0,109021000.0,19.38051493
2026-08-26T18:00:00,109055000.0,109301000.0,108838000.0,109056000.0,10.03014911
2026-08-26T19:00:00,109100000.0,109290000.0,108903000.0,109093000.0,8.12927874
2026-08-26T20:00:00,109141000.0,109274000.0,108884000.0,109250000.0,16.1671758
2026-08-26T21:00:00,109262000.0,109738000.0,109157000.0,109565000.0,41.70950582
2026-08-26T22:00:00,109565000.0,109847000.0,109274000.0,109586000.0,55.09607459
2026-08-26T23:00:00,109586000.0,109973000.0,109459000.0,109830000.0,52.88533569
2026-08-27T00:00:00,109830000.0,109830000.0,108968000.0,109019000.0,59.42529305
2026-08-27T01:00:00,109018000.0,109326000.0,108800000.0,109259000.0,49.7724221
2026-08-27T02:00:00,109250000.0,109325000.0,108933000.0,109094000.0,22.981966
2026-08-27T03:00:00,109094000.0,109404000.0,109000000.0,109240000.0,35.69688282
2026-08-27T04:00:00,109233000.0,109283000.0,109109000.0,109155000.0,24.82480543
2026-08-27T05:00:00,109155000.0,109253000.0,108960000.0,109193000.0,32.11985605
2026-08-27T06:00:00,109218000.0,109287000.0,108998000.0,109212000.0,18.62797083
2026-08-27T07:00:00,109212000.0,109500000.0,109086000.0,109472000.0,37.11121604
2026-08-27T08:00:00,109451000.0,110528000.0,109425000.0,110266000.0,143.49538525
2026-08-27T09:00:00,110266000.0,111170000.0,110177000.0,110560000.0,123.04089299
2026-08-27T10:00:00,110560000.0,110876000.0,109900000.0,110199000.0,72.0872118
2026-08-27T11:00:00,110205000.0,110500000.0,109738000.0,110178000.0,43.60431994
2026-08-27T12:00:00,110178000.0,110280000.0,109870000.0,109914000.0,28.78801163
2026-08-27T13:00:00,109914000.0,110240000.0,109520000.0,110112000.0,60.68190334
2026-08-27T14:00:00,110113000.0,111041000.0,109933000.0,110899000.0,102.16986733
2026-08-27T15:00:00,110900000.0,111500000.0,110699000.0,110929000.0,106.81115856
2026-08-27T16:00:00,110929000.0,111205000.0,110702000.0,110899000.0,30.33373703
2026-08-27T17:00:00,110932000.0,111443000.0,110746000.0,110972000.0,23.74255425
2026-08-27T18:00:00,110994000.0,111036000.0,110231000.0,110733000.0,27.0373865
2026-08-27T19:00:00,110831000.0,110950000.0,110397000.0,110397000.0,15.53506635
2026-08-27T20:00:00,110397000.0,110703000.0,110330000.0,110647000.0,8.58931515
2026-08-27T21:00:00,110679000.0,110825000.0,110573000.0,110768000.0,20.0519082
2026-08-27T22:00:00,110768000.0,111111000.0,110705000.0,110916000.0,27.66835457
2026-08-27T23:00:00,110917000.0,111062000.0,110841000.0,111004000.0,41.60767648
2026-08-28T00:00:00,111004000.0,111500000.0,110900000.0,111458000.0,105.74654758
2026-08-28T01:00:00,111481000.0,112445000.0,111110000.0,111200000.0,193.48632559
2026-08-28T02:00:00,111200000.0,111200000.0,110505000.0,110744000.0,101.01194787
2026-08-28T03:00:00,110667000.0,110909000.0,110429000.0,110505000.0,47.84998326
2026-08-28T04:00:00,110506000.0,110641000.0,110211000.0,110274000.0,42.03161503
2026-08-28T05:00:00,110297000.0,110715000.0,110135000.0,110450000.0,41.302896
2026-08-28T06:00:00,110450000.0,110681000.0,110200000.0,110457000.0,44.05741709
2026-08-28T07:00:00,110450000.0,110501000.0,110050000.0,110100000.0,33.13722118
2026-08-28T08:00:00,110100000.0,110351000.0,110001000.0,110001000.0,32.26115069
2026-08-28T09:00:00,110002000.0,110003000.0,109700000.0,109780000.0,71.92017268
2026-08-28T10:00:00,109780000.0,110170000.0,109403000.0,110137000.0,62.34911653
2026-08-28T11:00:00,110163000.0,110363000.0,110009000.0,110086000.0,29.54192293
2026-08-28T12:00:00,110099000.0,110297000.0,109844000.0,109900000.0,26.13416617
2026-08-28T13:00:00,109900000.0,110157000.0,109578000.0,109995000.0,51.70276132
2026-08-28T14:00:00,109950000.0,110568000.0,109091000.0,110274000.0,164.31439547
2026-08-28T15:00:00,110241000.0,110627000.0,108860000.0,108887000.0,85.42253089
2026-08-28T16:00:00,108933000.0,108973000.0,107118000.0,108298000.0,213.80121792
2026-08-28T17:00:00,108251000.0,108520000.0,107870000.0,108142000.0,96.18142628
2026-08-28T18:00:00,108122000.0,108147000.0,107452000.0,107876000.0,38.41375715
2026-08-28T19:00:00,107876000.0,108394000.0,107715000.0,107963000.0,41.75878487
2026-08-28T20:00:00,107963000.0,107963000.0,107500000.0,107585000.0,37.89119371
2026-08-28T21:00:00,107585000.0,107687000.0,107200000.0,107213000.0,61.74895375
2026-08-28T22:00:00,107217000.0,107804000.0,107185000.0,107770000.0,50.97097109
2026-08-28T23:00:00,107764000.0,107777000.0,107566000.0,107744000.0,45.11484294
2026-08-29T00:00:00,107771000.0,108246000.0,107649000.0,107975000.0,70.37207205
2026-08-29T01:00:00,107998000.0,108120000.0,107801000.0,108003000.0,32.60548617
2026-08-29T02:00:00,108003000.0,108067000.0,107739000.0,107984000.0,31.33309385
2026-08-29T03:00:00,107985000.0,108043000.0,107533000.0,107538000.0,28.52549355
2026-08-29T04:00:00,107538000.0,107700000.0,107485000.0,107700000.0,53.10535088
2026-08-29T05:00:00,107700000.0,107848000.0,107698000.0,107774000.0,26.33578724
2026-08-29T06:00:00,107751000.0,107797000.0,107420000.0,107522000.0,35.09785652
2026-08-29T07:00:00,107521000.0,107750000.0,107498000.0,107730000.0,29.78263424
2026-08-29T08:00:00,107730000.0,107750000.0,107550000.0,107750000.0,14.9267771
2026-08-29T09:00:00,107743000.0,107914000.0,107712000.0,107848000.0,22.38369317
2026-08-29T10:00:00,107848000.0,108001000.0,107712000.0,107891000.0,18.28260018
2026-08-29T11:00:00,107891000.0,108001000.0,107798000.0,107848000.0,12.67474476
2026-08-29T12:00:00,107833000.0,107930000.0,107787000.0,107855000.0,14.77543914
2026-08-29T13:00:00,107855000.0,108041000.0,107823000.0,108030000.0,11.95913684
2026-08-29T14:00:00,108028000.0,108627000.0,107977000.0,108483000.0,29.29971183
2026-08-29T15:00:00,108483000.0,108491000.0,108182000.0,108265000.0,21.26564304
2026-08-29T16:00:00,108281000.0,108537000.0,108197000.0,108504000.0,17.94282236
2026-08-29T17:00:00,108504000.0,108630000.0,108380000.0,108600000.0,11.04058818
2026-08-29T18:00:00,108585000.0,108778000.0,108540000.0,108706000.0,9.89044835
2026-08-29T19:00:00,108769000.0,108899000.0,108660000.0,108758000.0,10.33876052
2026-08-29T20:00:00,108785000.0,108899000.0,108657000.0,108706000.0,7.13047628
2026-08-29T21:00:00,108706000.0,108772000.0,108507000.0,108671000.0,13.66365876
2026-08-29T22:00:00,108664000.0,108770000.0,108549000.0,108768000.0,12.00142333
2026-08-29T23:00:00,108768000.0,108863000.0,108702000.0,108746000.0,16.05426658
2026-08-30T00:00:00,108747000.0,108838000.0,108746000.0,108746000.0,19.49376112
2026-08-30T01:00:00,108750000.0,108750000.0,108360000.0,108501000.0,24.33547389
2026-08-30T02:00:00,108501000.0,108554000.0,108368000.0,108554000.0,14.24982468
2026-08-30T03:00:00,108552000.0,108640000.0,108418000.0,108558000.0,10.50054911
2026-08-30T04:00:00,108559000.0,108655000.0,108378000.0,108420000.0,19.23944017
2026-08-30T05:00:00,108485000.0,108574000.0,108400000.0,108423000.0,8.8256251
2026-08-30T06:00:00,108487000.0,108629000.0,108422000.0,108618000.0,13.16190056
2026-08-30T07:00:00,108619000.0,108673000.0,108507000.0,108534000.0,11.03231145
2026-08-30T08:00:00,108516000.0,108598000.0,108400000.0,108426000.0,8.99199901
2026-08-30T09:00:00,108475000.0,108505000.0,108204000.0,108255000.0,16.46457197
2026-08-30T10:00:00,108255000.0,108559000.0,108198000.0,108552000.0,18.29401272
2026-08-30T11:00:00,108494000.0,108600000.0,108329000.0,108401000.0,20.96075445
2026-08-30T12:00:00,108401000.0,109355000.0,108398000.0,109322000.0,86.23525501
2026-08-30T13:00:00,109354000.0,109768000.0,109155000.0,109613000.0,76.39636904
2026-08-30T14:00:00,109613000.0,109701000.0,109305000.0,109370000.0,28.20631332
2026-08-30T15:00:00,109357000.0,109500000.0,109239000.0,109365000.0,24.98086471
2026-08-30T16:00:00,109365000.0,110000000.0,109300000.0,109915000.0,50.87808282
2026-08-30T17:00:00,109970000.0,109991000.0,109295000.0,109553000.0,17.93238962
2026-08-30T18:00:00,109553000.0,109700000.0,109286000.0,109511000.0,8.06329786
2026-08-30T19:00:00,109511000.0,109553000.0,109150000.0,109363000.0,6.46349097
2026-08-30T20:00:00,109363000.0,109443000.0,108800000.0,109095000.0,19.64823263
2026-08-30T21:00:00,109100000.0,109268000.0,108700000.0,109187000.0,29.48785808
2026-08-30T22:00:00,109187000.0,109431000.0,108811000.0,108949000.0,27.34905515
2026-08-30T23:00:00,109009000.0,109009000.0,107414000.0,108031000.0,151.92307975
2026-08-31T00:00:00,108025000.0,108608000.0,107526000.0,108289000.0,87.99656493
2026-08-31T01:00:00,108289000.0,108293000.0,107700000.0,107700000.0,55.46337957
2026-08-31T02:00:00,107701000.0,108123000.0,107400000.0,107401000.0,58.84429964
2026-08-31T03:00:00,107412000.0,107900000.0,107400000.0,107664000.0,32.96837482
2026-08-31T04:00:00,107664000.0,107693000.0,107255000.0,107457000.0,61.28177534
2026-08-31T05:00:00,107457000.0,108121000.0,107356000.0,107980000.0,31.83009953
2026-08-31T06:00:00,108048000.0,108075000.0,107728000.0,107896000.0,30.98272192
2026-08-31T07:00:00,107897000.0,108217000.0,107737000.0,108076000.0,33.26569637
2026-08-31T08:00:00,108044000.0,108374000.0,107601000.0,108372000.0,60.01704111
2026-08-31T09:00:00,108374000.0,108893000.0,108244000.0,108429000.0,64.13440919
2026-08-31T10:00:00,108448000.0,108580000.0,108213000.0,108580000.0,24.35586623
2026-08-31T11:00:00,108580000.0,108662000.0,108075000.0,108077000.0,26.1790639
2026-08-31T12:00:00,108077000.0,108300000.0,107401000.0,107547000.0,66.50142277
2026-08-31T13:00:00,107547000.0,108000000.0,107403000.0,107481000.0,41.43390448
2026-08-31T14:00:00,107481000.0,108419000.0,107455000.0,108296000.0,47.07692293
2026-08-31T15:00:00,108296000.0,108557000.0,107921000.0,108302000.0,30.13819682
2026-08-31T16:00:00,108370000.0,108669000.0,108300000.0,108500000.0,18.19287282
2026-08-31T17:00:00,108518000.0,108789000.0,108282000.0,108748000.0,14.18405636
2026-08-31T18:00:00,108723000.0,108980000.0,108425000.0,108795000.0,15.95810883
2026-08-31T19:00:00,108795000.0,109000000.0,108533000.0,108614000.0,16.21619652
2026-08-31T20:00:00,108615000.0,108910000.0,108500000.0,108691000.0,10.77208652
2026-08-31T21:00:00,108700000.0,108889000.0,108500000.0,108835000.0,16.57576893
2026-08-31T22:00:00,108835000.0,108839000.0,108254000.0,108278000.0,18.01476058
2026-08-31T23:00:00,108273000.0,108305000.0,108042000.0,108304000.0,31.70860229
2026-09-01T00:00:00,108304000.0,108600000.0,108165000.0,108400000.0,40.41743303
2026-09-01T01:00:00,108454000.0,108584000.0,108097000.0,108157000.0,24.47657982
2026-09-01T02:00:00,108157000.0,108157000.0,107850000.0,108090000.0,27.93662493
2026-09-01T03:00:00,108090000.0,108600000.0,108004000.0,108406000.0,31.19606322
2026-09-01T04:00:00,108406000.0,108728000.0,108324000.0,108551000.0,23.65767305
2026-09-01T05:00:00,108551000.0,109214000.0,108538000.0,109213000.0,39.99264633
2026-09-01T06:00:00,109213000.0,109213000.0,108588000.0,108588000.0,30.54744025
2026-09-01T07:00:00,108588000.0,108711000.0,108291000.0,108403000.0,22.94474957
2026-09-01T08:00:00,108402000.0,108403000.0,107598000.0,107678000.0,73.87159708
2026-09-01T09:00:00,107698000.0,107753000.0,107556000.0,107600000.0,35.2834232
2026-09-01T10:00:00,107600000.0,107930000.0,107498000.0,107790000.0,40.71177123
2026-09-01T11:00:00,107780000.0,107940000.0,107601000.0,107850000.0,21.8043579
2026-09-01T12:00:00,107824000.0,108060000.0,107600000.0,107873000.0,39.44274399
2026-09-01T13:00:00,107873000.0,108000000.0,107280000.0,107739000.0,70.99105775
2026-09-01T14:00:00,107741000.0,108200000.0,107741000.0,107887000.0,32.85656445
2026-09-01T15:00:00,107887000.0,107925000.0,107488000.0,107605000.0,32.15266136
2026-09-01T16:00:00,107639000.0,107665000.0,107003000.0,107491000.0,70.37474239
2026-09-01T17:00:00,107504000.0,107543000.0,107029000.0,107029000.0,32.18457069
2026-09-01T18:00:00,107029000.0,107082000.0,106086000.0,106958000.0,123.00510401
2026-09-01T19:00:00,106958000.0,107364000.0,106846000.0,107030000.0,26.39856665
2026-09-01T20:00:00,107030000.0,107236000.0,106991000.0,107215000.0,14.65577384
2026-09-01T21:00:00,107214000.0,107323000.0,106697000.0,107049000.0,39.07116972
2026-09-01T22:00:00,107049000.0,107186000.0,106777000.0,107028000.0,33.23259177
2026-09-01T23:00:00,107000000.0,107214000.0,106863000.0,107005000.0,51.39240604
2026-09-02T00:00:00,107005000.0,107121000.0,106480000.0,106541000.0,69.94418296
2026-09-02T01:00:00,106510000.0,106715000.0,105740000.0,106095000.0,112.66377434
2026-09-02T02:00:00,106086000.0,106450000.0,106010000.0,106411000.0,42.94614583
2026-09-02T03:00:00,106411000.0,107000000.0,106338000.0,106712000.0,41.6174915
2026-09-02T04:00:00,106712000.0,106808000.0,106339000.0,106765000.0,20.05888077
2026-09-02T05:00:00,106773000.0,106979000.0,106662000.0,106876000.0,28.92677717
2026-09-02T06:00:00,106845000.0,106979000.0,106503000.0,106717000.0,25.34603592
2026-09-02T07:00:00,106717000.0,106965000.0,106590000.0,106600000.0,13.22237938
2026-09-02T08:00:00,106600000.0,106658000.0,105592000.0,105671000.0,65.48932195
2026-09-02T09:00:00,105668000.0,105900000.0,105141000.0,105349000.0,138.22560928
2026-09-02T10:00:00,105352000.0,105458000.0,104920000.0,105353000.0,106.94343436
2026-09-02T11:00:00,105353000.0,105446000.0,104801000.0,105352000.0,77.97724765
2026-09-02T12:00:00,105353000.0,105792000.0,105177000.0,105177000.0,80.26338853
2026-09-02T13:00:00,105177000.0,106091000.0,105030000.0,105702000.0,65.76191698
2026-09-02T14:00:00,105700000.0,106277000.0,105547000.0,105883000.0,36.308866
2026-09-02T15:00:00,105883000.0,106381000.0,105449000.0,106262000.0,32.0355666
2026-09-02T16:00:00,106260000.0,106534000.0,106121000.0,106121000.0,13.4342754
2026-09-02T17:00:00,106142000.0,106549000.0,105974000.0,106497000.0,13.44301192
2026-09-02T18:00:00,106497000.0,106641000.0,106273000.0,106437000.0,10.45361189
2026-09-02T19:00:00,106410000.0,106516000.0,106042000.0,106381000.0,12.32654336
2026-09-02T20:00:00,106395000.0,106637000.0,106237000.0,106549000.0,7.34329366
2026-09-02T21:00:00,106566000.0,106639000.0,106328000.0,106527000.0,12.45819818
2026-09-02T22:00:00,106526000.0,106526000.0,105997000.0,105998000.0,31.85303553
2026-09-02T23:00:00,105998000.0,106403000.0,105980000.0,106400000.0,19.31862845
2026-09-03T00:00:00,106400000.0,106463000.0,106000000.0,106001000.0,29.33366459
2026-09-03T01:00:00,106000000.0,106480000.0,105830000.0,106324000.0,42.83556974
2026-09-03T02:00:00,106326000.0,106914000.0,106150000.0,106840000.0,52.8149706
2026-09-03T03:00:00,106832000.0,106914000.0,106673000.0,106807000.0,32.80258892
2026-09-03T04:00:00,106815000.0,106879000.0,106623000.0,106854000.0,34.84630415
2026-09-03T05:00:00,106854000.0,106914000.0,106093000.0,106904000.0,51.15644885
2026-09-03T06:00:00,106904000.0,106914000.0,106728000.0,106822000.0,17.49100643
2026-09-03T07:00:00,106822000.0,107299000.0,106676000.0,106704000.0,53.02900648
2026-09-03T08:00:00,106704000.0,107200000.0,106690000.0,106931000.0,19.28908222
2026-09-03T09:00:00,106931000.0,107059000.0,106539000.0,106570000.0,14.88849531
2026-09-03T10:00:00,106577000.0,106785000.0,106464000.0,106686000.0,18.84292616
2026-09-03T11:00:00,106686000.0,107087000.0,106680000.0,107021000.0,27.84049798
2026-09-03T12:00:00,107021000.0,108125000.0,106919000.0,107998000.0,74.12264172
2026-09-03T13:00:00,107997000.0,108572000.0,107677000.0,108353000.0,107.39010156
2026-09-03T14:00:00,108353000.0,110605000.0,108163000.0,110530000.0,253.48674727
2026-09-03T15:00:00,110498000.0,111438000.0,110201000.0,111373000.0,205.44716309
2026-09-03T16:00:00,111411000.0,111445000.0,110267000.0,110590000.0,69.95662846
2026-09-03T17:00:00,110590000.0,110964000.0,110550000.0,110718000.0,30.65924591
2026-09-03T18:00:00,110748000.0,111048000.0,110533000.0,110900000.0,32.9303279
2026-09-03T19:00:00,110888000.0,111675000.0,110745000.0,111554000.0,71.13988452
2026-09-03T20:00:00,111576000.0,111680000.0,111058000.0,111100000.0,58.48271716
2026-09-03T21:00:00,111100000.0,112000000.0,110864000.0,111400000.0,116.99477879
2026-09-03T22:00:00,111402000.0,111446000.0,110390000.0,110696000.0,90.54158868
2026-09-03T23:00:00,110696000.0,110957000.0,110558000.0,110926000.0,55.15495332
2026-09-04T00:00:00,110937000.0,111392000.0,110714000.0,110854000.0,103.38248473
2026-09-04T01:00:00,110854000.0,110994000.0,110450000.0,110736000.0,95.93454977
2026-09-04T02:00:00,110736000.0,110736000.0,110250000.0,110320000.0,43.56961961
2026-09-04T03:00:00,110320000.0,110632000.0,110320000.0,110435000.0,32.11644056
2026-09-04T04:00:00,110427000.0,110936000.0,110384000.0,110752000.0,42.28487741
2026-09-04T05:00:00,110791000.0,110861000.0,110477000.0,110721000.0,31.39392607
2026-09-04T06:00:00,110702000.0,110722000.0,110124000.0,110169000.0,47.96189991
2026-09-04T07:00:00,110169000.0,110572000.0,110160000.0,110226000.0,29.83434337
2026-09-04T08:00:00,110259000.0,110951000.0,110077000.0,110768000.0,37.03740851
2026-09-04T09:00:00,110768000.0,111000000.0,110612000.0,110844000.0,45.00628558
2026-09-04T10:00:00,110844000.0,110967000.0,110603000.0,110967000.0,28.30219135
2026-09-04T11:00:00,110967000.0,111252000.0,110965000.0,111150000.0,70.86473057
2026-09-04T12:00:00,111185000.0,111217000.0,108571000.0,108692000.0,352.6461162
2026-09-04T13:00:00,108691000.0,108888000.0,108071000.0,108616000.0,170.92652948
2026-09-04T14:00:00,108616000.0,108799000.0,107713000.0,108123000.0,99.91705859
2026-09-04T15:00:00,108123000.0,108900000.0,107890000.0,108776000.0,50.59912097
2026-09-04T16:00:00,108775000.0,109301000.0,108681000.0,109160000.0,35.88409004
2026-09-04T17:00:00,109160000.0,109199000.0,108738000.0,108878000.0,13.06322554
2026-09-04T18:00:00,108878000.0,109064000.0,108806000.0,109023000.0,14.42973279
2026-09-04T19:00:00,109023000.0,109250000.0,108986000.0,109200000.0,11.13349098
2026-09-04T20:00:00,109200000.0,109290000.0,109139000.0,109140000.0,10.32673459
2026-09-04T21:00:00,109140000.0,109353000.0,109082000.0,109286000.0,16.96206122
2026-09-04T22:00:00,109310000.0,109324000.0,109155000.0,109170000.0,11.29310811
2026-09-04T23:00:00,109170000.0,109285000.0,109073000.0,109126000.0,21.88406236
2026-09-05T00:00:00,109147000.0,109261000.0,109110000.0,109147000.0,22.30171644
2026-09-05T01:00:00,109148000.0,109279000.0,109114000.0,109114000.0,21.22598147
2026-09-05T02:00:00,109114000.0,109140000.0,108964000.0,109018000.0,27.92454478
2026-09-05T03:00:00,109018000.0,109079000.0,108969000.0,109009000.0,8.57373057
2026-09-05T04:00:00,109009000.0,109013000.0,108793000.0,108858000.0,14.55715717
2026-09-05T05:00:00,108858000.0,108933000.0,108797000.0,108845000.0,20.44529451
2026-09-05T06:00:00,108880000.0,109000000.0,108797000.0,108944000.0,10.71327449
2026-09-05T07:00:00,108944000.0,109096000.0,108903000.0,109032000.0,13.7050324
2026-09-05T08:00:00,109050000.0,109091000.0,108848000.0,108925000.0,18.04318099
2026-09-05T09:00:00,108925000.0,109100000.0,108863000.0,108884000.0,14.91635451
2026-09-05T10:00:00,108884000.0,109039000.0,108836000.0,108977000.0,23.71869975
2026-09-05T11:00:00,108971000.0,109037000.0,108866000.0,108892000.0,21.04705394
2026-09-05T12:00:00,108895000.0,109008000.0,108890000.0,108965000.0,14.35522142
2026-09-05T13:00:00,108965000.0,108978000.0,108804000.0,108911000.0,23.51931476
2026-09-05T14:00:00,108911000.0,108965000.0,108818000.0,108950000.0,14.819027
2026-09-05T15:00:00,108950000.0,108963000.0,108914000.0,108936000.0,9.41428378
2026-09-05T16:00:00,108960000.0,109602000.0,108921000.0,109396000.0,38.14617587
2026-09-05T17:00:00,109297000.0,109518000.0,109253000.0,109264000.0,16.757755
2026-09-05T18:00:00,109276000.0,109337000.0,109093000.0,109217000.0,8.6260629
2026-09-05T19:00:00,109217000.0,109225000.0,108834000.0,108898000.0,13.80691136
2026-09-05T20:00:00,108866000.0,108975000.0,108820000.0,108900000.0,7.58125417
2026-09-05T21:00:00,108867000.0,109114000.0,108856000.0,109024000.0,8.30737367
2026-09-05T22:00:00,109102000.0,109120000.0,108916000.0,108924000.0,22.53656392
2026-09-05T23:00:00,108924000.0,109100000.0,108866000.0,108998000.0,11.25177379
2026-09-06T00:00:00,108954000.0,109220000.0,108910000.0,109049000.0,24.20598957
2026-09-06T01:00:00,109051000.0,109250000.0,109049000.0,109180000.0,21.81649035
2026-09-06T02:00:00,109180000.0,109259000.0,109110000.0,109123000.0,15.04679855
2026-09-06T03:00:00,109123000.0,109280000.0,109094000.0,109224000.0,17.55177999
2026-09-06T04:00:00,109227000.0,109269000.0,109000000.0,109000000.0,15.59320733
2026-09-06T05:00:00,109013000.0,109241000.0,108901000.0,108971000.0,17.93438227
2026-09-06T06:00:00,108990000.0,109019000.0,108712000.0,108801000.0,30.46502786
2026-09-06T07:00:00,108802000.0,109000000.0,108600000.0,108883000.0,28.22361691
2026-09-06T08:00:00,108884000.0,108955000.0,108792000.0,108875000.0,12.01029083
2026-09-06T09:00:00,108875000.0,109064000.0,108841000.0,108902000.0,10.87424944
2026-09-06T10:00:00,108934000.0,109061000.0,108890000.0,109061000.0,7.65983163
2026-09-06T11:00:00,109050000.0,109062000.0,108897000.0,108919000.0,23.04582696
2026-09-06T12:00:00,108919000.0,109016000.0,108884000.0,108956000.0,19.18288278
2026-09-06T13:00:00,108956000.0,108970000.0,108745000.0,108747000.0,25.5168975
2026-09-06T14:00:00,108772000.0,108866000.0,108191000.0,108590000.0,62.4552954
2026-09-06T15:00:00,108591000.0,108728000.0,108372000.0,108674000.0,20.73809274
2026-09-06T16:00:00,108700000.0,108833000.0,108627000.0,108660000.0,13.06033348
2026-09-06T17:00:00,108660000.0,108733000.0,108455000.0,108705000.0,7.92711817
2026-09-06T18:00:00,108652000.0,108979000.0,108636000.0,108966000.0,5.76313008
2026-09-06T19:00:00,108965000.0,108965000.0,108745000.0,108745000.0,1.91105704
2026-09-06T20:00:00,108745000.0,108963000.0,108745000.0,108921000.0,7.15430894
2026-09-06T21:00:00,108921000.0,108924000.0,108791000.0,108798000.0,15.23777988
2026-09-06T22:00:00,108798000.0,108967000.0,108500000.0,108966000.0,35.13573611
2026-09-06T23:00:00,108966000.0,109613000.0,108963000.0,109407000.0,54.4539867
2026-09-07T00:00:00,109407000.0,109556000.0,108757000.0,108769000.0,56.0736597
2026-09-07T01:00:00,108777000.0,108944000.0,108390000.0,108829000.0,46.30273867
2026-09-07T02:00:00,108829000.0,109328000.0,108669000.0,108734000.0,47.8746357
2026-09-07T03:00:00,108700000.0,108923000.0,108538000.0,108560000.0,20.63959629
2026-09-07T04:00:00,108550000.0,108662000.0,108500000.0,108662000.0,25.12026645
2026-09-07T05:00:00,108662000.0,108864000.0,108640000.0,108719000.0,12.11629125
2026-09-07T06:00:00,108716000.0,108768000.0,108424000.0,108456000.0,34.97441644
2026-09-07T07:00:00,108456000.0,108499000.0,107870000.0,108253000.0,69.97025019
2026-09-07T08:00:00,108253000.0,108387000.0,108160000.0,108168000.0,17.84242266
2026-09-07T09:00:00,108168000.0,108300000.0,107954000.0,107969000.0,23.68162751
2026-09-07T10:00:00,107980000.0,108162000.0,107960000.0,107984000.0,13.51081726
2026-09-07T11:00:00,107981000.0,108168000.0,107904000.0,108167000.0,18.35743283
2026-09-07T12:00:00,108167000.0,108400000.0,108108000.0,108390000.0,30.27276483
2026-09-07T13:00:00,108390000.0,108401000.0,107954000.0,108015000.0,51.58001521
2026-09-07T14:00:00,108047000.0,108048000.0,107700000.0,107936000.0,73.26471755
2026-09-07T15:00:00,107936000.0,107942000.0,107420000.0,107607000.0,49.14601806
2026-09-07T16:00:00,107630000.0,107889000.0,107554000.0,107873000.0,20.58712138
2026-09-07T17:00:00,107874000.0,108044000.0,107798000.0,108042000.0,5.30266067
2026-09-07T18:00:00,108044000.0,108075000.0,107901000.0,108051000.0,6.02078857
2026-09-07T19:00:00,108013000.0,108300000.0,107900000.0,108165000.0,6.60488366
2026-09-07T20:00:00,108217000.0,108217000.0,107943000.0,107960000.0,3.72257515
2026-09-07T21:00:00,107960000.0,108046000.0,107925000.0,107925000.0,7.80761896
2026-09-07T22:00:00,107925000.0,107976000.0,107353000.0,107565000.0,31.84779866
2026-09-07T23:00:00,107583000.0,107885000.0,107565000.0,107714000.0,29.75966027
2026-09-08T00:00:00,107765000.0,107787000.0,107327000.0,107745000.0,59.17341835
2026-09-08T01:00:00,107769000.0,107914000.0,107670000.0,107834000.0,31.63964876
2026-09-08T02:00:00,107811000.0,107847000.0,107255000.0,107255000.0,48.96313932
2026-09-08T03:00:00,107255000.0,107300000.0,107000000.0,107002000.0,57.6925793
2026-09-08T04:00:00,107001000.0,107064000.0,106859000.0,106887000.0,59.00943232
2026-09-08T05:00:00,106888000.0,107068000.0,106718000.0,106892000.0,32.57424868
2026-09-08T06:00:00,106892000.0,106941000.0,106525000.0,106535000.0,51.48377647
2026-09-08T07:00:00,106535000.0,106900000.0,106342000.0,106715000.0,44.11043099
2026-09-08T08:00:00,106715000.0,106767000.0,106450000.0,106565000.0,22.15388232
2026-09-08T09:00:00,106565000.0,106985000.0,106480000.0,106871000.0,26.22723515
2026-09-08T10:00:00,106871000.0,107140000.0,106614000.0,106634000.0,23.11907226
2026-09-08T11:00:00,106634000.0,106634000.0,106316000.0,106475000.0,36.7055078
2026-09-08T12:00:00,106475000.0,106554000.0,106250000.0,106483000.0,42.74550394
2026-09-08T13:00:00,106483000.0,106623000.0,105789000.0,106078000.0,142.36093083
2026-09-08T14:00:00,106078000.0,106643000.0,105936000.0,106533000.0,38.8476107
2026-09-08T15:00:00,106564000.0,106927000.0,106392000.0,106909000.0,29.54156676
2026-09-08T16:00:00,106927000.0,106927000.0,106470000.0,106666000.0,23.74175142
2026-09-08T17:00:00,106675000.0,106878000.0,106408000.0,106408000.0,9.16833994
2026-09-08T18:00:00,106422000.0,106749000.0,106173000.0,106362000.0,10.73253871
2026-09-08T19:00:00,106362000.0,106465000.0,106180000.0,106249000.0,5.94796433
2026-09-08T20:00:00,106248000.0,106603000.0,106248000.0,106542000.0,8.60868794
2026-09-08T21:00:00,106511000.0,106613000.0,106288000.0,106431000.0,14.2056104
2026-09-08T22:00:00,106431000.0,106697000.0,106356000.0,106537000.0,12.07580621
2026-09-08T23:00:00,106537000.0,106542000.0,106344000.0,106367000.0,17.98975587
2026-09-09T00:00:00,106367000.0,106948000.0,106310000.0,106874000.0,37.04494879
2026-09-09T01:00:00,106874000.0,106960000.0,106665000.0,106959000.0,33.80238591
2026-09-09T02:00:00,106959000.0,106974000.0,106781000.0,106838000.0,22.12835357
2026-09-09T03:00:00,106817000.0,106817000.0,106590000.0,106785000.0,16.69160939
2026-09-09T04:00:00,106785000.0,107200000.0,106737000.0,107199000.0,27.21428041
2026-09-09T05:00:00,107198000.0,107354000.0,106854000.0,106945000.0,43.3622629
2026-09-09T06:00:00,106991000.0,107303000.0,106842000.0,107024000.0,17.78113933
2026-09-09T07:00:00,107012000.0,107250000.0,106884000.0,106978000.0,17.84046109
2026-09-09T08:00:00,106978000.0,107665000.0,106978000.0,107589000.0,44.0369092
2026-09-09T09:00:00,107588000.0,107664000.0,106894000.0,106969000.0,51.60150277
2026-09-09T10:00:00,106969000.0,107217000.0,106879000.0,106973000.0,26.16875548
2026-09-09T11:00:00,106973000.0,107503000.0,106737000.0,107426000.0,40.57430322
2026-09-09T12:00:00,107440000.0,107588000.0,107266000.0,107567000.0,27.92036389
2026-09-09T13:00:00,107567000.0,107587000.0,106899000.0,106928000.0,39.59471912
2026-09-09T14:00:00,106928000.0,107388000.0,106679000.0,106800000.0,29.1146009
2026-09-09T15:00:00,106820000.0,107397000.0,106012000.0,106526000.0,70.68058644
2026-09-09T16:00:00,106526000.0,106892000.0,106352000.0,106660000.0,24.35178462
2026-09-09T17:00:00,106660000.0,106839000.0,106553000.0,106720000.0,7.29240708
2026-09-09T18:00:00,106719000.0,106740000.0,106226000.0,106234000.0,9.27139059
2026-09-09T19:00:00,106225000.0,106523000.0,106060000.0,106178000.0,17.9128404
2026-09-09T20:00:00,106235000.0,106500000.0,106000000.0,106499000.0,16.9410894
2026-09-09T21:00:00,106499000.0,106523000.0,106095000.0,106189000.0,20.40013268
2026-09-09T22:00:00,106189000.0,106329000.0,105995000.0,105996000.0,38.31891987
2026-09-09T23:00:00,105998000.0,106446000.0,105996000.0,106402000.0,29.46315423
2026-09-10T00:00:00,106402000.0,106575000.0,106001000.0,106040000.0,32.5925846
2026-09-10T01:00:00,106044000.0,106400000.0,105950000.0,106000000.0,60.02772201
2026-09-10T02:00:00,106000000.0,106306000.0,105805000.0,106266000.0,39.08637217
2026-09-10T03:00:00,106266000.0,106464000.0,106176000.0,106267000.0,20.48310873
2026-09-10T04:00:00,106267000.0,106448000.0,106095000.0,106206000.0,83.1196615
2026-09-10T05:00:00,106224000.0,106452000.0,106051000.0,106405000.0,33.76374886
2026-09-10T06:00:00,106401000.0,106488000.0,106064000.0,106450000.0,19.20064283
2026-09-10T07:00:00,106451000.0,106451000.0,105922000.0,106176000.0,28.17958005
2026-09-10T08:00:00,106176000.0,106243000.0,106060000.0,106128000.0,14.34745082
2026-09-10T09:00:00,106128000.0,106184000.0,105989000.0,105992000.0,17.15332745
2026-09-10T10:00:00,106000000.0,106087000.0,105900000.0,105927000.0,16.40928292
2026-09-10T11:00:00,105916000.0,106182000.0,105706000.0,105829000.0,42.72956049
2026-09-10T12:00:00,105829000.0,106149000.0,104900000.0,105011000.0,176.75138633
2026-09-10T13:00:00,105011000.0,105505000.0,104897000.0,105470000.0,85.81895138
2026-09-10T14:00:00,105470000.0,105686000.0,105084000.0,105651000.0,38.59239017
2026-09-10T15:00:00,105650000.0,105674000.0,105263000.0,105450000.0,19.93301262
2026-09-10T16:00:00,105450000.0,105606000.0,105071000.0,105525000.0,16.17265624
2026-09-10T17:00:00,105525000.0,105938000.0,105500000.0,105707000.0,25.05186406
2026-09-10T18:00:00,105645000.0,105707000.0,105204000.0,105585000.0,19.30444972
2026-09-10T19:00:00,105585000.0,105601000.0,105312000.0,105430000.0,16.57044964
2026-09-10T20:00:00,105472000.0,105648000.0,105397000.0,105617000.0,9.72086991
2026-09-10T21:00:00,105617000.0,105632000.0,105380000.0,105459000.0,16.31795475
2026-09-10T22:00:00,105458000.0,105503000.0,105060000.0,105078000.0,26.04626853
2026-09-10T23:00:00,105078000.0,105126000.0,104712000.0,104712000.0,78.81947233
2026-09-11T00:00:00,104721000.0,105085000.0,104710000.0,105042000.0,56.47401186
2026-09-11T01:00:00,105041000.0,105154000.0,104788000.0,105098000.0,25.06501915
2026-09-11T02:00:00,105109000.0,105150000.0,104855000.0,104954000.0,26.33796206
2026-09-11T03:00:00,104955000.0,105036000.0,104800000.0,104890000.0,30.76468687
2026-09-11T04:00:00,104894000.0,105214000.0,104894000.0,105152000.0,25.33580862
2026-09-11T05:00:00,105160000.0,105250000.0,105026000.0,105250000.0,22.15904305
2026-09-11T06:00:00,105249000.0,105500000.0,105243000.0,105373000.0,18.02887347
2026-09-11T07:00:00,105373000.0,105500000.0,105200000.0,105249000.0,14.26176434
2026-09-11T08:00:00,105248000.0,105498000.0,105153000.0,105358000.0,18.34816063
2026-09-11T09:00:00,105384000.0,105500000.0,104800000.0,104999000.0,37.33184078
2026-09-11T10:00:00,104999000.0,105159000.0,104912000.0,105125000.0,14.88140499
2026-09-11T11:00:00,105123000.0,105154000.0,104826000.0,105154000.0,21.64497921
2026-09-11T12:00:00,105154000.0,106716000.0,104220000.0,106499000.0,227.23045368
2026-09-11T13:00:00,106499000.0,107600000.0,105438000.0,107599000.0,192.96666451
2026-09-11T14:00:00,107599000.0,108242000.0,106596000.0,106851000.0,171.59939684
2026-09-11T15:00:00,106851000.0,106979000.0,105097000.0,105598000.0,103.5492155
2026-09-11T16:00:00,105598000.0,105943000.0,105075000.0,105784000.0,66.31897822
2026-09-11T17:00:00,105747000.0,105784000.0,105170000.0,105226000.0,17.93181034
2026-09-11T18:00:00,105226000.0,105226000.0,104500000.0,104799000.0,49.0371216
2026-09-11T19:00:00,104800000.0,105173000.0,104711000.0,105138000.0,14.51770389
2026-09-11T20:00:00,105130000.0,105388000.0,104976000.0,105114000.0,17.5630815
2026-09-11T21:00:00,105132000.0,105300000.0,104886000.0,104898000.0,13.54380293
2026-09-11T22:00:00,104898000.0,105105000.0,104774000.0,105013000.0,20.26543429
2026-09-11T23:00:00,105013000.0,105286000.0,104972000.0,105188000.0,20.65038023
2026-09-12T00:00:00,105217000.0,105483000.0,105186000.0,105373000.0,15.14146062
2026-09-12T01:00:00,105400000.0,105458000.0,105250000.0,105260000.0,12.65285955
2026-09-12T02:00:00,105260000.0,105322000.0,105040000.0,105082000.0,12.47918787
2026-09-12T03:00:00,105056000.0,105104000.0,104950000.0,105010000.0,13.0066571
2026-09-12T04:00:00,105010000.0,105076000.0,104950000.0,104954000.0,11.88104882
2026-09-12T05:00:00,104955000.0,105055000.0,104899000.0,104980000.0,22.10916089
2026-09-12T06:00:00,104990000.0,105086000.0,104950000.0,105050000.0,8.59027869
2026-09-12T07:00:00,105050000.0,105086000.0,104989000.0,105053000.0,11.22309899
2026-09-12T08:00:00,105072000.0,105278000.0,105044000.0,105217000.0,11.90699044
2026-09-12T09:00:00,105210000.0,105343000.0,105125000.0,105128000.0,12.49076788
2026-09-12T10:00:00,105128000.0,105311000.0,105112000.0,105216000.0,10.91828074
2026-09-12T11:00:00,105212000.0,105257000.0,105101000.0,105230000.0,8.03053494
2026-09-12T12:00:00,105228000.0,105254000.0,105079000.0,105236000.0,12.31924806
2026-09-12T13:00:00,105136000.0,105257000.0,105136000.0,105241000.0,16.78267739
2026-09-12T14:00:00,105242000.0,105500000.0,105197000.0,105489000.0,14.05447908
2026-09-12T15:00:00,105481000.0,105489000.0,105195000.0,105199000.0,24.37151831
2026-09-12T16:00:00,105199000.0,105273000.0,105075000.0,105113000.0,5.27090816
2026-09-12T17:00:00,105114000.0,105205000.0,104917000.0,104928000.0,10.65376759
2026-09-12T18:00:00,104917000.0,104954000.0,104874000.0,104890000.0,13.55129386
2026-09-12T19:00:00,104902000.0,105014000.0,104870000.0,104927000.0,4.77770542
2026-09-12T20:00:00,104926000.0,105008000.0,104887000.0,104971000.0,2.42120462
2026-09-12T21:00:00,105002000.0,105116000.0,104970000.0,105100000.0,7.56224986
2026-09-12T22:00:00,105100000.0,105129000.0,104967000.0,105026000.0,5.6773279
2026-09-12T23:00:00,105026000.0,105151000.0,104992000.0,105083000.0,9.54160692
2026-09-13T00:00:00,105085000.0,105183000.0,105082000.0,105149000.0,10.87275907
2026-09-13T01:00:00,105149000.0,105343000.0,105118000.0,105328000.0,20.48054141
2026-09-13T02:00:00,105342000.0,105343000.0,105035000.0,105117000.0,14.14555677
2026-09-13T03:00:00,105117000.0,105280000.0,105000000.0,105054000.0,22.11296833
2026-09-13T04:00:00,105054000.0,105219000.0,105000000.0,105041000.0,10.34702401
2026-09-13T05:00:00,105041000.0,105072000.0,104980000.0,105021000.0,13.10213426
2026-09-13T06:00:00,105021000.0,105100000.0,104876000.0,104878000.0,22.29888309
2026-09-13T07:00:00,104878000.0,105000000.0,104878000.0,104895000.0,11.23389637
2026-09-13T08:00:00,104896000.0,104897000.0,104589000.0,104629000.0,32.29880947
2026-09-13T09:00:00,104629000.0,104724000.0,104300000.0,104613000.0,36.73283773
2026-09-13T10:00:00,104588000.0,104614000.0,104337000.0,104378000.0,15.15452191
2026-09-13T11:00:00,104378000.0,104555000.0,104222000.0,104469000.0,42.39303329
2026-09-13T12:00:00,104469000.0,104659000.0,104417000.0,104500000.0,25.78930867
2026-09-13T13:00:00,104519000.0,104789000.0,104302000.0,104728000.0,33.54035269
2026-09-13T14:00:00,104730000.0,105085000.0,104666000.0,105002000.0,31.59405228
2026-09-13T15:00:00,105002000.0,105130000.0,104772000.0,105099000.0,13.24194425
2026-09-13T16:00:00,105099000.0,105296000.0,105099000.0,105209000.0,14.58821135
2026-09-13T17:00:00,105178000.0,105300000.0,105047000.0,105077000.0,6.58833801
2026-09-13T18:00:00,105060000.0,105129000.0,105020000.0,105094000.0,4.39902503
2026-09-13T19:00:00,105094000.0,105129000.0,104806000.0,104991000.0,6.50587863
2026-09-13T20:00:00,104971000.0,105106000.0,104887000.0,105001000.0,5.19040603
2026-09-13T21:00:00,105001000.0,105154000.0,104984000.0,104986000.0,7.65825081
2026-09-13T22:00:00,104986000.0,104998000.0,104337000.0,104401000.0,39.73949192
2026-09-13T23:00:00,104399000.0,104639000.0,104271000.0,104523000.0,31.9253137
2026-09-14T00:00:00,104564000.0,104865000.0,104086000.0,104651000.0,48.92416457
